split,class_name,label,source_type,genus,filename_species,individual_id,museum,position,layer,tooth_type,direction,relative_path
train,hoolock,0,museum_style,Hoolock,hoolock,AMNH112688,AMNH,p1,l1,M1,L,train/hoolock/hoolock-AMNH-KIZ-style/AMNH112688/Hoolock#hoolock#AMNH112688#s#v#p1#l1#M1#L_style.jpg
train,hoolock,0,museum_style,Hoolock,hoolock,AMNH112688,AMNH,p1,l1,M2,L,train/hoolock/hoolock-AMNH-KIZ-style/AMNH112688/Hoolock#hoolock#AMNH112688#s#v#p1#l1#M2#L_style.jpg
train,hoolock,0,museum_style,Hoolock,hoolock,AMNH112688,AMNH,p1,l1,M3,L,train/hoolock/hoolock-AMNH-KIZ-style/AMNH112688/Hoolock#hoolock#AMNH112688#s#v#p1#l1#M3#L_style.jpg
train,hoolock,0,museum_style,Hoolock,hoolock,AMNH112688,AMNH,p2,l1,M1,L,train/hoolock/hoolock-AMNH-KIZ-style/AMNH112688/Hoolock#hoolock#AMNH112688#s#v#p2#l1#M1#L_style.jpg
train,hoolock,0,museum_style,Hoolock,hoolock,AMNH112688,AMNH,p2,l1,M2,L,train/hoolock/hoolock-AMNH-KIZ-style/AMNH112688/Hoolock#hoolock#AMNH112688#s#v#p2#l1#M2#L_style.jpg
train,hoolock,0,museum_style,Hoolock,hoolock,AMNH112688,AMNH,p2,l1,M3,L,train/hoolock/hoolock-AMNH-KIZ-style/AMNH112688/Hoolock#hoolock#AMNH112688#s#v#p2#l1#M3#L_style.jpg
train,hoolock,0,museum_style,Hoolock,hoolock,AMNH112688,AMNH,p3,l1,M2,L,train/hoolock/hoolock-AMNH-KIZ-style/AMNH112688/Hoolock#hoolock#AMNH112688#s#v#p3#l1#M2#L_style.jpg
train,hoolock,0,museum_style,Hoolock,hoolock,AMNH112688,AMNH,p3,l1,M3,L,train/hoolock/hoolock-AMNH-KIZ-style/AMNH112688/Hoolock#hoolock#AMNH112688#s#v#p3#l1#M3#L_style.jpg
train,hoolock,0,museum_style,Hoolock,hoolock,AMNH112689,AMNH,p1,l1,M1,L,train/hoolock/hoolock-AMNH-KIZ-style/AMNH112689/Hoolock#hoolock#AMNH112689#s#v#p1#l1#M1#L_style.jpg
train,hoolock,0,museum_style,Hoolock,hoolock,AMNH112689,AMNH,p1,l1,M1,R,train/hoolock/hoolock-AMNH-KIZ-style/AMNH112689/Hoolock#hoolock#AMNH112689#s#v#p1#l1#M1#R_style.jpg
train,hoolock,0,museum_style,Hoolock,hoolock,AMNH112692,AMNH,p1,l1,M2,R,train/hoolock/hoolock-AMNH-KIZ-style/AMNH112692/Hoolock#hoolock#AMNH112692#s#v#p1#l1#M2#R#B_style.jpg
train,hoolock,0,museum_style,Hoolock,hoolock,AMNH112692,AMNH,p2,l1,M2,R,train/hoolock/hoolock-AMNH-KIZ-style/AMNH112692/Hoolock#hoolock#AMNH112692#s#v#p2#l1#M2#R#B_style.jpg
train,hoolock,0,museum_style,Hoolock,hoolock,AMNH112692,AMNH,p2,l1,M3,R,train/hoolock/hoolock-AMNH-KIZ-style/AMNH112692/Hoolock#hoolock#AMNH112692#s#v#p2#l1#M3#R_style.jpg
train,hoolock,0,museum_style,Hoolock,hoolock,AMNH112694,AMNH,p1,l1,M1,R,train/hoolock/hoolock-AMNH-KIZ-style/AMNH112694/Hoolock#hoolock#AMNH112694#s#v#p1#l1#M1#R#B_style.jpg
train,hoolock,0,museum_style,Hoolock,hoolock,AMNH112694,AMNH,p1,l1,M2,R,train/hoolock/hoolock-AMNH-KIZ-style/AMNH112694/Hoolock#hoolock#AMNH112694#s#v#p1#l1#M2#R_style.jpg
train,hoolock,0,museum_style,Hoolock,hoolock,AMNH112694,AMNH,p1,l1,M3,R,train/hoolock/hoolock-AMNH-KIZ-style/AMNH112694/Hoolock#hoolock#AMNH112694#s#v#p1#l1#M3#R_style.jpg
train,hoolock,0,museum_style,Hoolock,hoolock,AMNH112694,AMNH,p2,l1,M2,L,train/hoolock/hoolock-AMNH-KIZ-style/AMNH112694/Hoolock#hoolock#AMNH112694#s#v#p2#l1#M2#L_style.jpg
train,hoolock,0,museum_style,Hoolock,hoolock,AMNH112694,AMNH,p2,l1,M3,L,train/hoolock/hoolock-AMNH-KIZ-style/AMNH112694/Hoolock#hoolock#AMNH112694#s#v#p2#l1#M3#L_style.jpg
train,hoolock,0,museum_style,Hoolock,hoolock,AMNH112695,AMNH,p1,l1,M1,L,train/hoolock/hoolock-AMNH-KIZ-style/AMNH112695/Hoolock#hoolock#AMNH112695#s#v#p1#l1#M1#L_style.jpg
train,hoolock,0,museum_style,Hoolock,hoolock,AMNH112696,AMNH,p1,l1,M2,R,train/hoolock/hoolock-AMNH-KIZ-style/AMNH112696/Hoolock#hoolock#AMNH112696#s#v#p1#l1#M2#R#B_style.jpg
train,hoolock,0,museum_style,Hoolock,hoolock,AMNH112696,AMNH,p2,l1,M2,R,train/hoolock/hoolock-AMNH-KIZ-style/AMNH112696/Hoolock#hoolock#AMNH112696#s#v#p2#l1#M2#R#B_style.jpg
train,hoolock,0,museum_style,Hoolock,hoolock,AMNH112696,AMNH,p2,l1,M3,R,train/hoolock/hoolock-AMNH-KIZ-style/AMNH112696/Hoolock#hoolock#AMNH112696#s#v#p2#l1#M3#R_style.jpg
train,hoolock,0,museum_style,Hoolock,hoolock,AMNH112696,AMNH,p3,l1,M2,R,train/hoolock/hoolock-AMNH-KIZ-style/AMNH112696/Hoolock#hoolock#AMNH112696#s#v#p3#l1#M2#R#B_style.jpg
train,hoolock,0,museum_style,Hoolock,hoolock,AMNH112696,AMNH,p3,l1,M3,R,train/hoolock/hoolock-AMNH-KIZ-style/AMNH112696/Hoolock#hoolock#AMNH112696#s#v#p3#l1#M3#R_style.jpg
train,hoolock,0,museum_style,Hoolock,hoolock,AMNH112697,AMNH,p1,l1,M3,L,train/hoolock/hoolock-AMNH-KIZ-style/AMNH112697/Hoolock#hoolock#AMNH112697#s#v#p1#l1#M3#L_style.jpg
train,hoolock,0,museum_style,Hoolock,hoolock,AMNH112697,AMNH,p2,l1,M1,L,train/hoolock/hoolock-AMNH-KIZ-style/AMNH112697/Hoolock#hoolock#AMNH112697#s#v#p2#l1#M1#L_style.jpg
train,hoolock,0,museum_style,Hoolock,hoolock,AMNH112697,AMNH,p3,l1,M3,L,train/hoolock/hoolock-AMNH-KIZ-style/AMNH112697/Hoolock#hoolock#AMNH112697#s#v#p3#l1#M3#L_style.jpg
train,hoolock,0,museum_style,Hoolock,hoolock,AMNH112699,AMNH,p1,l1,M1,R,train/hoolock/hoolock-AMNH-KIZ-style/AMNH112699/Hoolock#hoolock#AMNH112699#s#v#p1#l1#M1#R_style.jpg
train,hoolock,0,museum_style,Hoolock,hoolock,AMNH112700,AMNH,p1,l1,M2,L,train/hoolock/hoolock-AMNH-KIZ-style/AMNH112700/Hoolock#hoolock#AMNH112700#s#v#p1#l1#M2#L_style.jpg
train,hoolock,0,museum_style,Hoolock,hoolock,AMNH112700,AMNH,p1,l1,M2,R,train/hoolock/hoolock-AMNH-KIZ-style/AMNH112700/Hoolock#hoolock#AMNH112700#s#v#p1#l1#M2#R_style.jpg
train,hoolock,0,museum_style,Hoolock,hoolock,AMNH112701,AMNH,p1,l1,M1,R,train/hoolock/hoolock-AMNH-KIZ-style/AMNH112701/Hoolock#hoolock#AMNH112701#s#v#p1#l1#M1#R#A_style.jpg
train,hoolock,0,museum_style,Hoolock,hoolock,AMNH112701,AMNH,p1,l1,M2,R,train/hoolock/hoolock-AMNH-KIZ-style/AMNH112701/Hoolock#hoolock#AMNH112701#s#v#p1#l1#M2#R#A_style.jpg
train,hoolock,0,museum_style,Hoolock,hoolock,AMNH112701,AMNH,p2,l1,M1,R,train/hoolock/hoolock-AMNH-KIZ-style/AMNH112701/Hoolock#hoolock#AMNH112701#s#v#p2#l1#M1#R#A_style.jpg
train,hoolock,0,museum_style,Hoolock,hoolock,AMNH112701,AMNH,p2,l1,M2,R,train/hoolock/hoolock-AMNH-KIZ-style/AMNH112701/Hoolock#hoolock#AMNH112701#s#v#p2#l1#M2#R#A_style.jpg
train,hoolock,0,museum_style,Hoolock,hoolock,AMNH112701,AMNH,p3,l1,M1,L,train/hoolock/hoolock-AMNH-KIZ-style/AMNH112701/Hoolock#hoolock#AMNH112701#s#v#p3#l1#M1#L#A_style.jpg
train,hoolock,0,museum_style,Hoolock,hoolock,AMNH112701,AMNH,p3,l1,M2,L,train/hoolock/hoolock-AMNH-KIZ-style/AMNH112701/Hoolock#hoolock#AMNH112701#s#v#p3#l1#M2#L#A_style.jpg
train,hoolock,0,museum_style,Hoolock,hoolock,AMNH112701,AMNH,p3,l1,M3,L,train/hoolock/hoolock-AMNH-KIZ-style/AMNH112701/Hoolock#hoolock#AMNH112701#s#v#p3#l1#M3#L_style.jpg
train,hoolock,0,museum_style,Hoolock,hoolock,AMNH112702,AMNH,p1,l1,M1,L,train/hoolock/hoolock-AMNH-KIZ-style/AMNH112702/Hoolock#hoolock#AMNH112702#s#v#p1#l1#M1#L#B_style.jpg
train,hoolock,0,museum_style,Hoolock,hoolock,AMNH112702,AMNH,p2,l1,M3,L,train/hoolock/hoolock-AMNH-KIZ-style/AMNH112702/Hoolock#hoolock#AMNH112702#s#v#p2#l1#M3#L_style.jpg
train,hoolock,0,museum_style,Hoolock,hoolock,AMNH112703,AMNH,p1,l1,M1,R,train/hoolock/hoolock-AMNH-KIZ-style/AMNH112703/Hoolock#hoolock#AMNH112703#s#v#p1#l1#M1#R_style.jpg
train,hoolock,0,museum_style,Hoolock,hoolock,AMNH112703,AMNH,p1,l1,M2,R,train/hoolock/hoolock-AMNH-KIZ-style/AMNH112703/Hoolock#hoolock#AMNH112703#s#v#p1#l1#M2#R_style.jpg
train,hoolock,0,museum_style,Hoolock,hoolock,AMNH112703,AMNH,p3,l1,M3,R,train/hoolock/hoolock-AMNH-KIZ-style/AMNH112703/Hoolock#hoolock#AMNH112703#s#v#p3#l1#M3#R_style.jpg
train,hoolock,0,museum_style,Hoolock,hoolock,AMNH112704,AMNH,p1,l1,M2,L,train/hoolock/hoolock-AMNH-KIZ-style/AMNH112704/Hoolock#hoolock#AMNH112704#s#v#p1#l1#M2#L_style.jpg
train,hoolock,0,museum_style,Hoolock,hoolock,AMNH112704,AMNH,p1,l1,M3,L,train/hoolock/hoolock-AMNH-KIZ-style/AMNH112704/Hoolock#hoolock#AMNH112704#s#v#p1#l1#M3#L_style.jpg
train,hoolock,0,museum_style,Hoolock,hoolock,AMNH112704,AMNH,p2,l1,M2,L,train/hoolock/hoolock-AMNH-KIZ-style/AMNH112704/Hoolock#hoolock#AMNH112704#s#v#p2#l1#M2#L_style.jpg
train,hoolock,0,museum_style,Hoolock,hoolock,AMNH112704,AMNH,p2,l1,M3,L,train/hoolock/hoolock-AMNH-KIZ-style/AMNH112704/Hoolock#hoolock#AMNH112704#s#v#p2#l1#M3#L_style.jpg
train,hoolock,0,museum_style,Hoolock,hoolock,AMNH112706,AMNH,p1,l1,M2,L,train/hoolock/hoolock-AMNH-KIZ-style/AMNH112706/Hoolock#hoolock#AMNH112706#s#v#p1#l1#M2#L_style.jpg
train,hoolock,0,museum_style,Hoolock,hoolock,AMNH112706,AMNH,p2,l1,M2,L,train/hoolock/hoolock-AMNH-KIZ-style/AMNH112706/Hoolock#hoolock#AMNH112706#s#v#p2#l1#M2#L_style.jpg
train,hoolock,0,museum_style,Hoolock,hoolock,AMNH112706,AMNH,p2,l1,M3,L,train/hoolock/hoolock-AMNH-KIZ-style/AMNH112706/Hoolock#hoolock#AMNH112706#s#v#p2#l1#M3#L_style.jpg
train,hoolock,0,museum_style,Hoolock,hoolock,AMNH112710,AMNH,p1,l1,M1,L,train/hoolock/hoolock-AMNH-KIZ-style/AMNH112710/Hoolock#hoolock#AMNH112710#s#v#p1#l1#M1#L_style.jpg
train,hoolock,0,museum_style,Hoolock,hoolock,AMNH112710,AMNH,p1,l1,M2,L,train/hoolock/hoolock-AMNH-KIZ-style/AMNH112710/Hoolock#hoolock#AMNH112710#s#v#p1#l1#M2#L_style.jpg
train,hoolock,0,museum_style,Hoolock,hoolock,AMNH112710,AMNH,p2,l1,M2,L,train/hoolock/hoolock-AMNH-KIZ-style/AMNH112710/Hoolock#hoolock#AMNH112710#s#v#p2#l1#M2#L_style.jpg
train,hoolock,0,museum_style,Hoolock,hoolock,AMNH119624,AMNH,p1,l1,M1,R,train/hoolock/hoolock-AMNH-KIZ-style/AMNH119624/Hoolock#hoolock#AMNH119624#s#v#p1#l1#M1#R_style.jpg
train,hoolock,0,museum_style,Hoolock,hoolock,AMNH119624,AMNH,p2,l1,M1,R,train/hoolock/hoolock-AMNH-KIZ-style/AMNH119624/Hoolock#hoolock#AMNH119624#s#v#p2#l1#M1#R_style.jpg
train,hoolock,0,museum_style,Hoolock,hoolock,AMNH119624,AMNH,p2,l1,M2,R,train/hoolock/hoolock-AMNH-KIZ-style/AMNH119624/Hoolock#hoolock#AMNH119624#s#v#p2#l1#M2#R_style.jpg
train,hoolock,0,museum_style,Hoolock,hoolock,AMNH163630,AMNH,p2,l1,M1,R,train/hoolock/hoolock-AMNH-KIZ-style/AMNH163630/Hoolock#hoolock#AMNH163630#s#v#p2#l1#M1#R_style.jpg
train,hoolock,0,museum_style,Hoolock,hoolock,AMNH163630,AMNH,p2,l1,M2,R,train/hoolock/hoolock-AMNH-KIZ-style/AMNH163630/Hoolock#hoolock#AMNH163630#s#v#p2#l1#M2#R_style.jpg
train,hoolock,0,museum_style,Hoolock,hoolock,AMNH163630,AMNH,p3,l1,M1,R,train/hoolock/hoolock-AMNH-KIZ-style/AMNH163630/Hoolock#hoolock#AMNH163630#s#v#p3#l1#M1#R_style.jpg
train,hoolock,0,museum_style,Hoolock,hoolock,AMNH163630,AMNH,p3,l1,M2,R,train/hoolock/hoolock-AMNH-KIZ-style/AMNH163630/Hoolock#hoolock#AMNH163630#s#v#p3#l1#M2#R_style.jpg
train,hoolock,0,museum_style,Hoolock,hoolock,AMNH163630,AMNH,p3,l1,M3,R,train/hoolock/hoolock-AMNH-KIZ-style/AMNH163630/Hoolock#hoolock#AMNH163630#s#v#p3#l1#M3#R_style.jpg
train,hoolock,0,museum_style,Hoolock,hoolock,AMNH163630,AMNH,p4,l1,M3,R,train/hoolock/hoolock-AMNH-KIZ-style/AMNH163630/Hoolock#hoolock#AMNH163630#s#v#p4#l1#M3#R_style.jpg
train,hoolock,0,museum_style,Hoolock,hoolock,AMNH163632,AMNH,p1,l1,M2,L,train/hoolock/hoolock-AMNH-KIZ-style/AMNH163632/Hoolock#hoolock#AMNH163632#s#v#p1#l1#M2#L_style.jpg
train,hoolock,0,museum_style,Hoolock,hoolock,AMNH163632,AMNH,p1,l1,M3,L,train/hoolock/hoolock-AMNH-KIZ-style/AMNH163632/Hoolock#hoolock#AMNH163632#s#v#p1#l1#M3#L_style.jpg
train,hoolock,0,museum_style,Hoolock,hoolock,AMNH19400,AMNH,p1,l1,M1,R,train/hoolock/hoolock-AMNH-KIZ-style/AMNH19400/Hoolock#hoolock#AMNH19400#s#v#p1#l1#M1#R_style.jpg
train,hoolock,0,museum_style,Hoolock,hoolock,AMNH53976,AMNH,p1,l1,M1,L,train/hoolock/hoolock-AMNH-KIZ-style/AMNH53976/Hoolock#hoolock#AMNH53976#s#v#p1#l1#M1#L_style.jpg
train,hoolock,0,museum_style,Hoolock,hoolock,AMNH53976,AMNH,p1,l1,M2,L,train/hoolock/hoolock-AMNH-KIZ-style/AMNH53976/Hoolock#hoolock#AMNH53976#s#v#p1#l1#M2#L_style.jpg
train,hoolock,0,museum_style,Hoolock,hoolock,AMNH53976,AMNH,p1,l1,M3,L,train/hoolock/hoolock-AMNH-KIZ-style/AMNH53976/Hoolock#hoolock#AMNH53976#s#v#p1#l1#M3#L_style.jpg
train,hoolock,0,museum_style,Hoolock,hoolock,AMNH53976,AMNH,p3,l1,M1,L,train/hoolock/hoolock-AMNH-KIZ-style/AMNH53976/Hoolock#hoolock#AMNH53976#s#v#p3#l1#M1#L_style.jpg
train,hoolock,0,museum_style,Hoolock,hoolock,AMNH53976,AMNH,p3,l1,M2,L,train/hoolock/hoolock-AMNH-KIZ-style/AMNH53976/Hoolock#hoolock#AMNH53976#s#v#p3#l1#M2#L_style.jpg
train,hoolock,0,museum_style,Hoolock,hoolock,AMNH53976,AMNH,p4,l1,M1,L,train/hoolock/hoolock-AMNH-KIZ-style/AMNH53976/Hoolock#hoolock#AMNH53976#s#v#p4#l1#M1#L_style.jpg
train,hoolock,0,museum_style,Hoolock,hoolock,AMNH53976,AMNH,p4,l1,M2,L,train/hoolock/hoolock-AMNH-KIZ-style/AMNH53976/Hoolock#hoolock#AMNH53976#s#v#p4#l1#M2#L_style.jpg
train,hoolock,0,museum_style,Hoolock,hoolock,AMNH53976,AMNH,p4,l1,M3,L,train/hoolock/hoolock-AMNH-KIZ-style/AMNH53976/Hoolock#hoolock#AMNH53976#s#v#p4#l1#M3#L_style.jpg
train,hoolock,0,museum_style,Hoolock,hoolock,AMNH80068,AMNH,p1,l1,M1,R,train/hoolock/hoolock-AMNH-KIZ-style/AMNH80068/Hoolock#hoolock#AMNH80068#s#v#p1#l1#M1#R#A_style.jpg
train,hoolock,0,museum_style,Hoolock,hoolock,AMNH80068,AMNH,p1,l1,M2,R,train/hoolock/hoolock-AMNH-KIZ-style/AMNH80068/Hoolock#hoolock#AMNH80068#s#v#p1#l1#M2#R_style.jpg
train,hoolock,0,museum_style,Hoolock,hoolock,AMNH80068,AMNH,p1,l1,M3,R,train/hoolock/hoolock-AMNH-KIZ-style/AMNH80068/Hoolock#hoolock#AMNH80068#s#v#p1#l1#M3#R_style.jpg
train,hoolock,0,museum_style,Hoolock,hoolock,AMNH80068,AMNH,p2,l1,M1,R,train/hoolock/hoolock-AMNH-KIZ-style/AMNH80068/Hoolock#hoolock#AMNH80068#s#v#p2#l1#M1#R#A_style.jpg
train,hoolock,0,museum_style,Hoolock,hoolock,AMNH80068,AMNH,p2,l1,M2,R,train/hoolock/hoolock-AMNH-KIZ-style/AMNH80068/Hoolock#hoolock#AMNH80068#s#v#p2#l1#M2#R_style.jpg
train,hoolock,0,museum_style,Hoolock,hoolock,AMNH80068,AMNH,p2,l1,M3,R,train/hoolock/hoolock-AMNH-KIZ-style/AMNH80068/Hoolock#hoolock#AMNH80068#s#v#p2#l1#M3#R_style.jpg
train,hoolock,0,museum_style,Hoolock,hoolock,AMNH80068,AMNH,p3,l1,M1,R,train/hoolock/hoolock-AMNH-KIZ-style/AMNH80068/Hoolock#hoolock#AMNH80068#s#v#p3#l1#M1#R#A_style.jpg
train,hoolock,0,museum_style,Hoolock,hoolock,AMNH80068,AMNH,p3,l1,M2,R,train/hoolock/hoolock-AMNH-KIZ-style/AMNH80068/Hoolock#hoolock#AMNH80068#s#v#p3#l1#M2#R_style.jpg
train,hoolock,0,museum_style,Hoolock,hoolock,AMNH80068,AMNH,p3,l1,M3,R,train/hoolock/hoolock-AMNH-KIZ-style/AMNH80068/Hoolock#hoolock#AMNH80068#s#v#p3#l1#M3#R_style.jpg
train,hoolock,0,museum_style,Hoolock,hoolock,AMNH83413,AMNH,p1,l1,M1,R,train/hoolock/hoolock-AMNH-KIZ-style/AMNH83413/Hoolock#hoolock#AMNH83413#s#v#p1#l1#M1#R_style.jpg
train,hoolock,0,museum_style,Hoolock,hoolock,AMNH83413,AMNH,p1,l1,M2,R,train/hoolock/hoolock-AMNH-KIZ-style/AMNH83413/Hoolock#hoolock#AMNH83413#s#v#p1#l1#M2#R_style.jpg
train,hoolock,0,museum_style,Hoolock,hoolock,AMNH83413,AMNH,p1,l1,M3,R,train/hoolock/hoolock-AMNH-KIZ-style/AMNH83413/Hoolock#hoolock#AMNH83413#s#v#p1#l1#M3#R_style.jpg
train,hoolock,0,museum_style,Hoolock,hoolock,AMNH83413,AMNH,p2,l1,M1,R,train/hoolock/hoolock-AMNH-KIZ-style/AMNH83413/Hoolock#hoolock#AMNH83413#s#v#p2#l1#M1#R_style.jpg
train,hoolock,0,museum_style,Hoolock,hoolock,AMNH83413,AMNH,p2,l1,M2,R,train/hoolock/hoolock-AMNH-KIZ-style/AMNH83413/Hoolock#hoolock#AMNH83413#s#v#p2#l1#M2#R_style.jpg
train,hoolock,0,museum_style,Hoolock,hoolock,AMNH83413,AMNH,p2,l1,M3,R,train/hoolock/hoolock-AMNH-KIZ-style/AMNH83413/Hoolock#hoolock#AMNH83413#s#v#p2#l1#M3#R_style.jpg
train,hoolock,0,museum_style,Hoolock,hoolock,AMNH83413,AMNH,p3,l1,M2,R,train/hoolock/hoolock-AMNH-KIZ-style/AMNH83413/Hoolock#hoolock#AMNH83413#s#v#p3#l1#M2#R_style.jpg
train,hoolock,0,museum_style,Hoolock,hoolock,AMNH83413,AMNH,p3,l1,M3,R,train/hoolock/hoolock-AMNH-KIZ-style/AMNH83413/Hoolock#hoolock#AMNH83413#s#v#p3#l1#M3#R_style.jpg
train,hoolock,0,museum_style,Hoolock,hoolock,AMNH83414,AMNH,p1,l1,M1,R,train/hoolock/hoolock-AMNH-KIZ-style/AMNH83414/Hoolock#hoolock#AMNH83414#s#v#p1#l1#M1#R_style.jpg
train,hoolock,0,museum_style,Hoolock,hoolock,AMNH83414,AMNH,p1,l1,M2,R,train/hoolock/hoolock-AMNH-KIZ-style/AMNH83414/Hoolock#hoolock#AMNH83414#s#v#p1#l1#M2#R_style.jpg
train,hoolock,0,museum_style,Hoolock,hoolock,AMNH83414,AMNH,p2,l1,M1,R,train/hoolock/hoolock-AMNH-KIZ-style/AMNH83414/Hoolock#hoolock#AMNH83414#s#v#p2#l1#M1#R_style.jpg
train,hoolock,0,museum_style,Hoolock,hoolock,AMNH83414,AMNH,p2,l1,M2,R,train/hoolock/hoolock-AMNH-KIZ-style/AMNH83414/Hoolock#hoolock#AMNH83414#s#v#p2#l1#M2#R_style.jpg
train,hoolock,0,museum_style,Hoolock,hoolock,AMNH83415,AMNH,p1,l1,M1,L,train/hoolock/hoolock-AMNH-KIZ-style/AMNH83415/Hoolock#hoolock#AMNH83415#s#v#p1#l1#M1#L_style.jpg
train,hoolock,0,museum_style,Hoolock,hoolock,AMNH83415,AMNH,p1,l1,M2,L,train/hoolock/hoolock-AMNH-KIZ-style/AMNH83415/Hoolock#hoolock#AMNH83415#s#v#p1#l1#M2#L_style.jpg
train,hoolock,0,museum_style,Hoolock,hoolock,AMNH83415,AMNH,p2,l1,M1,L,train/hoolock/hoolock-AMNH-KIZ-style/AMNH83415/Hoolock#hoolock#AMNH83415#s#v#p2#l1#M1#L_style.jpg
train,hoolock,0,museum_style,Hoolock,hoolock,AMNH83415,AMNH,p2,l1,M2,L,train/hoolock/hoolock-AMNH-KIZ-style/AMNH83415/Hoolock#hoolock#AMNH83415#s#v#p2#l1#M2#L_style.jpg
train,hoolock,0,museum_style,Hoolock,hoolock,AMNH83415,AMNH,p2,l1,M3,L,train/hoolock/hoolock-AMNH-KIZ-style/AMNH83415/Hoolock#hoolock#AMNH83415#s#v#p2#l1#M3#L_style.jpg
train,hoolock,0,museum_style,Hoolock,hoolock,AMNH83422,AMNH,p1,l1,M1,L,train/hoolock/hoolock-AMNH-KIZ-style/AMNH83422/Hoolock#hoolock#AMNH83422#s#v#p1#l1#M1#L_style.jpg
train,hoolock,0,museum_style,Hoolock,hoolock,AMNH83422,AMNH,p1,l1,M2,L,train/hoolock/hoolock-AMNH-KIZ-style/AMNH83422/Hoolock#hoolock#AMNH83422#s#v#p1#l1#M2#L_style.jpg
train,hoolock,0,museum_style,Hoolock,hoolock,AMNH83422,AMNH,p2,l1,M2,L,train/hoolock/hoolock-AMNH-KIZ-style/AMNH83422/Hoolock#hoolock#AMNH83422#s#v#p2#l1#M2#L_style.jpg
train,hoolock,0,museum_style,Hoolock,hoolock,AMNH83424,AMNH,p1,l1,M1,R,train/hoolock/hoolock-AMNH-KIZ-style/AMNH83424/Hoolock#hoolock#AMNH83424#s#v#p1#l1#M1#R_style.jpg
train,hoolock,0,museum_style,Hoolock,hoolock,AMNH83427,AMNH,p1,l1,M1,L,train/hoolock/hoolock-AMNH-KIZ-style/AMNH83427/Hoolock#hoolock#AMNH83427#s#v#p1#l1#M1#L_style.jpg
train,hoolock,0,museum_style,Hoolock,hoolock,AMNH83427,AMNH,p1,l1,M2,L,train/hoolock/hoolock-AMNH-KIZ-style/AMNH83427/Hoolock#hoolock#AMNH83427#s#v#p1#l1#M2#L_style.jpg
train,hoolock,0,museum_style,Hoolock,hoolock,AMNH83427,AMNH,p1,l1,M2,R,train/hoolock/hoolock-AMNH-KIZ-style/AMNH83427/Hoolock#hoolock#AMNH83427#s#v#p1#l1#M2#R_style.jpg
train,hoolock,0,museum_style,Hoolock,hoolock,AMNH83427,AMNH,p2,l1,M1,L,train/hoolock/hoolock-AMNH-KIZ-style/AMNH83427/Hoolock#hoolock#AMNH83427#s#v#p2#l1#M1#L_style.jpg
train,hoolock,0,museum_style,Hoolock,hoolock,AMNH83427,AMNH,p2,l1,M2,L,train/hoolock/hoolock-AMNH-KIZ-style/AMNH83427/Hoolock#hoolock#AMNH83427#s#v#p2#l1#M2#L_style.jpg
train,hoolock,0,museum_style,Hoolock,hoolock,AMNH83427,AMNH,p2,l1,M2,R,train/hoolock/hoolock-AMNH-KIZ-style/AMNH83427/Hoolock#hoolock#AMNH83427#s#v#p2#l1#M2#R_style.jpg
train,hoolock,0,museum_style,Hoolock,hoolock,AMNH99340,AMNH,p1,l1,M1,L,train/hoolock/hoolock-AMNH-KIZ-style/AMNH99340/Hoolock#hoolock#AMNH99340#s#v#p1#l1#M1#L_style.jpg
train,hoolock,0,museum_style,Hoolock,hoolock,AMNH112688,AMNH,p1,l1,M1,L,train/hoolock/hoolock-AMNH-MCZ-style/AMNH112688/Hoolock#hoolock#AMNH112688#s#v#p1#l1#M1#L_style.jpg
train,hoolock,0,museum_style,Hoolock,hoolock,AMNH112688,AMNH,p1,l1,M2,L,train/hoolock/hoolock-AMNH-MCZ-style/AMNH112688/Hoolock#hoolock#AMNH112688#s#v#p1#l1#M2#L_style.jpg
train,hoolock,0,museum_style,Hoolock,hoolock,AMNH112688,AMNH,p1,l1,M3,L,train/hoolock/hoolock-AMNH-MCZ-style/AMNH112688/Hoolock#hoolock#AMNH112688#s#v#p1#l1#M3#L_style.jpg
train,hoolock,0,museum_style,Hoolock,hoolock,AMNH112688,AMNH,p2,l1,M1,L,train/hoolock/hoolock-AMNH-MCZ-style/AMNH112688/Hoolock#hoolock#AMNH112688#s#v#p2#l1#M1#L_style.jpg
train,hoolock,0,museum_style,Hoolock,hoolock,AMNH112688,AMNH,p2,l1,M2,L,train/hoolock/hoolock-AMNH-MCZ-style/AMNH112688/Hoolock#hoolock#AMNH112688#s#v#p2#l1#M2#L_style.jpg
train,hoolock,0,museum_style,Hoolock,hoolock,AMNH112688,AMNH,p2,l1,M3,L,train/hoolock/hoolock-AMNH-MCZ-style/AMNH112688/Hoolock#hoolock#AMNH112688#s#v#p2#l1#M3#L_style.jpg
train,hoolock,0,museum_style,Hoolock,hoolock,AMNH112688,AMNH,p3,l1,M2,L,train/hoolock/hoolock-AMNH-MCZ-style/AMNH112688/Hoolock#hoolock#AMNH112688#s#v#p3#l1#M2#L_style.jpg
train,hoolock,0,museum_style,Hoolock,hoolock,AMNH112688,AMNH,p3,l1,M3,L,train/hoolock/hoolock-AMNH-MCZ-style/AMNH112688/Hoolock#hoolock#AMNH112688#s#v#p3#l1#M3#L_style.jpg
train,hoolock,0,museum_style,Hoolock,hoolock,AMNH112689,AMNH,p1,l1,M1,L,train/hoolock/hoolock-AMNH-MCZ-style/AMNH112689/Hoolock#hoolock#AMNH112689#s#v#p1#l1#M1#L_style.jpg
train,hoolock,0,museum_style,Hoolock,hoolock,AMNH112689,AMNH,p1,l1,M1,R,train/hoolock/hoolock-AMNH-MCZ-style/AMNH112689/Hoolock#hoolock#AMNH112689#s#v#p1#l1#M1#R_style.jpg
train,hoolock,0,museum_style,Hoolock,hoolock,AMNH112692,AMNH,p1,l1,M2,R,train/hoolock/hoolock-AMNH-MCZ-style/AMNH112692/Hoolock#hoolock#AMNH112692#s#v#p1#l1#M2#R#B_style.jpg
train,hoolock,0,museum_style,Hoolock,hoolock,AMNH112692,AMNH,p2,l1,M2,R,train/hoolock/hoolock-AMNH-MCZ-style/AMNH112692/Hoolock#hoolock#AMNH112692#s#v#p2#l1#M2#R#B_style.jpg
train,hoolock,0,museum_style,Hoolock,hoolock,AMNH112692,AMNH,p2,l1,M3,R,train/hoolock/hoolock-AMNH-MCZ-style/AMNH112692/Hoolock#hoolock#AMNH112692#s#v#p2#l1#M3#R_style.jpg
train,hoolock,0,museum_style,Hoolock,hoolock,AMNH112694,AMNH,p1,l1,M1,R,train/hoolock/hoolock-AMNH-MCZ-style/AMNH112694/Hoolock#hoolock#AMNH112694#s#v#p1#l1#M1#R#B_style.jpg
train,hoolock,0,museum_style,Hoolock,hoolock,AMNH112694,AMNH,p1,l1,M2,R,train/hoolock/hoolock-AMNH-MCZ-style/AMNH112694/Hoolock#hoolock#AMNH112694#s#v#p1#l1#M2#R_style.jpg
train,hoolock,0,museum_style,Hoolock,hoolock,AMNH112694,AMNH,p1,l1,M3,R,train/hoolock/hoolock-AMNH-MCZ-style/AMNH112694/Hoolock#hoolock#AMNH112694#s#v#p1#l1#M3#R_style.jpg
train,hoolock,0,museum_style,Hoolock,hoolock,AMNH112694,AMNH,p2,l1,M2,L,train/hoolock/hoolock-AMNH-MCZ-style/AMNH112694/Hoolock#hoolock#AMNH112694#s#v#p2#l1#M2#L_style.jpg
train,hoolock,0,museum_style,Hoolock,hoolock,AMNH112694,AMNH,p2,l1,M3,L,train/hoolock/hoolock-AMNH-MCZ-style/AMNH112694/Hoolock#hoolock#AMNH112694#s#v#p2#l1#M3#L_style.jpg
train,hoolock,0,museum_style,Hoolock,hoolock,AMNH112695,AMNH,p1,l1,M1,L,train/hoolock/hoolock-AMNH-MCZ-style/AMNH112695/Hoolock#hoolock#AMNH112695#s#v#p1#l1#M1#L_style.jpg
train,hoolock,0,museum_style,Hoolock,hoolock,AMNH112696,AMNH,p1,l1,M2,R,train/hoolock/hoolock-AMNH-MCZ-style/AMNH112696/Hoolock#hoolock#AMNH112696#s#v#p1#l1#M2#R#B_style.jpg
train,hoolock,0,museum_style,Hoolock,hoolock,AMNH112696,AMNH,p2,l1,M2,R,train/hoolock/hoolock-AMNH-MCZ-style/AMNH112696/Hoolock#hoolock#AMNH112696#s#v#p2#l1#M2#R#B_style.jpg
train,hoolock,0,museum_style,Hoolock,hoolock,AMNH112696,AMNH,p2,l1,M3,R,train/hoolock/hoolock-AMNH-MCZ-style/AMNH112696/Hoolock#hoolock#AMNH112696#s#v#p2#l1#M3#R_style.jpg
train,hoolock,0,museum_style,Hoolock,hoolock,AMNH112696,AMNH,p3,l1,M2,R,train/hoolock/hoolock-AMNH-MCZ-style/AMNH112696/Hoolock#hoolock#AMNH112696#s#v#p3#l1#M2#R#B_style.jpg
train,hoolock,0,museum_style,Hoolock,hoolock,AMNH112696,AMNH,p3,l1,M3,R,train/hoolock/hoolock-AMNH-MCZ-style/AMNH112696/Hoolock#hoolock#AMNH112696#s#v#p3#l1#M3#R_style.jpg
train,hoolock,0,museum_style,Hoolock,hoolock,AMNH112697,AMNH,p1,l1,M3,L,train/hoolock/hoolock-AMNH-MCZ-style/AMNH112697/Hoolock#hoolock#AMNH112697#s#v#p1#l1#M3#L_style.jpg
train,hoolock,0,museum_style,Hoolock,hoolock,AMNH112697,AMNH,p2,l1,M1,L,train/hoolock/hoolock-AMNH-MCZ-style/AMNH112697/Hoolock#hoolock#AMNH112697#s#v#p2#l1#M1#L_style.jpg
train,hoolock,0,museum_style,Hoolock,hoolock,AMNH112697,AMNH,p3,l1,M3,L,train/hoolock/hoolock-AMNH-MCZ-style/AMNH112697/Hoolock#hoolock#AMNH112697#s#v#p3#l1#M3#L_style.jpg
train,hoolock,0,museum_style,Hoolock,hoolock,AMNH112699,AMNH,p1,l1,M1,R,train/hoolock/hoolock-AMNH-MCZ-style/AMNH112699/Hoolock#hoolock#AMNH112699#s#v#p1#l1#M1#R_style.jpg
train,hoolock,0,museum_style,Hoolock,hoolock,AMNH112700,AMNH,p1,l1,M2,L,train/hoolock/hoolock-AMNH-MCZ-style/AMNH112700/Hoolock#hoolock#AMNH112700#s#v#p1#l1#M2#L_style.jpg
train,hoolock,0,museum_style,Hoolock,hoolock,AMNH112700,AMNH,p1,l1,M2,R,train/hoolock/hoolock-AMNH-MCZ-style/AMNH112700/Hoolock#hoolock#AMNH112700#s#v#p1#l1#M2#R_style.jpg
train,hoolock,0,museum_style,Hoolock,hoolock,AMNH112701,AMNH,p1,l1,M1,R,train/hoolock/hoolock-AMNH-MCZ-style/AMNH112701/Hoolock#hoolock#AMNH112701#s#v#p1#l1#M1#R#A_style.jpg
train,hoolock,0,museum_style,Hoolock,hoolock,AMNH112701,AMNH,p1,l1,M2,R,train/hoolock/hoolock-AMNH-MCZ-style/AMNH112701/Hoolock#hoolock#AMNH112701#s#v#p1#l1#M2#R#A_style.jpg
train,hoolock,0,museum_style,Hoolock,hoolock,AMNH112701,AMNH,p2,l1,M1,R,train/hoolock/hoolock-AMNH-MCZ-style/AMNH112701/Hoolock#hoolock#AMNH112701#s#v#p2#l1#M1#R#A_style.jpg
train,hoolock,0,museum_style,Hoolock,hoolock,AMNH112701,AMNH,p2,l1,M2,R,train/hoolock/hoolock-AMNH-MCZ-style/AMNH112701/Hoolock#hoolock#AMNH112701#s#v#p2#l1#M2#R#A_style.jpg
train,hoolock,0,museum_style,Hoolock,hoolock,AMNH112701,AMNH,p3,l1,M1,L,train/hoolock/hoolock-AMNH-MCZ-style/AMNH112701/Hoolock#hoolock#AMNH112701#s#v#p3#l1#M1#L#A_style.jpg
train,hoolock,0,museum_style,Hoolock,hoolock,AMNH112701,AMNH,p3,l1,M2,L,train/hoolock/hoolock-AMNH-MCZ-style/AMNH112701/Hoolock#hoolock#AMNH112701#s#v#p3#l1#M2#L#A_style.jpg
train,hoolock,0,museum_style,Hoolock,hoolock,AMNH112701,AMNH,p3,l1,M3,L,train/hoolock/hoolock-AMNH-MCZ-style/AMNH112701/Hoolock#hoolock#AMNH112701#s#v#p3#l1#M3#L_style.jpg
train,hoolock,0,museum_style,Hoolock,hoolock,AMNH112702,AMNH,p1,l1,M1,L,train/hoolock/hoolock-AMNH-MCZ-style/AMNH112702/Hoolock#hoolock#AMNH112702#s#v#p1#l1#M1#L#B_style.jpg
train,hoolock,0,museum_style,Hoolock,hoolock,AMNH112702,AMNH,p2,l1,M3,L,train/hoolock/hoolock-AMNH-MCZ-style/AMNH112702/Hoolock#hoolock#AMNH112702#s#v#p2#l1#M3#L_style.jpg
train,hoolock,0,museum_style,Hoolock,hoolock,AMNH112703,AMNH,p1,l1,M1,R,train/hoolock/hoolock-AMNH-MCZ-style/AMNH112703/Hoolock#hoolock#AMNH112703#s#v#p1#l1#M1#R_style.jpg
train,hoolock,0,museum_style,Hoolock,hoolock,AMNH112703,AMNH,p1,l1,M2,R,train/hoolock/hoolock-AMNH-MCZ-style/AMNH112703/Hoolock#hoolock#AMNH112703#s#v#p1#l1#M2#R_style.jpg
train,hoolock,0,museum_style,Hoolock,hoolock,AMNH112703,AMNH,p3,l1,M3,R,train/hoolock/hoolock-AMNH-MCZ-style/AMNH112703/Hoolock#hoolock#AMNH112703#s#v#p3#l1#M3#R_style.jpg
train,hoolock,0,museum_style,Hoolock,hoolock,AMNH112704,AMNH,p1,l1,M2,L,train/hoolock/hoolock-AMNH-MCZ-style/AMNH112704/Hoolock#hoolock#AMNH112704#s#v#p1#l1#M2#L_style.jpg
train,hoolock,0,museum_style,Hoolock,hoolock,AMNH112704,AMNH,p1,l1,M3,L,train/hoolock/hoolock-AMNH-MCZ-style/AMNH112704/Hoolock#hoolock#AMNH112704#s#v#p1#l1#M3#L_style.jpg
train,hoolock,0,museum_style,Hoolock,hoolock,AMNH112704,AMNH,p2,l1,M2,L,train/hoolock/hoolock-AMNH-MCZ-style/AMNH112704/Hoolock#hoolock#AMNH112704#s#v#p2#l1#M2#L_style.jpg
train,hoolock,0,museum_style,Hoolock,hoolock,AMNH112704,AMNH,p2,l1,M3,L,train/hoolock/hoolock-AMNH-MCZ-style/AMNH112704/Hoolock#hoolock#AMNH112704#s#v#p2#l1#M3#L_style.jpg
train,hoolock,0,museum_style,Hoolock,hoolock,AMNH112706,AMNH,p1,l1,M2,L,train/hoolock/hoolock-AMNH-MCZ-style/AMNH112706/Hoolock#hoolock#AMNH112706#s#v#p1#l1#M2#L_style.jpg
train,hoolock,0,museum_style,Hoolock,hoolock,AMNH112706,AMNH,p2,l1,M2,L,train/hoolock/hoolock-AMNH-MCZ-style/AMNH112706/Hoolock#hoolock#AMNH112706#s#v#p2#l1#M2#L_style.jpg
train,hoolock,0,museum_style,Hoolock,hoolock,AMNH112706,AMNH,p2,l1,M3,L,train/hoolock/hoolock-AMNH-MCZ-style/AMNH112706/Hoolock#hoolock#AMNH112706#s#v#p2#l1#M3#L_style.jpg
train,hoolock,0,museum_style,Hoolock,hoolock,AMNH112710,AMNH,p1,l1,M1,L,train/hoolock/hoolock-AMNH-MCZ-style/AMNH112710/Hoolock#hoolock#AMNH112710#s#v#p1#l1#M1#L_style.jpg
train,hoolock,0,museum_style,Hoolock,hoolock,AMNH112710,AMNH,p1,l1,M2,L,train/hoolock/hoolock-AMNH-MCZ-style/AMNH112710/Hoolock#hoolock#AMNH112710#s#v#p1#l1#M2#L_style.jpg
train,hoolock,0,museum_style,Hoolock,hoolock,AMNH112710,AMNH,p2,l1,M2,L,train/hoolock/hoolock-AMNH-MCZ-style/AMNH112710/Hoolock#hoolock#AMNH112710#s#v#p2#l1#M2#L_style.jpg
train,hoolock,0,museum_style,Hoolock,hoolock,AMNH119624,AMNH,p1,l1,M1,R,train/hoolock/hoolock-AMNH-MCZ-style/AMNH119624/Hoolock#hoolock#AMNH119624#s#v#p1#l1#M1#R_style.jpg
train,hoolock,0,museum_style,Hoolock,hoolock,AMNH119624,AMNH,p2,l1,M1,R,train/hoolock/hoolock-AMNH-MCZ-style/AMNH119624/Hoolock#hoolock#AMNH119624#s#v#p2#l1#M1#R_style.jpg
train,hoolock,0,museum_style,Hoolock,hoolock,AMNH119624,AMNH,p2,l1,M2,R,train/hoolock/hoolock-AMNH-MCZ-style/AMNH119624/Hoolock#hoolock#AMNH119624#s#v#p2#l1#M2#R_style.jpg
train,hoolock,0,museum_style,Hoolock,hoolock,AMNH163630,AMNH,p2,l1,M1,R,train/hoolock/hoolock-AMNH-MCZ-style/AMNH163630/Hoolock#hoolock#AMNH163630#s#v#p2#l1#M1#R_style.jpg
train,hoolock,0,museum_style,Hoolock,hoolock,AMNH163630,AMNH,p2,l1,M2,R,train/hoolock/hoolock-AMNH-MCZ-style/AMNH163630/Hoolock#hoolock#AMNH163630#s#v#p2#l1#M2#R_style.jpg
train,hoolock,0,museum_style,Hoolock,hoolock,AMNH163630,AMNH,p3,l1,M1,R,train/hoolock/hoolock-AMNH-MCZ-style/AMNH163630/Hoolock#hoolock#AMNH163630#s#v#p3#l1#M1#R_style.jpg
train,hoolock,0,museum_style,Hoolock,hoolock,AMNH163630,AMNH,p3,l1,M2,R,train/hoolock/hoolock-AMNH-MCZ-style/AMNH163630/Hoolock#hoolock#AMNH163630#s#v#p3#l1#M2#R_style.jpg
train,hoolock,0,museum_style,Hoolock,hoolock,AMNH163630,AMNH,p3,l1,M3,R,train/hoolock/hoolock-AMNH-MCZ-style/AMNH163630/Hoolock#hoolock#AMNH163630#s#v#p3#l1#M3#R_style.jpg
train,hoolock,0,museum_style,Hoolock,hoolock,AMNH163630,AMNH,p4,l1,M3,R,train/hoolock/hoolock-AMNH-MCZ-style/AMNH163630/Hoolock#hoolock#AMNH163630#s#v#p4#l1#M3#R_style.jpg
train,hoolock,0,museum_style,Hoolock,hoolock,AMNH163632,AMNH,p1,l1,M2,L,train/hoolock/hoolock-AMNH-MCZ-style/AMNH163632/Hoolock#hoolock#AMNH163632#s#v#p1#l1#M2#L_style.jpg
train,hoolock,0,museum_style,Hoolock,hoolock,AMNH163632,AMNH,p1,l1,M3,L,train/hoolock/hoolock-AMNH-MCZ-style/AMNH163632/Hoolock#hoolock#AMNH163632#s#v#p1#l1#M3#L_style.jpg
train,hoolock,0,museum_style,Hoolock,hoolock,AMNH19400,AMNH,p1,l1,M1,R,train/hoolock/hoolock-AMNH-MCZ-style/AMNH19400/Hoolock#hoolock#AMNH19400#s#v#p1#l1#M1#R_style.jpg
train,hoolock,0,museum_style,Hoolock,hoolock,AMNH53976,AMNH,p1,l1,M1,L,train/hoolock/hoolock-AMNH-MCZ-style/AMNH53976/Hoolock#hoolock#AMNH53976#s#v#p1#l1#M1#L_style.jpg
train,hoolock,0,museum_style,Hoolock,hoolock,AMNH53976,AMNH,p1,l1,M2,L,train/hoolock/hoolock-AMNH-MCZ-style/AMNH53976/Hoolock#hoolock#AMNH53976#s#v#p1#l1#M2#L_style.jpg
train,hoolock,0,museum_style,Hoolock,hoolock,AMNH53976,AMNH,p1,l1,M3,L,train/hoolock/hoolock-AMNH-MCZ-style/AMNH53976/Hoolock#hoolock#AMNH53976#s#v#p1#l1#M3#L_style.jpg
train,hoolock,0,museum_style,Hoolock,hoolock,AMNH53976,AMNH,p3,l1,M1,L,train/hoolock/hoolock-AMNH-MCZ-style/AMNH53976/Hoolock#hoolock#AMNH53976#s#v#p3#l1#M1#L_style.jpg
train,hoolock,0,museum_style,Hoolock,hoolock,AMNH53976,AMNH,p3,l1,M2,L,train/hoolock/hoolock-AMNH-MCZ-style/AMNH53976/Hoolock#hoolock#AMNH53976#s#v#p3#l1#M2#L_style.jpg
train,hoolock,0,museum_style,Hoolock,hoolock,AMNH53976,AMNH,p4,l1,M1,L,train/hoolock/hoolock-AMNH-MCZ-style/AMNH53976/Hoolock#hoolock#AMNH53976#s#v#p4#l1#M1#L_style.jpg
train,hoolock,0,museum_style,Hoolock,hoolock,AMNH53976,AMNH,p4,l1,M2,L,train/hoolock/hoolock-AMNH-MCZ-style/AMNH53976/Hoolock#hoolock#AMNH53976#s#v#p4#l1#M2#L_style.jpg
train,hoolock,0,museum_style,Hoolock,hoolock,AMNH53976,AMNH,p4,l1,M3,L,train/hoolock/hoolock-AMNH-MCZ-style/AMNH53976/Hoolock#hoolock#AMNH53976#s#v#p4#l1#M3#L_style.jpg
train,hoolock,0,museum_style,Hoolock,hoolock,AMNH80068,AMNH,p1,l1,M1,R,train/hoolock/hoolock-AMNH-MCZ-style/AMNH80068/Hoolock#hoolock#AMNH80068#s#v#p1#l1#M1#R#A_style.jpg
train,hoolock,0,museum_style,Hoolock,hoolock,AMNH80068,AMNH,p1,l1,M2,R,train/hoolock/hoolock-AMNH-MCZ-style/AMNH80068/Hoolock#hoolock#AMNH80068#s#v#p1#l1#M2#R_style.jpg
train,hoolock,0,museum_style,Hoolock,hoolock,AMNH80068,AMNH,p1,l1,M3,R,train/hoolock/hoolock-AMNH-MCZ-style/AMNH80068/Hoolock#hoolock#AMNH80068#s#v#p1#l1#M3#R_style.jpg
train,hoolock,0,museum_style,Hoolock,hoolock,AMNH80068,AMNH,p2,l1,M1,R,train/hoolock/hoolock-AMNH-MCZ-style/AMNH80068/Hoolock#hoolock#AMNH80068#s#v#p2#l1#M1#R#A_style.jpg
train,hoolock,0,museum_style,Hoolock,hoolock,AMNH80068,AMNH,p2,l1,M2,R,train/hoolock/hoolock-AMNH-MCZ-style/AMNH80068/Hoolock#hoolock#AMNH80068#s#v#p2#l1#M2#R_style.jpg
train,hoolock,0,museum_style,Hoolock,hoolock,AMNH80068,AMNH,p2,l1,M3,R,train/hoolock/hoolock-AMNH-MCZ-style/AMNH80068/Hoolock#hoolock#AMNH80068#s#v#p2#l1#M3#R_style.jpg
train,hoolock,0,museum_style,Hoolock,hoolock,AMNH80068,AMNH,p3,l1,M1,R,train/hoolock/hoolock-AMNH-MCZ-style/AMNH80068/Hoolock#hoolock#AMNH80068#s#v#p3#l1#M1#R#A_style.jpg
train,hoolock,0,museum_style,Hoolock,hoolock,AMNH80068,AMNH,p3,l1,M2,R,train/hoolock/hoolock-AMNH-MCZ-style/AMNH80068/Hoolock#hoolock#AMNH80068#s#v#p3#l1#M2#R_style.jpg
train,hoolock,0,museum_style,Hoolock,hoolock,AMNH80068,AMNH,p3,l1,M3,R,train/hoolock/hoolock-AMNH-MCZ-style/AMNH80068/Hoolock#hoolock#AMNH80068#s#v#p3#l1#M3#R_style.jpg
train,hoolock,0,museum_style,Hoolock,hoolock,AMNH83413,AMNH,p1,l1,M1,R,train/hoolock/hoolock-AMNH-MCZ-style/AMNH83413/Hoolock#hoolock#AMNH83413#s#v#p1#l1#M1#R_style.jpg
train,hoolock,0,museum_style,Hoolock,hoolock,AMNH83413,AMNH,p1,l1,M2,R,train/hoolock/hoolock-AMNH-MCZ-style/AMNH83413/Hoolock#hoolock#AMNH83413#s#v#p1#l1#M2#R_style.jpg
train,hoolock,0,museum_style,Hoolock,hoolock,AMNH83413,AMNH,p1,l1,M3,R,train/hoolock/hoolock-AMNH-MCZ-style/AMNH83413/Hoolock#hoolock#AMNH83413#s#v#p1#l1#M3#R_style.jpg
train,hoolock,0,museum_style,Hoolock,hoolock,AMNH83413,AMNH,p2,l1,M1,R,train/hoolock/hoolock-AMNH-MCZ-style/AMNH83413/Hoolock#hoolock#AMNH83413#s#v#p2#l1#M1#R_style.jpg
train,hoolock,0,museum_style,Hoolock,hoolock,AMNH83413,AMNH,p2,l1,M2,R,train/hoolock/hoolock-AMNH-MCZ-style/AMNH83413/Hoolock#hoolock#AMNH83413#s#v#p2#l1#M2#R_style.jpg
train,hoolock,0,museum_style,Hoolock,hoolock,AMNH83413,AMNH,p2,l1,M3,R,train/hoolock/hoolock-AMNH-MCZ-style/AMNH83413/Hoolock#hoolock#AMNH83413#s#v#p2#l1#M3#R_style.jpg
train,hoolock,0,museum_style,Hoolock,hoolock,AMNH83413,AMNH,p3,l1,M2,R,train/hoolock/hoolock-AMNH-MCZ-style/AMNH83413/Hoolock#hoolock#AMNH83413#s#v#p3#l1#M2#R_style.jpg
train,hoolock,0,museum_style,Hoolock,hoolock,AMNH83413,AMNH,p3,l1,M3,R,train/hoolock/hoolock-AMNH-MCZ-style/AMNH83413/Hoolock#hoolock#AMNH83413#s#v#p3#l1#M3#R_style.jpg
train,hoolock,0,museum_style,Hoolock,hoolock,AMNH83414,AMNH,p1,l1,M1,R,train/hoolock/hoolock-AMNH-MCZ-style/AMNH83414/Hoolock#hoolock#AMNH83414#s#v#p1#l1#M1#R_style.jpg
train,hoolock,0,museum_style,Hoolock,hoolock,AMNH83414,AMNH,p1,l1,M2,R,train/hoolock/hoolock-AMNH-MCZ-style/AMNH83414/Hoolock#hoolock#AMNH83414#s#v#p1#l1#M2#R_style.jpg
train,hoolock,0,museum_style,Hoolock,hoolock,AMNH83414,AMNH,p2,l1,M1,R,train/hoolock/hoolock-AMNH-MCZ-style/AMNH83414/Hoolock#hoolock#AMNH83414#s#v#p2#l1#M1#R_style.jpg
train,hoolock,0,museum_style,Hoolock,hoolock,AMNH83414,AMNH,p2,l1,M2,R,train/hoolock/hoolock-AMNH-MCZ-style/AMNH83414/Hoolock#hoolock#AMNH83414#s#v#p2#l1#M2#R_style.jpg
train,hoolock,0,museum_style,Hoolock,hoolock,AMNH83415,AMNH,p1,l1,M1,L,train/hoolock/hoolock-AMNH-MCZ-style/AMNH83415/Hoolock#hoolock#AMNH83415#s#v#p1#l1#M1#L_style.jpg
train,hoolock,0,museum_style,Hoolock,hoolock,AMNH83415,AMNH,p1,l1,M2,L,train/hoolock/hoolock-AMNH-MCZ-style/AMNH83415/Hoolock#hoolock#AMNH83415#s#v#p1#l1#M2#L_style.jpg
train,hoolock,0,museum_style,Hoolock,hoolock,AMNH83415,AMNH,p2,l1,M1,L,train/hoolock/hoolock-AMNH-MCZ-style/AMNH83415/Hoolock#hoolock#AMNH83415#s#v#p2#l1#M1#L_style.jpg
train,hoolock,0,museum_style,Hoolock,hoolock,AMNH83415,AMNH,p2,l1,M2,L,train/hoolock/hoolock-AMNH-MCZ-style/AMNH83415/Hoolock#hoolock#AMNH83415#s#v#p2#l1#M2#L_style.jpg
train,hoolock,0,museum_style,Hoolock,hoolock,AMNH83415,AMNH,p2,l1,M3,L,train/hoolock/hoolock-AMNH-MCZ-style/AMNH83415/Hoolock#hoolock#AMNH83415#s#v#p2#l1#M3#L_style.jpg
train,hoolock,0,museum_style,Hoolock,hoolock,AMNH83422,AMNH,p1,l1,M1,L,train/hoolock/hoolock-AMNH-MCZ-style/AMNH83422/Hoolock#hoolock#AMNH83422#s#v#p1#l1#M1#L_style.jpg
train,hoolock,0,museum_style,Hoolock,hoolock,AMNH83422,AMNH,p1,l1,M2,L,train/hoolock/hoolock-AMNH-MCZ-style/AMNH83422/Hoolock#hoolock#AMNH83422#s#v#p1#l1#M2#L_style.jpg
train,hoolock,0,museum_style,Hoolock,hoolock,AMNH83422,AMNH,p2,l1,M2,L,train/hoolock/hoolock-AMNH-MCZ-style/AMNH83422/Hoolock#hoolock#AMNH83422#s#v#p2#l1#M2#L_style.jpg
train,hoolock,0,museum_style,Hoolock,hoolock,AMNH83424,AMNH,p1,l1,M1,R,train/hoolock/hoolock-AMNH-MCZ-style/AMNH83424/Hoolock#hoolock#AMNH83424#s#v#p1#l1#M1#R_style.jpg
train,hoolock,0,museum_style,Hoolock,hoolock,AMNH83427,AMNH,p1,l1,M1,L,train/hoolock/hoolock-AMNH-MCZ-style/AMNH83427/Hoolock#hoolock#AMNH83427#s#v#p1#l1#M1#L_style.jpg
train,hoolock,0,museum_style,Hoolock,hoolock,AMNH83427,AMNH,p1,l1,M2,L,train/hoolock/hoolock-AMNH-MCZ-style/AMNH83427/Hoolock#hoolock#AMNH83427#s#v#p1#l1#M2#L_style.jpg
train,hoolock,0,museum_style,Hoolock,hoolock,AMNH83427,AMNH,p1,l1,M2,R,train/hoolock/hoolock-AMNH-MCZ-style/AMNH83427/Hoolock#hoolock#AMNH83427#s#v#p1#l1#M2#R_style.jpg
train,hoolock,0,museum_style,Hoolock,hoolock,AMNH83427,AMNH,p2,l1,M1,L,train/hoolock/hoolock-AMNH-MCZ-style/AMNH83427/Hoolock#hoolock#AMNH83427#s#v#p2#l1#M1#L_style.jpg
train,hoolock,0,museum_style,Hoolock,hoolock,AMNH83427,AMNH,p2,l1,M2,L,train/hoolock/hoolock-AMNH-MCZ-style/AMNH83427/Hoolock#hoolock#AMNH83427#s#v#p2#l1#M2#L_style.jpg
train,hoolock,0,museum_style,Hoolock,hoolock,AMNH83427,AMNH,p2,l1,M2,R,train/hoolock/hoolock-AMNH-MCZ-style/AMNH83427/Hoolock#hoolock#AMNH83427#s#v#p2#l1#M2#R_style.jpg
train,hoolock,0,museum_style,Hoolock,hoolock,AMNH99340,AMNH,p1,l1,M1,L,train/hoolock/hoolock-AMNH-MCZ-style/AMNH99340/Hoolock#hoolock#AMNH99340#s#v#p1#l1#M1#L_style.jpg
train,hoolock,0,museum_style,Hoolock,hoolock,KIZ010204,KIZ,p1,l1,M1,R,train/hoolock/hoolock-KIZ-AMNH-style/KIZ010204/Hoolock#hoolock#KIZ010204#s#v#p1#l1#M1#R_AMNH_style.jpg
train,hoolock,0,museum_style,Hoolock,hoolock,KIZ010204,KIZ,p1,l1,M2,R,train/hoolock/hoolock-KIZ-AMNH-style/KIZ010204/Hoolock#hoolock#KIZ010204#s#v#p1#l1#M2#R#B_AMNH_style.jpg
train,hoolock,0,museum_style,Hoolock,hoolock,KIZ010204,KIZ,p1,l1,M3,R,train/hoolock/hoolock-KIZ-AMNH-style/KIZ010204/Hoolock#hoolock#KIZ010204#s#v#p1#l1#M3#R_AMNH_style.jpg
train,hoolock,0,museum_style,Hoolock,hoolock,KIZ010204,KIZ,p2,l1,M1,R,train/hoolock/hoolock-KIZ-AMNH-style/KIZ010204/Hoolock#hoolock#KIZ010204#s#v#p2#l1#M1#R_AMNH_style.jpg
train,hoolock,0,museum_style,Hoolock,hoolock,KIZ010204,KIZ,p2,l1,M2,R,train/hoolock/hoolock-KIZ-AMNH-style/KIZ010204/Hoolock#hoolock#KIZ010204#s#v#p2#l1#M2#R#B_AMNH_style.jpg
train,hoolock,0,museum_style,Hoolock,hoolock,KIZ010204,KIZ,p3,l1,M1,R,train/hoolock/hoolock-KIZ-AMNH-style/KIZ010204/Hoolock#hoolock#KIZ010204#s#v#p3#l1#M1#R_AMNH_style.jpg
train,hoolock,0,museum_style,Hoolock,hoolock,KIZ010204,KIZ,p3,l1,M2,R,train/hoolock/hoolock-KIZ-AMNH-style/KIZ010204/Hoolock#hoolock#KIZ010204#s#v#p3#l1#M2#R#B_AMNH_style.jpg
train,hoolock,0,museum_style,Hoolock,hoolock,KIZ010204,KIZ,p4,l1,M1,L,train/hoolock/hoolock-KIZ-AMNH-style/KIZ010204/Hoolock#hoolock#KIZ010204#s#v#p4#l1#M1#L_AMNH_style.jpg
train,hoolock,0,museum_style,Hoolock,hoolock,KIZ010204,KIZ,p4,l1,M2,L,train/hoolock/hoolock-KIZ-AMNH-style/KIZ010204/Hoolock#hoolock#KIZ010204#s#v#p4#l1#M2#L_AMNH_style.jpg
train,hoolock,0,museum_style,Hoolock,hoolock,KIZ010204,KIZ,p4,l1,M3,L,train/hoolock/hoolock-KIZ-AMNH-style/KIZ010204/Hoolock#hoolock#KIZ010204#s#v#p4#l1#M3#L_AMNH_style.jpg
train,hoolock,0,original,Hoolock,hoolock,AMNH112688,AMNH,p1,l1,M1,L,train/hoolock/hoolock_AMNH112688/Hoolock#hoolock#AMNH112688#s#v#p1#l1#M1#L.jpg
train,hoolock,0,offline_augmented,Hoolock,hoolock,AMNH112688,AMNH,p1,l1,M1,L,train/hoolock/hoolock_AMNH112688/Hoolock#hoolock#AMNH112688#s#v#p1#l1#M1#L_aug_bright_sat.jpg
train,hoolock,0,offline_augmented,Hoolock,hoolock,AMNH112688,AMNH,p1,l1,M1,L,train/hoolock/hoolock_AMNH112688/Hoolock#hoolock#AMNH112688#s#v#p1#l1#M1#L_aug_dark_con.jpg
train,hoolock,0,offline_augmented,Hoolock,hoolock,AMNH112688,AMNH,p1,l1,M1,L,train/hoolock/hoolock_AMNH112688/Hoolock#hoolock#AMNH112688#s#v#p1#l1#M1#L_aug_muted.jpg
train,hoolock,0,offline_augmented,Hoolock,hoolock,AMNH112688,AMNH,p1,l1,M1,L,train/hoolock/hoolock_AMNH112688/Hoolock#hoolock#AMNH112688#s#v#p1#l1#M1#L_aug_soft.jpg
train,hoolock,0,offline_augmented,Hoolock,hoolock,AMNH112688,AMNH,p1,l1,M1,L,train/hoolock/hoolock_AMNH112688/Hoolock#hoolock#AMNH112688#s#v#p1#l1#M1#L_aug_warm.jpg
train,hoolock,0,original,Hoolock,hoolock,AMNH112688,AMNH,p1,l1,M2,L,train/hoolock/hoolock_AMNH112688/Hoolock#hoolock#AMNH112688#s#v#p1#l1#M2#L.jpg
train,hoolock,0,offline_augmented,Hoolock,hoolock,AMNH112688,AMNH,p1,l1,M2,L,train/hoolock/hoolock_AMNH112688/Hoolock#hoolock#AMNH112688#s#v#p1#l1#M2#L_aug_bright_sat.jpg
train,hoolock,0,offline_augmented,Hoolock,hoolock,AMNH112688,AMNH,p1,l1,M2,L,train/hoolock/hoolock_AMNH112688/Hoolock#hoolock#AMNH112688#s#v#p1#l1#M2#L_aug_hicon.jpg
train,hoolock,0,offline_augmented,Hoolock,hoolock,AMNH112688,AMNH,p1,l1,M2,L,train/hoolock/hoolock_AMNH112688/Hoolock#hoolock#AMNH112688#s#v#p1#l1#M2#L_aug_muted.jpg
train,hoolock,0,offline_augmented,Hoolock,hoolock,AMNH112688,AMNH,p1,l1,M2,L,train/hoolock/hoolock_AMNH112688/Hoolock#hoolock#AMNH112688#s#v#p1#l1#M2#L_aug_vivid.jpg
train,hoolock,0,offline_augmented,Hoolock,hoolock,AMNH112688,AMNH,p1,l1,M2,L,train/hoolock/hoolock_AMNH112688/Hoolock#hoolock#AMNH112688#s#v#p1#l1#M2#L_aug_warm.jpg
train,hoolock,0,original,Hoolock,hoolock,AMNH112688,AMNH,p1,l1,M3,L,train/hoolock/hoolock_AMNH112688/Hoolock#hoolock#AMNH112688#s#v#p1#l1#M3#L.jpg
train,hoolock,0,offline_augmented,Hoolock,hoolock,AMNH112688,AMNH,p1,l1,M3,L,train/hoolock/hoolock_AMNH112688/Hoolock#hoolock#AMNH112688#s#v#p1#l1#M3#L_aug_cool.jpg
train,hoolock,0,offline_augmented,Hoolock,hoolock,AMNH112688,AMNH,p1,l1,M3,L,train/hoolock/hoolock_AMNH112688/Hoolock#hoolock#AMNH112688#s#v#p1#l1#M3#L_aug_muted.jpg
train,hoolock,0,offline_augmented,Hoolock,hoolock,AMNH112688,AMNH,p1,l1,M3,L,train/hoolock/hoolock_AMNH112688/Hoolock#hoolock#AMNH112688#s#v#p1#l1#M3#L_aug_soft.jpg
train,hoolock,0,offline_augmented,Hoolock,hoolock,AMNH112688,AMNH,p1,l1,M3,L,train/hoolock/hoolock_AMNH112688/Hoolock#hoolock#AMNH112688#s#v#p1#l1#M3#L_aug_vivid.jpg
train,hoolock,0,offline_augmented,Hoolock,hoolock,AMNH112688,AMNH,p1,l1,M3,L,train/hoolock/hoolock_AMNH112688/Hoolock#hoolock#AMNH112688#s#v#p1#l1#M3#L_aug_warm.jpg
train,hoolock,0,original,Hoolock,hoolock,AMNH112688,AMNH,p2,l1,M1,L,train/hoolock/hoolock_AMNH112688/Hoolock#hoolock#AMNH112688#s#v#p2#l1#M1#L.jpg
train,hoolock,0,offline_augmented,Hoolock,hoolock,AMNH112688,AMNH,p2,l1,M1,L,train/hoolock/hoolock_AMNH112688/Hoolock#hoolock#AMNH112688#s#v#p2#l1#M1#L_aug_bright_sat.jpg
train,hoolock,0,offline_augmented,Hoolock,hoolock,AMNH112688,AMNH,p2,l1,M1,L,train/hoolock/hoolock_AMNH112688/Hoolock#hoolock#AMNH112688#s#v#p2#l1#M1#L_aug_cool.jpg
train,hoolock,0,offline_augmented,Hoolock,hoolock,AMNH112688,AMNH,p2,l1,M1,L,train/hoolock/hoolock_AMNH112688/Hoolock#hoolock#AMNH112688#s#v#p2#l1#M1#L_aug_muted.jpg
train,hoolock,0,offline_augmented,Hoolock,hoolock,AMNH112688,AMNH,p2,l1,M1,L,train/hoolock/hoolock_AMNH112688/Hoolock#hoolock#AMNH112688#s#v#p2#l1#M1#L_aug_vivid.jpg
train,hoolock,0,offline_augmented,Hoolock,hoolock,AMNH112688,AMNH,p2,l1,M1,L,train/hoolock/hoolock_AMNH112688/Hoolock#hoolock#AMNH112688#s#v#p2#l1#M1#L_aug_warm.jpg
train,hoolock,0,original,Hoolock,hoolock,AMNH112688,AMNH,p2,l1,M2,L,train/hoolock/hoolock_AMNH112688/Hoolock#hoolock#AMNH112688#s#v#p2#l1#M2#L.jpg
train,hoolock,0,offline_augmented,Hoolock,hoolock,AMNH112688,AMNH,p2,l1,M2,L,train/hoolock/hoolock_AMNH112688/Hoolock#hoolock#AMNH112688#s#v#p2#l1#M2#L_aug_cool.jpg
train,hoolock,0,offline_augmented,Hoolock,hoolock,AMNH112688,AMNH,p2,l1,M2,L,train/hoolock/hoolock_AMNH112688/Hoolock#hoolock#AMNH112688#s#v#p2#l1#M2#L_aug_dark_con.jpg
train,hoolock,0,offline_augmented,Hoolock,hoolock,AMNH112688,AMNH,p2,l1,M2,L,train/hoolock/hoolock_AMNH112688/Hoolock#hoolock#AMNH112688#s#v#p2#l1#M2#L_aug_muted.jpg
train,hoolock,0,offline_augmented,Hoolock,hoolock,AMNH112688,AMNH,p2,l1,M2,L,train/hoolock/hoolock_AMNH112688/Hoolock#hoolock#AMNH112688#s#v#p2#l1#M2#L_aug_vivid.jpg
train,hoolock,0,offline_augmented,Hoolock,hoolock,AMNH112688,AMNH,p2,l1,M2,L,train/hoolock/hoolock_AMNH112688/Hoolock#hoolock#AMNH112688#s#v#p2#l1#M2#L_aug_warm.jpg
train,hoolock,0,original,Hoolock,hoolock,AMNH112688,AMNH,p2,l1,M3,L,train/hoolock/hoolock_AMNH112688/Hoolock#hoolock#AMNH112688#s#v#p2#l1#M3#L.jpg
train,hoolock,0,offline_augmented,Hoolock,hoolock,AMNH112688,AMNH,p2,l1,M3,L,train/hoolock/hoolock_AMNH112688/Hoolock#hoolock#AMNH112688#s#v#p2#l1#M3#L_aug_cool.jpg
train,hoolock,0,offline_augmented,Hoolock,hoolock,AMNH112688,AMNH,p2,l1,M3,L,train/hoolock/hoolock_AMNH112688/Hoolock#hoolock#AMNH112688#s#v#p2#l1#M3#L_aug_hicon.jpg
train,hoolock,0,offline_augmented,Hoolock,hoolock,AMNH112688,AMNH,p2,l1,M3,L,train/hoolock/hoolock_AMNH112688/Hoolock#hoolock#AMNH112688#s#v#p2#l1#M3#L_aug_muted.jpg
train,hoolock,0,offline_augmented,Hoolock,hoolock,AMNH112688,AMNH,p2,l1,M3,L,train/hoolock/hoolock_AMNH112688/Hoolock#hoolock#AMNH112688#s#v#p2#l1#M3#L_aug_vivid.jpg
train,hoolock,0,offline_augmented,Hoolock,hoolock,AMNH112688,AMNH,p2,l1,M3,L,train/hoolock/hoolock_AMNH112688/Hoolock#hoolock#AMNH112688#s#v#p2#l1#M3#L_aug_warm.jpg
train,hoolock,0,original,Hoolock,hoolock,AMNH112688,AMNH,p3,l1,M2,L,train/hoolock/hoolock_AMNH112688/Hoolock#hoolock#AMNH112688#s#v#p3#l1#M2#L.jpg
train,hoolock,0,offline_augmented,Hoolock,hoolock,AMNH112688,AMNH,p3,l1,M2,L,train/hoolock/hoolock_AMNH112688/Hoolock#hoolock#AMNH112688#s#v#p3#l1#M2#L_aug_bright_sat.jpg
train,hoolock,0,offline_augmented,Hoolock,hoolock,AMNH112688,AMNH,p3,l1,M2,L,train/hoolock/hoolock_AMNH112688/Hoolock#hoolock#AMNH112688#s#v#p3#l1#M2#L_aug_cool.jpg
train,hoolock,0,offline_augmented,Hoolock,hoolock,AMNH112688,AMNH,p3,l1,M2,L,train/hoolock/hoolock_AMNH112688/Hoolock#hoolock#AMNH112688#s#v#p3#l1#M2#L_aug_hicon.jpg
train,hoolock,0,offline_augmented,Hoolock,hoolock,AMNH112688,AMNH,p3,l1,M2,L,train/hoolock/hoolock_AMNH112688/Hoolock#hoolock#AMNH112688#s#v#p3#l1#M2#L_aug_vivid.jpg
train,hoolock,0,offline_augmented,Hoolock,hoolock,AMNH112688,AMNH,p3,l1,M2,L,train/hoolock/hoolock_AMNH112688/Hoolock#hoolock#AMNH112688#s#v#p3#l1#M2#L_aug_warm.jpg
train,hoolock,0,original,Hoolock,hoolock,AMNH112688,AMNH,p3,l1,M3,L,train/hoolock/hoolock_AMNH112688/Hoolock#hoolock#AMNH112688#s#v#p3#l1#M3#L.jpg
train,hoolock,0,offline_augmented,Hoolock,hoolock,AMNH112688,AMNH,p3,l1,M3,L,train/hoolock/hoolock_AMNH112688/Hoolock#hoolock#AMNH112688#s#v#p3#l1#M3#L_aug_bright_sat.jpg
train,hoolock,0,offline_augmented,Hoolock,hoolock,AMNH112688,AMNH,p3,l1,M3,L,train/hoolock/hoolock_AMNH112688/Hoolock#hoolock#AMNH112688#s#v#p3#l1#M3#L_aug_cool.jpg
train,hoolock,0,offline_augmented,Hoolock,hoolock,AMNH112688,AMNH,p3,l1,M3,L,train/hoolock/hoolock_AMNH112688/Hoolock#hoolock#AMNH112688#s#v#p3#l1#M3#L_aug_hicon.jpg
train,hoolock,0,offline_augmented,Hoolock,hoolock,AMNH112688,AMNH,p3,l1,M3,L,train/hoolock/hoolock_AMNH112688/Hoolock#hoolock#AMNH112688#s#v#p3#l1#M3#L_aug_vivid.jpg
train,hoolock,0,offline_augmented,Hoolock,hoolock,AMNH112688,AMNH,p3,l1,M3,L,train/hoolock/hoolock_AMNH112688/Hoolock#hoolock#AMNH112688#s#v#p3#l1#M3#L_aug_warm.jpg
train,hoolock,0,original,Hoolock,hoolock,AMNH112689,AMNH,p1,l1,M1,L,train/hoolock/hoolock_AMNH112689/Hoolock#hoolock#AMNH112689#s#v#p1#l1#M1#L.jpg
train,hoolock,0,offline_augmented,Hoolock,hoolock,AMNH112689,AMNH,p1,l1,M1,L,train/hoolock/hoolock_AMNH112689/Hoolock#hoolock#AMNH112689#s#v#p1#l1#M1#L_aug_dark_con.jpg
train,hoolock,0,offline_augmented,Hoolock,hoolock,AMNH112689,AMNH,p1,l1,M1,L,train/hoolock/hoolock_AMNH112689/Hoolock#hoolock#AMNH112689#s#v#p1#l1#M1#L_aug_hicon.jpg
train,hoolock,0,offline_augmented,Hoolock,hoolock,AMNH112689,AMNH,p1,l1,M1,L,train/hoolock/hoolock_AMNH112689/Hoolock#hoolock#AMNH112689#s#v#p1#l1#M1#L_aug_muted.jpg
train,hoolock,0,offline_augmented,Hoolock,hoolock,AMNH112689,AMNH,p1,l1,M1,L,train/hoolock/hoolock_AMNH112689/Hoolock#hoolock#AMNH112689#s#v#p1#l1#M1#L_aug_vivid.jpg
train,hoolock,0,offline_augmented,Hoolock,hoolock,AMNH112689,AMNH,p1,l1,M1,L,train/hoolock/hoolock_AMNH112689/Hoolock#hoolock#AMNH112689#s#v#p1#l1#M1#L_aug_warm.jpg
train,hoolock,0,original,Hoolock,hoolock,AMNH112689,AMNH,p1,l1,M1,R,train/hoolock/hoolock_AMNH112689/Hoolock#hoolock#AMNH112689#s#v#p1#l1#M1#R.jpg
train,hoolock,0,offline_augmented,Hoolock,hoolock,AMNH112689,AMNH,p1,l1,M1,R,train/hoolock/hoolock_AMNH112689/Hoolock#hoolock#AMNH112689#s#v#p1#l1#M1#R_aug_dark_con.jpg
train,hoolock,0,offline_augmented,Hoolock,hoolock,AMNH112689,AMNH,p1,l1,M1,R,train/hoolock/hoolock_AMNH112689/Hoolock#hoolock#AMNH112689#s#v#p1#l1#M1#R_aug_hicon.jpg
train,hoolock,0,offline_augmented,Hoolock,hoolock,AMNH112689,AMNH,p1,l1,M1,R,train/hoolock/hoolock_AMNH112689/Hoolock#hoolock#AMNH112689#s#v#p1#l1#M1#R_aug_muted.jpg
train,hoolock,0,offline_augmented,Hoolock,hoolock,AMNH112689,AMNH,p1,l1,M1,R,train/hoolock/hoolock_AMNH112689/Hoolock#hoolock#AMNH112689#s#v#p1#l1#M1#R_aug_vivid.jpg
train,hoolock,0,offline_augmented,Hoolock,hoolock,AMNH112689,AMNH,p1,l1,M1,R,train/hoolock/hoolock_AMNH112689/Hoolock#hoolock#AMNH112689#s#v#p1#l1#M1#R_aug_warm.jpg
train,hoolock,0,original,Hoolock,hoolock,AMNH112692,AMNH,p1,l1,M2,R,train/hoolock/hoolock_AMNH112692/Hoolock#hoolock#AMNH112692#s#v#p1#l1#M2#R#B.jpg
train,hoolock,0,offline_augmented,Hoolock,hoolock,AMNH112692,AMNH,p1,l1,M2,R,train/hoolock/hoolock_AMNH112692/Hoolock#hoolock#AMNH112692#s#v#p1#l1#M2#R#B_aug_dark_con.jpg
train,hoolock,0,offline_augmented,Hoolock,hoolock,AMNH112692,AMNH,p1,l1,M2,R,train/hoolock/hoolock_AMNH112692/Hoolock#hoolock#AMNH112692#s#v#p1#l1#M2#R#B_aug_hicon.jpg
train,hoolock,0,offline_augmented,Hoolock,hoolock,AMNH112692,AMNH,p1,l1,M2,R,train/hoolock/hoolock_AMNH112692/Hoolock#hoolock#AMNH112692#s#v#p1#l1#M2#R#B_aug_muted.jpg
train,hoolock,0,offline_augmented,Hoolock,hoolock,AMNH112692,AMNH,p1,l1,M2,R,train/hoolock/hoolock_AMNH112692/Hoolock#hoolock#AMNH112692#s#v#p1#l1#M2#R#B_aug_soft.jpg
train,hoolock,0,offline_augmented,Hoolock,hoolock,AMNH112692,AMNH,p1,l1,M2,R,train/hoolock/hoolock_AMNH112692/Hoolock#hoolock#AMNH112692#s#v#p1#l1#M2#R#B_aug_vivid.jpg
train,hoolock,0,original,Hoolock,hoolock,AMNH112692,AMNH,p2,l1,M2,R,train/hoolock/hoolock_AMNH112692/Hoolock#hoolock#AMNH112692#s#v#p2#l1#M2#R#B.jpg
train,hoolock,0,offline_augmented,Hoolock,hoolock,AMNH112692,AMNH,p2,l1,M2,R,train/hoolock/hoolock_AMNH112692/Hoolock#hoolock#AMNH112692#s#v#p2#l1#M2#R#B_aug_dark_con.jpg
train,hoolock,0,offline_augmented,Hoolock,hoolock,AMNH112692,AMNH,p2,l1,M2,R,train/hoolock/hoolock_AMNH112692/Hoolock#hoolock#AMNH112692#s#v#p2#l1#M2#R#B_aug_hicon.jpg
train,hoolock,0,offline_augmented,Hoolock,hoolock,AMNH112692,AMNH,p2,l1,M2,R,train/hoolock/hoolock_AMNH112692/Hoolock#hoolock#AMNH112692#s#v#p2#l1#M2#R#B_aug_muted.jpg
train,hoolock,0,offline_augmented,Hoolock,hoolock,AMNH112692,AMNH,p2,l1,M2,R,train/hoolock/hoolock_AMNH112692/Hoolock#hoolock#AMNH112692#s#v#p2#l1#M2#R#B_aug_soft.jpg
train,hoolock,0,offline_augmented,Hoolock,hoolock,AMNH112692,AMNH,p2,l1,M2,R,train/hoolock/hoolock_AMNH112692/Hoolock#hoolock#AMNH112692#s#v#p2#l1#M2#R#B_aug_warm.jpg
train,hoolock,0,original,Hoolock,hoolock,AMNH112692,AMNH,p2,l1,M3,R,train/hoolock/hoolock_AMNH112692/Hoolock#hoolock#AMNH112692#s#v#p2#l1#M3#R.jpg
train,hoolock,0,offline_augmented,Hoolock,hoolock,AMNH112692,AMNH,p2,l1,M3,R,train/hoolock/hoolock_AMNH112692/Hoolock#hoolock#AMNH112692#s#v#p2#l1#M3#R_aug_hicon.jpg
train,hoolock,0,offline_augmented,Hoolock,hoolock,AMNH112692,AMNH,p2,l1,M3,R,train/hoolock/hoolock_AMNH112692/Hoolock#hoolock#AMNH112692#s#v#p2#l1#M3#R_aug_muted.jpg
train,hoolock,0,offline_augmented,Hoolock,hoolock,AMNH112692,AMNH,p2,l1,M3,R,train/hoolock/hoolock_AMNH112692/Hoolock#hoolock#AMNH112692#s#v#p2#l1#M3#R_aug_soft.jpg
train,hoolock,0,offline_augmented,Hoolock,hoolock,AMNH112692,AMNH,p2,l1,M3,R,train/hoolock/hoolock_AMNH112692/Hoolock#hoolock#AMNH112692#s#v#p2#l1#M3#R_aug_vivid.jpg
train,hoolock,0,offline_augmented,Hoolock,hoolock,AMNH112692,AMNH,p2,l1,M3,R,train/hoolock/hoolock_AMNH112692/Hoolock#hoolock#AMNH112692#s#v#p2#l1#M3#R_aug_warm.jpg
train,hoolock,0,original,Hoolock,hoolock,AMNH112694,AMNH,p1,l1,M1,R,train/hoolock/hoolock_AMNH112694/Hoolock#hoolock#AMNH112694#s#v#p1#l1#M1#R#B.jpg
train,hoolock,0,offline_augmented,Hoolock,hoolock,AMNH112694,AMNH,p1,l1,M1,R,train/hoolock/hoolock_AMNH112694/Hoolock#hoolock#AMNH112694#s#v#p1#l1#M1#R#B_aug_bright_sat.jpg
train,hoolock,0,offline_augmented,Hoolock,hoolock,AMNH112694,AMNH,p1,l1,M1,R,train/hoolock/hoolock_AMNH112694/Hoolock#hoolock#AMNH112694#s#v#p1#l1#M1#R#B_aug_dark_con.jpg
train,hoolock,0,offline_augmented,Hoolock,hoolock,AMNH112694,AMNH,p1,l1,M1,R,train/hoolock/hoolock_AMNH112694/Hoolock#hoolock#AMNH112694#s#v#p1#l1#M1#R#B_aug_hicon.jpg
train,hoolock,0,offline_augmented,Hoolock,hoolock,AMNH112694,AMNH,p1,l1,M1,R,train/hoolock/hoolock_AMNH112694/Hoolock#hoolock#AMNH112694#s#v#p1#l1#M1#R#B_aug_muted.jpg
train,hoolock,0,offline_augmented,Hoolock,hoolock,AMNH112694,AMNH,p1,l1,M1,R,train/hoolock/hoolock_AMNH112694/Hoolock#hoolock#AMNH112694#s#v#p1#l1#M1#R#B_aug_vivid.jpg
train,hoolock,0,original,Hoolock,hoolock,AMNH112694,AMNH,p1,l1,M2,R,train/hoolock/hoolock_AMNH112694/Hoolock#hoolock#AMNH112694#s#v#p1#l1#M2#R.jpg
train,hoolock,0,offline_augmented,Hoolock,hoolock,AMNH112694,AMNH,p1,l1,M2,R,train/hoolock/hoolock_AMNH112694/Hoolock#hoolock#AMNH112694#s#v#p1#l1#M2#R_aug_cool.jpg
train,hoolock,0,offline_augmented,Hoolock,hoolock,AMNH112694,AMNH,p1,l1,M2,R,train/hoolock/hoolock_AMNH112694/Hoolock#hoolock#AMNH112694#s#v#p1#l1#M2#R_aug_dark_con.jpg
train,hoolock,0,offline_augmented,Hoolock,hoolock,AMNH112694,AMNH,p1,l1,M2,R,train/hoolock/hoolock_AMNH112694/Hoolock#hoolock#AMNH112694#s#v#p1#l1#M2#R_aug_muted.jpg
train,hoolock,0,offline_augmented,Hoolock,hoolock,AMNH112694,AMNH,p1,l1,M2,R,train/hoolock/hoolock_AMNH112694/Hoolock#hoolock#AMNH112694#s#v#p1#l1#M2#R_aug_soft.jpg
train,hoolock,0,offline_augmented,Hoolock,hoolock,AMNH112694,AMNH,p1,l1,M2,R,train/hoolock/hoolock_AMNH112694/Hoolock#hoolock#AMNH112694#s#v#p1#l1#M2#R_aug_warm.jpg
train,hoolock,0,original,Hoolock,hoolock,AMNH112694,AMNH,p1,l1,M3,R,train/hoolock/hoolock_AMNH112694/Hoolock#hoolock#AMNH112694#s#v#p1#l1#M3#R.jpg
train,hoolock,0,offline_augmented,Hoolock,hoolock,AMNH112694,AMNH,p1,l1,M3,R,train/hoolock/hoolock_AMNH112694/Hoolock#hoolock#AMNH112694#s#v#p1#l1#M3#R_aug_bright_sat.jpg
train,hoolock,0,offline_augmented,Hoolock,hoolock,AMNH112694,AMNH,p1,l1,M3,R,train/hoolock/hoolock_AMNH112694/Hoolock#hoolock#AMNH112694#s#v#p1#l1#M3#R_aug_dark_con.jpg
train,hoolock,0,offline_augmented,Hoolock,hoolock,AMNH112694,AMNH,p1,l1,M3,R,train/hoolock/hoolock_AMNH112694/Hoolock#hoolock#AMNH112694#s#v#p1#l1#M3#R_aug_soft.jpg
train,hoolock,0,offline_augmented,Hoolock,hoolock,AMNH112694,AMNH,p1,l1,M3,R,train/hoolock/hoolock_AMNH112694/Hoolock#hoolock#AMNH112694#s#v#p1#l1#M3#R_aug_vivid.jpg
train,hoolock,0,offline_augmented,Hoolock,hoolock,AMNH112694,AMNH,p1,l1,M3,R,train/hoolock/hoolock_AMNH112694/Hoolock#hoolock#AMNH112694#s#v#p1#l1#M3#R_aug_warm.jpg
train,hoolock,0,original,Hoolock,hoolock,AMNH112694,AMNH,p2,l1,M2,L,train/hoolock/hoolock_AMNH112694/Hoolock#hoolock#AMNH112694#s#v#p2#l1#M2#L.jpg
train,hoolock,0,offline_augmented,Hoolock,hoolock,AMNH112694,AMNH,p2,l1,M2,L,train/hoolock/hoolock_AMNH112694/Hoolock#hoolock#AMNH112694#s#v#p2#l1#M2#L_aug_dark_con.jpg
train,hoolock,0,offline_augmented,Hoolock,hoolock,AMNH112694,AMNH,p2,l1,M2,L,train/hoolock/hoolock_AMNH112694/Hoolock#hoolock#AMNH112694#s#v#p2#l1#M2#L_aug_hicon.jpg
train,hoolock,0,offline_augmented,Hoolock,hoolock,AMNH112694,AMNH,p2,l1,M2,L,train/hoolock/hoolock_AMNH112694/Hoolock#hoolock#AMNH112694#s#v#p2#l1#M2#L_aug_muted.jpg
train,hoolock,0,offline_augmented,Hoolock,hoolock,AMNH112694,AMNH,p2,l1,M2,L,train/hoolock/hoolock_AMNH112694/Hoolock#hoolock#AMNH112694#s#v#p2#l1#M2#L_aug_soft.jpg
train,hoolock,0,offline_augmented,Hoolock,hoolock,AMNH112694,AMNH,p2,l1,M2,L,train/hoolock/hoolock_AMNH112694/Hoolock#hoolock#AMNH112694#s#v#p2#l1#M2#L_aug_vivid.jpg
train,hoolock,0,original,Hoolock,hoolock,AMNH112694,AMNH,p2,l1,M3,L,train/hoolock/hoolock_AMNH112694/Hoolock#hoolock#AMNH112694#s#v#p2#l1#M3#L.jpg
train,hoolock,0,offline_augmented,Hoolock,hoolock,AMNH112694,AMNH,p2,l1,M3,L,train/hoolock/hoolock_AMNH112694/Hoolock#hoolock#AMNH112694#s#v#p2#l1#M3#L_aug_bright_sat.jpg
train,hoolock,0,offline_augmented,Hoolock,hoolock,AMNH112694,AMNH,p2,l1,M3,L,train/hoolock/hoolock_AMNH112694/Hoolock#hoolock#AMNH112694#s#v#p2#l1#M3#L_aug_hicon.jpg
train,hoolock,0,offline_augmented,Hoolock,hoolock,AMNH112694,AMNH,p2,l1,M3,L,train/hoolock/hoolock_AMNH112694/Hoolock#hoolock#AMNH112694#s#v#p2#l1#M3#L_aug_muted.jpg
train,hoolock,0,offline_augmented,Hoolock,hoolock,AMNH112694,AMNH,p2,l1,M3,L,train/hoolock/hoolock_AMNH112694/Hoolock#hoolock#AMNH112694#s#v#p2#l1#M3#L_aug_soft.jpg
train,hoolock,0,offline_augmented,Hoolock,hoolock,AMNH112694,AMNH,p2,l1,M3,L,train/hoolock/hoolock_AMNH112694/Hoolock#hoolock#AMNH112694#s#v#p2#l1#M3#L_aug_warm.jpg
train,hoolock,0,original,Hoolock,hoolock,AMNH112695,AMNH,p1,l1,M1,L,train/hoolock/hoolock_AMNH112695/Hoolock#hoolock#AMNH112695#s#v#p1#l1#M1#L.jpg
train,hoolock,0,offline_augmented,Hoolock,hoolock,AMNH112695,AMNH,p1,l1,M1,L,train/hoolock/hoolock_AMNH112695/Hoolock#hoolock#AMNH112695#s#v#p1#l1#M1#L_aug_bright_sat.jpg
train,hoolock,0,offline_augmented,Hoolock,hoolock,AMNH112695,AMNH,p1,l1,M1,L,train/hoolock/hoolock_AMNH112695/Hoolock#hoolock#AMNH112695#s#v#p1#l1#M1#L_aug_cool.jpg
train,hoolock,0,offline_augmented,Hoolock,hoolock,AMNH112695,AMNH,p1,l1,M1,L,train/hoolock/hoolock_AMNH112695/Hoolock#hoolock#AMNH112695#s#v#p1#l1#M1#L_aug_hicon.jpg
train,hoolock,0,offline_augmented,Hoolock,hoolock,AMNH112695,AMNH,p1,l1,M1,L,train/hoolock/hoolock_AMNH112695/Hoolock#hoolock#AMNH112695#s#v#p1#l1#M1#L_aug_soft.jpg
train,hoolock,0,offline_augmented,Hoolock,hoolock,AMNH112695,AMNH,p1,l1,M1,L,train/hoolock/hoolock_AMNH112695/Hoolock#hoolock#AMNH112695#s#v#p1#l1#M1#L_aug_warm.jpg
train,hoolock,0,original,Hoolock,hoolock,AMNH112696,AMNH,p1,l1,M2,R,train/hoolock/hoolock_AMNH112696/Hoolock#hoolock#AMNH112696#s#v#p1#l1#M2#R#B.jpg
train,hoolock,0,offline_augmented,Hoolock,hoolock,AMNH112696,AMNH,p1,l1,M2,R,train/hoolock/hoolock_AMNH112696/Hoolock#hoolock#AMNH112696#s#v#p1#l1#M2#R#B_aug_hicon.jpg
train,hoolock,0,offline_augmented,Hoolock,hoolock,AMNH112696,AMNH,p1,l1,M2,R,train/hoolock/hoolock_AMNH112696/Hoolock#hoolock#AMNH112696#s#v#p1#l1#M2#R#B_aug_muted.jpg
train,hoolock,0,offline_augmented,Hoolock,hoolock,AMNH112696,AMNH,p1,l1,M2,R,train/hoolock/hoolock_AMNH112696/Hoolock#hoolock#AMNH112696#s#v#p1#l1#M2#R#B_aug_soft.jpg
train,hoolock,0,offline_augmented,Hoolock,hoolock,AMNH112696,AMNH,p1,l1,M2,R,train/hoolock/hoolock_AMNH112696/Hoolock#hoolock#AMNH112696#s#v#p1#l1#M2#R#B_aug_vivid.jpg
train,hoolock,0,offline_augmented,Hoolock,hoolock,AMNH112696,AMNH,p1,l1,M2,R,train/hoolock/hoolock_AMNH112696/Hoolock#hoolock#AMNH112696#s#v#p1#l1#M2#R#B_aug_warm.jpg
train,hoolock,0,original,Hoolock,hoolock,AMNH112696,AMNH,p2,l1,M2,R,train/hoolock/hoolock_AMNH112696/Hoolock#hoolock#AMNH112696#s#v#p2#l1#M2#R#B.jpg
train,hoolock,0,offline_augmented,Hoolock,hoolock,AMNH112696,AMNH,p2,l1,M2,R,train/hoolock/hoolock_AMNH112696/Hoolock#hoolock#AMNH112696#s#v#p2#l1#M2#R#B_aug_bright_sat.jpg
train,hoolock,0,offline_augmented,Hoolock,hoolock,AMNH112696,AMNH,p2,l1,M2,R,train/hoolock/hoolock_AMNH112696/Hoolock#hoolock#AMNH112696#s#v#p2#l1#M2#R#B_aug_cool.jpg
train,hoolock,0,offline_augmented,Hoolock,hoolock,AMNH112696,AMNH,p2,l1,M2,R,train/hoolock/hoolock_AMNH112696/Hoolock#hoolock#AMNH112696#s#v#p2#l1#M2#R#B_aug_dark_con.jpg
train,hoolock,0,offline_augmented,Hoolock,hoolock,AMNH112696,AMNH,p2,l1,M2,R,train/hoolock/hoolock_AMNH112696/Hoolock#hoolock#AMNH112696#s#v#p2#l1#M2#R#B_aug_hicon.jpg
train,hoolock,0,offline_augmented,Hoolock,hoolock,AMNH112696,AMNH,p2,l1,M2,R,train/hoolock/hoolock_AMNH112696/Hoolock#hoolock#AMNH112696#s#v#p2#l1#M2#R#B_aug_warm.jpg
train,hoolock,0,original,Hoolock,hoolock,AMNH112696,AMNH,p2,l1,M3,R,train/hoolock/hoolock_AMNH112696/Hoolock#hoolock#AMNH112696#s#v#p2#l1#M3#R.jpg
train,hoolock,0,offline_augmented,Hoolock,hoolock,AMNH112696,AMNH,p2,l1,M3,R,train/hoolock/hoolock_AMNH112696/Hoolock#hoolock#AMNH112696#s#v#p2#l1#M3#R_aug_cool.jpg
train,hoolock,0,offline_augmented,Hoolock,hoolock,AMNH112696,AMNH,p2,l1,M3,R,train/hoolock/hoolock_AMNH112696/Hoolock#hoolock#AMNH112696#s#v#p2#l1#M3#R_aug_dark_con.jpg
train,hoolock,0,offline_augmented,Hoolock,hoolock,AMNH112696,AMNH,p2,l1,M3,R,train/hoolock/hoolock_AMNH112696/Hoolock#hoolock#AMNH112696#s#v#p2#l1#M3#R_aug_hicon.jpg
train,hoolock,0,offline_augmented,Hoolock,hoolock,AMNH112696,AMNH,p2,l1,M3,R,train/hoolock/hoolock_AMNH112696/Hoolock#hoolock#AMNH112696#s#v#p2#l1#M3#R_aug_muted.jpg
train,hoolock,0,offline_augmented,Hoolock,hoolock,AMNH112696,AMNH,p2,l1,M3,R,train/hoolock/hoolock_AMNH112696/Hoolock#hoolock#AMNH112696#s#v#p2#l1#M3#R_aug_soft.jpg
train,hoolock,0,original,Hoolock,hoolock,AMNH112696,AMNH,p3,l1,M2,R,train/hoolock/hoolock_AMNH112696/Hoolock#hoolock#AMNH112696#s#v#p3#l1#M2#R#B.jpg
train,hoolock,0,offline_augmented,Hoolock,hoolock,AMNH112696,AMNH,p3,l1,M2,R,train/hoolock/hoolock_AMNH112696/Hoolock#hoolock#AMNH112696#s#v#p3#l1#M2#R#B_aug_bright_sat.jpg
train,hoolock,0,offline_augmented,Hoolock,hoolock,AMNH112696,AMNH,p3,l1,M2,R,train/hoolock/hoolock_AMNH112696/Hoolock#hoolock#AMNH112696#s#v#p3#l1#M2#R#B_aug_cool.jpg
train,hoolock,0,offline_augmented,Hoolock,hoolock,AMNH112696,AMNH,p3,l1,M2,R,train/hoolock/hoolock_AMNH112696/Hoolock#hoolock#AMNH112696#s#v#p3#l1#M2#R#B_aug_hicon.jpg
train,hoolock,0,offline_augmented,Hoolock,hoolock,AMNH112696,AMNH,p3,l1,M2,R,train/hoolock/hoolock_AMNH112696/Hoolock#hoolock#AMNH112696#s#v#p3#l1#M2#R#B_aug_muted.jpg
train,hoolock,0,offline_augmented,Hoolock,hoolock,AMNH112696,AMNH,p3,l1,M2,R,train/hoolock/hoolock_AMNH112696/Hoolock#hoolock#AMNH112696#s#v#p3#l1#M2#R#B_aug_vivid.jpg
train,hoolock,0,original,Hoolock,hoolock,AMNH112696,AMNH,p3,l1,M3,R,train/hoolock/hoolock_AMNH112696/Hoolock#hoolock#AMNH112696#s#v#p3#l1#M3#R.jpg
train,hoolock,0,offline_augmented,Hoolock,hoolock,AMNH112696,AMNH,p3,l1,M3,R,train/hoolock/hoolock_AMNH112696/Hoolock#hoolock#AMNH112696#s#v#p3#l1#M3#R_aug_cool.jpg
train,hoolock,0,offline_augmented,Hoolock,hoolock,AMNH112696,AMNH,p3,l1,M3,R,train/hoolock/hoolock_AMNH112696/Hoolock#hoolock#AMNH112696#s#v#p3#l1#M3#R_aug_dark_con.jpg
train,hoolock,0,offline_augmented,Hoolock,hoolock,AMNH112696,AMNH,p3,l1,M3,R,train/hoolock/hoolock_AMNH112696/Hoolock#hoolock#AMNH112696#s#v#p3#l1#M3#R_aug_muted.jpg
train,hoolock,0,offline_augmented,Hoolock,hoolock,AMNH112696,AMNH,p3,l1,M3,R,train/hoolock/hoolock_AMNH112696/Hoolock#hoolock#AMNH112696#s#v#p3#l1#M3#R_aug_vivid.jpg
train,hoolock,0,offline_augmented,Hoolock,hoolock,AMNH112696,AMNH,p3,l1,M3,R,train/hoolock/hoolock_AMNH112696/Hoolock#hoolock#AMNH112696#s#v#p3#l1#M3#R_aug_warm.jpg
train,hoolock,0,original,Hoolock,hoolock,AMNH112697,AMNH,p1,l1,M3,L,train/hoolock/hoolock_AMNH112697/Hoolock#hoolock#AMNH112697#s#v#p1#l1#M3#L.jpg
train,hoolock,0,offline_augmented,Hoolock,hoolock,AMNH112697,AMNH,p1,l1,M3,L,train/hoolock/hoolock_AMNH112697/Hoolock#hoolock#AMNH112697#s#v#p1#l1#M3#L_aug_dark_con.jpg
train,hoolock,0,offline_augmented,Hoolock,hoolock,AMNH112697,AMNH,p1,l1,M3,L,train/hoolock/hoolock_AMNH112697/Hoolock#hoolock#AMNH112697#s#v#p1#l1#M3#L_aug_hicon.jpg
train,hoolock,0,offline_augmented,Hoolock,hoolock,AMNH112697,AMNH,p1,l1,M3,L,train/hoolock/hoolock_AMNH112697/Hoolock#hoolock#AMNH112697#s#v#p1#l1#M3#L_aug_muted.jpg
train,hoolock,0,offline_augmented,Hoolock,hoolock,AMNH112697,AMNH,p1,l1,M3,L,train/hoolock/hoolock_AMNH112697/Hoolock#hoolock#AMNH112697#s#v#p1#l1#M3#L_aug_vivid.jpg
train,hoolock,0,offline_augmented,Hoolock,hoolock,AMNH112697,AMNH,p1,l1,M3,L,train/hoolock/hoolock_AMNH112697/Hoolock#hoolock#AMNH112697#s#v#p1#l1#M3#L_aug_warm.jpg
train,hoolock,0,original,Hoolock,hoolock,AMNH112697,AMNH,p2,l1,M1,L,train/hoolock/hoolock_AMNH112697/Hoolock#hoolock#AMNH112697#s#v#p2#l1#M1#L.jpg
train,hoolock,0,offline_augmented,Hoolock,hoolock,AMNH112697,AMNH,p2,l1,M1,L,train/hoolock/hoolock_AMNH112697/Hoolock#hoolock#AMNH112697#s#v#p2#l1#M1#L_aug_cool.jpg
train,hoolock,0,offline_augmented,Hoolock,hoolock,AMNH112697,AMNH,p2,l1,M1,L,train/hoolock/hoolock_AMNH112697/Hoolock#hoolock#AMNH112697#s#v#p2#l1#M1#L_aug_dark_con.jpg
train,hoolock,0,offline_augmented,Hoolock,hoolock,AMNH112697,AMNH,p2,l1,M1,L,train/hoolock/hoolock_AMNH112697/Hoolock#hoolock#AMNH112697#s#v#p2#l1#M1#L_aug_muted.jpg
train,hoolock,0,offline_augmented,Hoolock,hoolock,AMNH112697,AMNH,p2,l1,M1,L,train/hoolock/hoolock_AMNH112697/Hoolock#hoolock#AMNH112697#s#v#p2#l1#M1#L_aug_vivid.jpg
train,hoolock,0,offline_augmented,Hoolock,hoolock,AMNH112697,AMNH,p2,l1,M1,L,train/hoolock/hoolock_AMNH112697/Hoolock#hoolock#AMNH112697#s#v#p2#l1#M1#L_aug_warm.jpg
train,hoolock,0,original,Hoolock,hoolock,AMNH112697,AMNH,p3,l1,M3,L,train/hoolock/hoolock_AMNH112697/Hoolock#hoolock#AMNH112697#s#v#p3#l1#M3#L.jpg
train,hoolock,0,offline_augmented,Hoolock,hoolock,AMNH112697,AMNH,p3,l1,M3,L,train/hoolock/hoolock_AMNH112697/Hoolock#hoolock#AMNH112697#s#v#p3#l1#M3#L_aug_cool.jpg
train,hoolock,0,offline_augmented,Hoolock,hoolock,AMNH112697,AMNH,p3,l1,M3,L,train/hoolock/hoolock_AMNH112697/Hoolock#hoolock#AMNH112697#s#v#p3#l1#M3#L_aug_dark_con.jpg
train,hoolock,0,offline_augmented,Hoolock,hoolock,AMNH112697,AMNH,p3,l1,M3,L,train/hoolock/hoolock_AMNH112697/Hoolock#hoolock#AMNH112697#s#v#p3#l1#M3#L_aug_muted.jpg
train,hoolock,0,offline_augmented,Hoolock,hoolock,AMNH112697,AMNH,p3,l1,M3,L,train/hoolock/hoolock_AMNH112697/Hoolock#hoolock#AMNH112697#s#v#p3#l1#M3#L_aug_soft.jpg
train,hoolock,0,offline_augmented,Hoolock,hoolock,AMNH112697,AMNH,p3,l1,M3,L,train/hoolock/hoolock_AMNH112697/Hoolock#hoolock#AMNH112697#s#v#p3#l1#M3#L_aug_warm.jpg
train,hoolock,0,original,Hoolock,hoolock,AMNH112699,AMNH,p1,l1,M1,R,train/hoolock/hoolock_AMNH112699/Hoolock#hoolock#AMNH112699#s#v#p1#l1#M1#R.jpg
train,hoolock,0,offline_augmented,Hoolock,hoolock,AMNH112699,AMNH,p1,l1,M1,R,train/hoolock/hoolock_AMNH112699/Hoolock#hoolock#AMNH112699#s#v#p1#l1#M1#R_aug_cool.jpg
train,hoolock,0,offline_augmented,Hoolock,hoolock,AMNH112699,AMNH,p1,l1,M1,R,train/hoolock/hoolock_AMNH112699/Hoolock#hoolock#AMNH112699#s#v#p1#l1#M1#R_aug_muted.jpg
train,hoolock,0,offline_augmented,Hoolock,hoolock,AMNH112699,AMNH,p1,l1,M1,R,train/hoolock/hoolock_AMNH112699/Hoolock#hoolock#AMNH112699#s#v#p1#l1#M1#R_aug_soft.jpg
train,hoolock,0,offline_augmented,Hoolock,hoolock,AMNH112699,AMNH,p1,l1,M1,R,train/hoolock/hoolock_AMNH112699/Hoolock#hoolock#AMNH112699#s#v#p1#l1#M1#R_aug_vivid.jpg
train,hoolock,0,offline_augmented,Hoolock,hoolock,AMNH112699,AMNH,p1,l1,M1,R,train/hoolock/hoolock_AMNH112699/Hoolock#hoolock#AMNH112699#s#v#p1#l1#M1#R_aug_warm.jpg
train,hoolock,0,original,Hoolock,hoolock,AMNH112700,AMNH,p1,l1,M2,L,train/hoolock/hoolock_AMNH112700/Hoolock#hoolock#AMNH112700#s#v#p1#l1#M2#L.jpg
train,hoolock,0,offline_augmented,Hoolock,hoolock,AMNH112700,AMNH,p1,l1,M2,L,train/hoolock/hoolock_AMNH112700/Hoolock#hoolock#AMNH112700#s#v#p1#l1#M2#L_aug_cool.jpg
train,hoolock,0,offline_augmented,Hoolock,hoolock,AMNH112700,AMNH,p1,l1,M2,L,train/hoolock/hoolock_AMNH112700/Hoolock#hoolock#AMNH112700#s#v#p1#l1#M2#L_aug_dark_con.jpg
train,hoolock,0,offline_augmented,Hoolock,hoolock,AMNH112700,AMNH,p1,l1,M2,L,train/hoolock/hoolock_AMNH112700/Hoolock#hoolock#AMNH112700#s#v#p1#l1#M2#L_aug_hicon.jpg
train,hoolock,0,offline_augmented,Hoolock,hoolock,AMNH112700,AMNH,p1,l1,M2,L,train/hoolock/hoolock_AMNH112700/Hoolock#hoolock#AMNH112700#s#v#p1#l1#M2#L_aug_muted.jpg
train,hoolock,0,offline_augmented,Hoolock,hoolock,AMNH112700,AMNH,p1,l1,M2,L,train/hoolock/hoolock_AMNH112700/Hoolock#hoolock#AMNH112700#s#v#p1#l1#M2#L_aug_vivid.jpg
train,hoolock,0,original,Hoolock,hoolock,AMNH112700,AMNH,p1,l1,M2,R,train/hoolock/hoolock_AMNH112700/Hoolock#hoolock#AMNH112700#s#v#p1#l1#M2#R.jpg
train,hoolock,0,offline_augmented,Hoolock,hoolock,AMNH112700,AMNH,p1,l1,M2,R,train/hoolock/hoolock_AMNH112700/Hoolock#hoolock#AMNH112700#s#v#p1#l1#M2#R_aug_bright_sat.jpg
train,hoolock,0,offline_augmented,Hoolock,hoolock,AMNH112700,AMNH,p1,l1,M2,R,train/hoolock/hoolock_AMNH112700/Hoolock#hoolock#AMNH112700#s#v#p1#l1#M2#R_aug_cool.jpg
train,hoolock,0,offline_augmented,Hoolock,hoolock,AMNH112700,AMNH,p1,l1,M2,R,train/hoolock/hoolock_AMNH112700/Hoolock#hoolock#AMNH112700#s#v#p1#l1#M2#R_aug_dark_con.jpg
train,hoolock,0,offline_augmented,Hoolock,hoolock,AMNH112700,AMNH,p1,l1,M2,R,train/hoolock/hoolock_AMNH112700/Hoolock#hoolock#AMNH112700#s#v#p1#l1#M2#R_aug_muted.jpg
train,hoolock,0,offline_augmented,Hoolock,hoolock,AMNH112700,AMNH,p1,l1,M2,R,train/hoolock/hoolock_AMNH112700/Hoolock#hoolock#AMNH112700#s#v#p1#l1#M2#R_aug_vivid.jpg
train,hoolock,0,original,Hoolock,hoolock,AMNH112701,AMNH,p1,l1,M1,R,train/hoolock/hoolock_AMNH112701/Hoolock#hoolock#AMNH112701#s#v#p1#l1#M1#R#A.jpg
train,hoolock,0,offline_augmented,Hoolock,hoolock,AMNH112701,AMNH,p1,l1,M1,R,train/hoolock/hoolock_AMNH112701/Hoolock#hoolock#AMNH112701#s#v#p1#l1#M1#R#A_aug_bright_sat.jpg
train,hoolock,0,offline_augmented,Hoolock,hoolock,AMNH112701,AMNH,p1,l1,M1,R,train/hoolock/hoolock_AMNH112701/Hoolock#hoolock#AMNH112701#s#v#p1#l1#M1#R#A_aug_cool.jpg
train,hoolock,0,offline_augmented,Hoolock,hoolock,AMNH112701,AMNH,p1,l1,M1,R,train/hoolock/hoolock_AMNH112701/Hoolock#hoolock#AMNH112701#s#v#p1#l1#M1#R#A_aug_dark_con.jpg
train,hoolock,0,offline_augmented,Hoolock,hoolock,AMNH112701,AMNH,p1,l1,M1,R,train/hoolock/hoolock_AMNH112701/Hoolock#hoolock#AMNH112701#s#v#p1#l1#M1#R#A_aug_hicon.jpg
train,hoolock,0,offline_augmented,Hoolock,hoolock,AMNH112701,AMNH,p1,l1,M1,R,train/hoolock/hoolock_AMNH112701/Hoolock#hoolock#AMNH112701#s#v#p1#l1#M1#R#A_aug_muted.jpg
train,hoolock,0,original,Hoolock,hoolock,AMNH112701,AMNH,p1,l1,M2,R,train/hoolock/hoolock_AMNH112701/Hoolock#hoolock#AMNH112701#s#v#p1#l1#M2#R#A.jpg
train,hoolock,0,offline_augmented,Hoolock,hoolock,AMNH112701,AMNH,p1,l1,M2,R,train/hoolock/hoolock_AMNH112701/Hoolock#hoolock#AMNH112701#s#v#p1#l1#M2#R#A_aug_dark_con.jpg
train,hoolock,0,offline_augmented,Hoolock,hoolock,AMNH112701,AMNH,p1,l1,M2,R,train/hoolock/hoolock_AMNH112701/Hoolock#hoolock#AMNH112701#s#v#p1#l1#M2#R#A_aug_hicon.jpg
train,hoolock,0,offline_augmented,Hoolock,hoolock,AMNH112701,AMNH,p1,l1,M2,R,train/hoolock/hoolock_AMNH112701/Hoolock#hoolock#AMNH112701#s#v#p1#l1#M2#R#A_aug_muted.jpg
train,hoolock,0,offline_augmented,Hoolock,hoolock,AMNH112701,AMNH,p1,l1,M2,R,train/hoolock/hoolock_AMNH112701/Hoolock#hoolock#AMNH112701#s#v#p1#l1#M2#R#A_aug_vivid.jpg
train,hoolock,0,offline_augmented,Hoolock,hoolock,AMNH112701,AMNH,p1,l1,M2,R,train/hoolock/hoolock_AMNH112701/Hoolock#hoolock#AMNH112701#s#v#p1#l1#M2#R#A_aug_warm.jpg
train,hoolock,0,original,Hoolock,hoolock,AMNH112701,AMNH,p2,l1,M1,R,train/hoolock/hoolock_AMNH112701/Hoolock#hoolock#AMNH112701#s#v#p2#l1#M1#R#A.jpg
train,hoolock,0,offline_augmented,Hoolock,hoolock,AMNH112701,AMNH,p2,l1,M1,R,train/hoolock/hoolock_AMNH112701/Hoolock#hoolock#AMNH112701#s#v#p2#l1#M1#R#A_aug_bright_sat.jpg
train,hoolock,0,offline_augmented,Hoolock,hoolock,AMNH112701,AMNH,p2,l1,M1,R,train/hoolock/hoolock_AMNH112701/Hoolock#hoolock#AMNH112701#s#v#p2#l1#M1#R#A_aug_cool.jpg
train,hoolock,0,offline_augmented,Hoolock,hoolock,AMNH112701,AMNH,p2,l1,M1,R,train/hoolock/hoolock_AMNH112701/Hoolock#hoolock#AMNH112701#s#v#p2#l1#M1#R#A_aug_hicon.jpg
train,hoolock,0,offline_augmented,Hoolock,hoolock,AMNH112701,AMNH,p2,l1,M1,R,train/hoolock/hoolock_AMNH112701/Hoolock#hoolock#AMNH112701#s#v#p2#l1#M1#R#A_aug_muted.jpg
train,hoolock,0,offline_augmented,Hoolock,hoolock,AMNH112701,AMNH,p2,l1,M1,R,train/hoolock/hoolock_AMNH112701/Hoolock#hoolock#AMNH112701#s#v#p2#l1#M1#R#A_aug_soft.jpg
train,hoolock,0,original,Hoolock,hoolock,AMNH112701,AMNH,p2,l1,M2,R,train/hoolock/hoolock_AMNH112701/Hoolock#hoolock#AMNH112701#s#v#p2#l1#M2#R#A.jpg
train,hoolock,0,offline_augmented,Hoolock,hoolock,AMNH112701,AMNH,p2,l1,M2,R,train/hoolock/hoolock_AMNH112701/Hoolock#hoolock#AMNH112701#s#v#p2#l1#M2#R#A_aug_dark_con.jpg
train,hoolock,0,offline_augmented,Hoolock,hoolock,AMNH112701,AMNH,p2,l1,M2,R,train/hoolock/hoolock_AMNH112701/Hoolock#hoolock#AMNH112701#s#v#p2#l1#M2#R#A_aug_hicon.jpg
train,hoolock,0,offline_augmented,Hoolock,hoolock,AMNH112701,AMNH,p2,l1,M2,R,train/hoolock/hoolock_AMNH112701/Hoolock#hoolock#AMNH112701#s#v#p2#l1#M2#R#A_aug_muted.jpg
train,hoolock,0,offline_augmented,Hoolock,hoolock,AMNH112701,AMNH,p2,l1,M2,R,train/hoolock/hoolock_AMNH112701/Hoolock#hoolock#AMNH112701#s#v#p2#l1#M2#R#A_aug_soft.jpg
train,hoolock,0,offline_augmented,Hoolock,hoolock,AMNH112701,AMNH,p2,l1,M2,R,train/hoolock/hoolock_AMNH112701/Hoolock#hoolock#AMNH112701#s#v#p2#l1#M2#R#A_aug_warm.jpg
train,hoolock,0,original,Hoolock,hoolock,AMNH112701,AMNH,p3,l1,M1,L,train/hoolock/hoolock_AMNH112701/Hoolock#hoolock#AMNH112701#s#v#p3#l1#M1#L#A.jpg
train,hoolock,0,offline_augmented,Hoolock,hoolock,AMNH112701,AMNH,p3,l1,M1,L,train/hoolock/hoolock_AMNH112701/Hoolock#hoolock#AMNH112701#s#v#p3#l1#M1#L#A_aug_bright_sat.jpg
train,hoolock,0,offline_augmented,Hoolock,hoolock,AMNH112701,AMNH,p3,l1,M1,L,train/hoolock/hoolock_AMNH112701/Hoolock#hoolock#AMNH112701#s#v#p3#l1#M1#L#A_aug_hicon.jpg
train,hoolock,0,offline_augmented,Hoolock,hoolock,AMNH112701,AMNH,p3,l1,M1,L,train/hoolock/hoolock_AMNH112701/Hoolock#hoolock#AMNH112701#s#v#p3#l1#M1#L#A_aug_muted.jpg
train,hoolock,0,offline_augmented,Hoolock,hoolock,AMNH112701,AMNH,p3,l1,M1,L,train/hoolock/hoolock_AMNH112701/Hoolock#hoolock#AMNH112701#s#v#p3#l1#M1#L#A_aug_soft.jpg
train,hoolock,0,offline_augmented,Hoolock,hoolock,AMNH112701,AMNH,p3,l1,M1,L,train/hoolock/hoolock_AMNH112701/Hoolock#hoolock#AMNH112701#s#v#p3#l1#M1#L#A_aug_warm.jpg
train,hoolock,0,original,Hoolock,hoolock,AMNH112701,AMNH,p3,l1,M2,L,train/hoolock/hoolock_AMNH112701/Hoolock#hoolock#AMNH112701#s#v#p3#l1#M2#L#A.jpg
train,hoolock,0,offline_augmented,Hoolock,hoolock,AMNH112701,AMNH,p3,l1,M2,L,train/hoolock/hoolock_AMNH112701/Hoolock#hoolock#AMNH112701#s#v#p3#l1#M2#L#A_aug_bright_sat.jpg
train,hoolock,0,offline_augmented,Hoolock,hoolock,AMNH112701,AMNH,p3,l1,M2,L,train/hoolock/hoolock_AMNH112701/Hoolock#hoolock#AMNH112701#s#v#p3#l1#M2#L#A_aug_dark_con.jpg
train,hoolock,0,offline_augmented,Hoolock,hoolock,AMNH112701,AMNH,p3,l1,M2,L,train/hoolock/hoolock_AMNH112701/Hoolock#hoolock#AMNH112701#s#v#p3#l1#M2#L#A_aug_hicon.jpg
train,hoolock,0,offline_augmented,Hoolock,hoolock,AMNH112701,AMNH,p3,l1,M2,L,train/hoolock/hoolock_AMNH112701/Hoolock#hoolock#AMNH112701#s#v#p3#l1#M2#L#A_aug_muted.jpg
train,hoolock,0,offline_augmented,Hoolock,hoolock,AMNH112701,AMNH,p3,l1,M2,L,train/hoolock/hoolock_AMNH112701/Hoolock#hoolock#AMNH112701#s#v#p3#l1#M2#L#A_aug_soft.jpg
train,hoolock,0,original,Hoolock,hoolock,AMNH112701,AMNH,p3,l1,M3,L,train/hoolock/hoolock_AMNH112701/Hoolock#hoolock#AMNH112701#s#v#p3#l1#M3#L.jpg
train,hoolock,0,offline_augmented,Hoolock,hoolock,AMNH112701,AMNH,p3,l1,M3,L,train/hoolock/hoolock_AMNH112701/Hoolock#hoolock#AMNH112701#s#v#p3#l1#M3#L_aug_bright_sat.jpg
train,hoolock,0,offline_augmented,Hoolock,hoolock,AMNH112701,AMNH,p3,l1,M3,L,train/hoolock/hoolock_AMNH112701/Hoolock#hoolock#AMNH112701#s#v#p3#l1#M3#L_aug_cool.jpg
train,hoolock,0,offline_augmented,Hoolock,hoolock,AMNH112701,AMNH,p3,l1,M3,L,train/hoolock/hoolock_AMNH112701/Hoolock#hoolock#AMNH112701#s#v#p3#l1#M3#L_aug_dark_con.jpg
train,hoolock,0,offline_augmented,Hoolock,hoolock,AMNH112701,AMNH,p3,l1,M3,L,train/hoolock/hoolock_AMNH112701/Hoolock#hoolock#AMNH112701#s#v#p3#l1#M3#L_aug_muted.jpg
train,hoolock,0,offline_augmented,Hoolock,hoolock,AMNH112701,AMNH,p3,l1,M3,L,train/hoolock/hoolock_AMNH112701/Hoolock#hoolock#AMNH112701#s#v#p3#l1#M3#L_aug_warm.jpg
train,hoolock,0,original,Hoolock,hoolock,AMNH112702,AMNH,p1,l1,M1,L,train/hoolock/hoolock_AMNH112702/Hoolock#hoolock#AMNH112702#s#v#p1#l1#M1#L#B.jpg
train,hoolock,0,offline_augmented,Hoolock,hoolock,AMNH112702,AMNH,p1,l1,M1,L,train/hoolock/hoolock_AMNH112702/Hoolock#hoolock#AMNH112702#s#v#p1#l1#M1#L#B_aug_bright_sat.jpg
train,hoolock,0,offline_augmented,Hoolock,hoolock,AMNH112702,AMNH,p1,l1,M1,L,train/hoolock/hoolock_AMNH112702/Hoolock#hoolock#AMNH112702#s#v#p1#l1#M1#L#B_aug_cool.jpg
train,hoolock,0,offline_augmented,Hoolock,hoolock,AMNH112702,AMNH,p1,l1,M1,L,train/hoolock/hoolock_AMNH112702/Hoolock#hoolock#AMNH112702#s#v#p1#l1#M1#L#B_aug_dark_con.jpg
train,hoolock,0,offline_augmented,Hoolock,hoolock,AMNH112702,AMNH,p1,l1,M1,L,train/hoolock/hoolock_AMNH112702/Hoolock#hoolock#AMNH112702#s#v#p1#l1#M1#L#B_aug_soft.jpg
train,hoolock,0,offline_augmented,Hoolock,hoolock,AMNH112702,AMNH,p1,l1,M1,L,train/hoolock/hoolock_AMNH112702/Hoolock#hoolock#AMNH112702#s#v#p1#l1#M1#L#B_aug_vivid.jpg
train,hoolock,0,original,Hoolock,hoolock,AMNH112702,AMNH,p2,l1,M3,L,train/hoolock/hoolock_AMNH112702/Hoolock#hoolock#AMNH112702#s#v#p2#l1#M3#L.jpg
train,hoolock,0,offline_augmented,Hoolock,hoolock,AMNH112702,AMNH,p2,l1,M3,L,train/hoolock/hoolock_AMNH112702/Hoolock#hoolock#AMNH112702#s#v#p2#l1#M3#L_aug_cool.jpg
train,hoolock,0,offline_augmented,Hoolock,hoolock,AMNH112702,AMNH,p2,l1,M3,L,train/hoolock/hoolock_AMNH112702/Hoolock#hoolock#AMNH112702#s#v#p2#l1#M3#L_aug_hicon.jpg
train,hoolock,0,offline_augmented,Hoolock,hoolock,AMNH112702,AMNH,p2,l1,M3,L,train/hoolock/hoolock_AMNH112702/Hoolock#hoolock#AMNH112702#s#v#p2#l1#M3#L_aug_muted.jpg
train,hoolock,0,offline_augmented,Hoolock,hoolock,AMNH112702,AMNH,p2,l1,M3,L,train/hoolock/hoolock_AMNH112702/Hoolock#hoolock#AMNH112702#s#v#p2#l1#M3#L_aug_vivid.jpg
train,hoolock,0,offline_augmented,Hoolock,hoolock,AMNH112702,AMNH,p2,l1,M3,L,train/hoolock/hoolock_AMNH112702/Hoolock#hoolock#AMNH112702#s#v#p2#l1#M3#L_aug_warm.jpg
train,hoolock,0,original,Hoolock,hoolock,AMNH112703,AMNH,p1,l1,M1,R,train/hoolock/hoolock_AMNH112703/Hoolock#hoolock#AMNH112703#s#v#p1#l1#M1#R.jpg
train,hoolock,0,offline_augmented,Hoolock,hoolock,AMNH112703,AMNH,p1,l1,M1,R,train/hoolock/hoolock_AMNH112703/Hoolock#hoolock#AMNH112703#s#v#p1#l1#M1#R_aug_bright_sat.jpg
train,hoolock,0,offline_augmented,Hoolock,hoolock,AMNH112703,AMNH,p1,l1,M1,R,train/hoolock/hoolock_AMNH112703/Hoolock#hoolock#AMNH112703#s#v#p1#l1#M1#R_aug_muted.jpg
train,hoolock,0,offline_augmented,Hoolock,hoolock,AMNH112703,AMNH,p1,l1,M1,R,train/hoolock/hoolock_AMNH112703/Hoolock#hoolock#AMNH112703#s#v#p1#l1#M1#R_aug_soft.jpg
train,hoolock,0,offline_augmented,Hoolock,hoolock,AMNH112703,AMNH,p1,l1,M1,R,train/hoolock/hoolock_AMNH112703/Hoolock#hoolock#AMNH112703#s#v#p1#l1#M1#R_aug_vivid.jpg
train,hoolock,0,offline_augmented,Hoolock,hoolock,AMNH112703,AMNH,p1,l1,M1,R,train/hoolock/hoolock_AMNH112703/Hoolock#hoolock#AMNH112703#s#v#p1#l1#M1#R_aug_warm.jpg
train,hoolock,0,original,Hoolock,hoolock,AMNH112703,AMNH,p1,l1,M2,R,train/hoolock/hoolock_AMNH112703/Hoolock#hoolock#AMNH112703#s#v#p1#l1#M2#R.jpg
train,hoolock,0,offline_augmented,Hoolock,hoolock,AMNH112703,AMNH,p1,l1,M2,R,train/hoolock/hoolock_AMNH112703/Hoolock#hoolock#AMNH112703#s#v#p1#l1#M2#R_aug_bright_sat.jpg
train,hoolock,0,offline_augmented,Hoolock,hoolock,AMNH112703,AMNH,p1,l1,M2,R,train/hoolock/hoolock_AMNH112703/Hoolock#hoolock#AMNH112703#s#v#p1#l1#M2#R_aug_dark_con.jpg
train,hoolock,0,offline_augmented,Hoolock,hoolock,AMNH112703,AMNH,p1,l1,M2,R,train/hoolock/hoolock_AMNH112703/Hoolock#hoolock#AMNH112703#s#v#p1#l1#M2#R_aug_muted.jpg
train,hoolock,0,offline_augmented,Hoolock,hoolock,AMNH112703,AMNH,p1,l1,M2,R,train/hoolock/hoolock_AMNH112703/Hoolock#hoolock#AMNH112703#s#v#p1#l1#M2#R_aug_soft.jpg
train,hoolock,0,offline_augmented,Hoolock,hoolock,AMNH112703,AMNH,p1,l1,M2,R,train/hoolock/hoolock_AMNH112703/Hoolock#hoolock#AMNH112703#s#v#p1#l1#M2#R_aug_warm.jpg
train,hoolock,0,original,Hoolock,hoolock,AMNH112703,AMNH,p3,l1,M3,R,train/hoolock/hoolock_AMNH112703/Hoolock#hoolock#AMNH112703#s#v#p3#l1#M3#R.jpg
train,hoolock,0,offline_augmented,Hoolock,hoolock,AMNH112703,AMNH,p3,l1,M3,R,train/hoolock/hoolock_AMNH112703/Hoolock#hoolock#AMNH112703#s#v#p3#l1#M3#R_aug_bright_sat.jpg
train,hoolock,0,offline_augmented,Hoolock,hoolock,AMNH112703,AMNH,p3,l1,M3,R,train/hoolock/hoolock_AMNH112703/Hoolock#hoolock#AMNH112703#s#v#p3#l1#M3#R_aug_hicon.jpg
train,hoolock,0,offline_augmented,Hoolock,hoolock,AMNH112703,AMNH,p3,l1,M3,R,train/hoolock/hoolock_AMNH112703/Hoolock#hoolock#AMNH112703#s#v#p3#l1#M3#R_aug_soft.jpg
train,hoolock,0,offline_augmented,Hoolock,hoolock,AMNH112703,AMNH,p3,l1,M3,R,train/hoolock/hoolock_AMNH112703/Hoolock#hoolock#AMNH112703#s#v#p3#l1#M3#R_aug_vivid.jpg
train,hoolock,0,offline_augmented,Hoolock,hoolock,AMNH112703,AMNH,p3,l1,M3,R,train/hoolock/hoolock_AMNH112703/Hoolock#hoolock#AMNH112703#s#v#p3#l1#M3#R_aug_warm.jpg
train,hoolock,0,original,Hoolock,hoolock,AMNH112704,AMNH,p1,l1,M2,L,train/hoolock/hoolock_AMNH112704/Hoolock#hoolock#AMNH112704#s#v#p1#l1#M2#L.jpg
train,hoolock,0,offline_augmented,Hoolock,hoolock,AMNH112704,AMNH,p1,l1,M2,L,train/hoolock/hoolock_AMNH112704/Hoolock#hoolock#AMNH112704#s#v#p1#l1#M2#L_aug_bright_sat.jpg
train,hoolock,0,offline_augmented,Hoolock,hoolock,AMNH112704,AMNH,p1,l1,M2,L,train/hoolock/hoolock_AMNH112704/Hoolock#hoolock#AMNH112704#s#v#p1#l1#M2#L_aug_cool.jpg
train,hoolock,0,offline_augmented,Hoolock,hoolock,AMNH112704,AMNH,p1,l1,M2,L,train/hoolock/hoolock_AMNH112704/Hoolock#hoolock#AMNH112704#s#v#p1#l1#M2#L_aug_hicon.jpg
train,hoolock,0,offline_augmented,Hoolock,hoolock,AMNH112704,AMNH,p1,l1,M2,L,train/hoolock/hoolock_AMNH112704/Hoolock#hoolock#AMNH112704#s#v#p1#l1#M2#L_aug_vivid.jpg
train,hoolock,0,offline_augmented,Hoolock,hoolock,AMNH112704,AMNH,p1,l1,M2,L,train/hoolock/hoolock_AMNH112704/Hoolock#hoolock#AMNH112704#s#v#p1#l1#M2#L_aug_warm.jpg
train,hoolock,0,original,Hoolock,hoolock,AMNH112704,AMNH,p1,l1,M3,L,train/hoolock/hoolock_AMNH112704/Hoolock#hoolock#AMNH112704#s#v#p1#l1#M3#L.jpg
train,hoolock,0,offline_augmented,Hoolock,hoolock,AMNH112704,AMNH,p1,l1,M3,L,train/hoolock/hoolock_AMNH112704/Hoolock#hoolock#AMNH112704#s#v#p1#l1#M3#L_aug_bright_sat.jpg
train,hoolock,0,offline_augmented,Hoolock,hoolock,AMNH112704,AMNH,p1,l1,M3,L,train/hoolock/hoolock_AMNH112704/Hoolock#hoolock#AMNH112704#s#v#p1#l1#M3#L_aug_dark_con.jpg
train,hoolock,0,offline_augmented,Hoolock,hoolock,AMNH112704,AMNH,p1,l1,M3,L,train/hoolock/hoolock_AMNH112704/Hoolock#hoolock#AMNH112704#s#v#p1#l1#M3#L_aug_hicon.jpg
train,hoolock,0,offline_augmented,Hoolock,hoolock,AMNH112704,AMNH,p1,l1,M3,L,train/hoolock/hoolock_AMNH112704/Hoolock#hoolock#AMNH112704#s#v#p1#l1#M3#L_aug_muted.jpg
train,hoolock,0,offline_augmented,Hoolock,hoolock,AMNH112704,AMNH,p1,l1,M3,L,train/hoolock/hoolock_AMNH112704/Hoolock#hoolock#AMNH112704#s#v#p1#l1#M3#L_aug_vivid.jpg
train,hoolock,0,original,Hoolock,hoolock,AMNH112704,AMNH,p2,l1,M2,L,train/hoolock/hoolock_AMNH112704/Hoolock#hoolock#AMNH112704#s#v#p2#l1#M2#L.jpg
train,hoolock,0,offline_augmented,Hoolock,hoolock,AMNH112704,AMNH,p2,l1,M2,L,train/hoolock/hoolock_AMNH112704/Hoolock#hoolock#AMNH112704#s#v#p2#l1#M2#L_aug_bright_sat.jpg
train,hoolock,0,offline_augmented,Hoolock,hoolock,AMNH112704,AMNH,p2,l1,M2,L,train/hoolock/hoolock_AMNH112704/Hoolock#hoolock#AMNH112704#s#v#p2#l1#M2#L_aug_cool.jpg
train,hoolock,0,offline_augmented,Hoolock,hoolock,AMNH112704,AMNH,p2,l1,M2,L,train/hoolock/hoolock_AMNH112704/Hoolock#hoolock#AMNH112704#s#v#p2#l1#M2#L_aug_hicon.jpg
train,hoolock,0,offline_augmented,Hoolock,hoolock,AMNH112704,AMNH,p2,l1,M2,L,train/hoolock/hoolock_AMNH112704/Hoolock#hoolock#AMNH112704#s#v#p2#l1#M2#L_aug_soft.jpg
train,hoolock,0,offline_augmented,Hoolock,hoolock,AMNH112704,AMNH,p2,l1,M2,L,train/hoolock/hoolock_AMNH112704/Hoolock#hoolock#AMNH112704#s#v#p2#l1#M2#L_aug_vivid.jpg
train,hoolock,0,original,Hoolock,hoolock,AMNH112704,AMNH,p2,l1,M3,L,train/hoolock/hoolock_AMNH112704/Hoolock#hoolock#AMNH112704#s#v#p2#l1#M3#L.jpg
train,hoolock,0,offline_augmented,Hoolock,hoolock,AMNH112704,AMNH,p2,l1,M3,L,train/hoolock/hoolock_AMNH112704/Hoolock#hoolock#AMNH112704#s#v#p2#l1#M3#L_aug_bright_sat.jpg
train,hoolock,0,offline_augmented,Hoolock,hoolock,AMNH112704,AMNH,p2,l1,M3,L,train/hoolock/hoolock_AMNH112704/Hoolock#hoolock#AMNH112704#s#v#p2#l1#M3#L_aug_hicon.jpg
train,hoolock,0,offline_augmented,Hoolock,hoolock,AMNH112704,AMNH,p2,l1,M3,L,train/hoolock/hoolock_AMNH112704/Hoolock#hoolock#AMNH112704#s#v#p2#l1#M3#L_aug_soft.jpg
train,hoolock,0,offline_augmented,Hoolock,hoolock,AMNH112704,AMNH,p2,l1,M3,L,train/hoolock/hoolock_AMNH112704/Hoolock#hoolock#AMNH112704#s#v#p2#l1#M3#L_aug_vivid.jpg
train,hoolock,0,offline_augmented,Hoolock,hoolock,AMNH112704,AMNH,p2,l1,M3,L,train/hoolock/hoolock_AMNH112704/Hoolock#hoolock#AMNH112704#s#v#p2#l1#M3#L_aug_warm.jpg
train,hoolock,0,original,Hoolock,hoolock,AMNH112706,AMNH,p1,l1,M2,L,train/hoolock/hoolock_AMNH112706/Hoolock#hoolock#AMNH112706#s#v#p1#l1#M2#L.jpg
train,hoolock,0,offline_augmented,Hoolock,hoolock,AMNH112706,AMNH,p1,l1,M2,L,train/hoolock/hoolock_AMNH112706/Hoolock#hoolock#AMNH112706#s#v#p1#l1#M2#L_aug_bright_sat.jpg
train,hoolock,0,offline_augmented,Hoolock,hoolock,AMNH112706,AMNH,p1,l1,M2,L,train/hoolock/hoolock_AMNH112706/Hoolock#hoolock#AMNH112706#s#v#p1#l1#M2#L_aug_cool.jpg
train,hoolock,0,offline_augmented,Hoolock,hoolock,AMNH112706,AMNH,p1,l1,M2,L,train/hoolock/hoolock_AMNH112706/Hoolock#hoolock#AMNH112706#s#v#p1#l1#M2#L_aug_dark_con.jpg
train,hoolock,0,offline_augmented,Hoolock,hoolock,AMNH112706,AMNH,p1,l1,M2,L,train/hoolock/hoolock_AMNH112706/Hoolock#hoolock#AMNH112706#s#v#p1#l1#M2#L_aug_soft.jpg
train,hoolock,0,offline_augmented,Hoolock,hoolock,AMNH112706,AMNH,p1,l1,M2,L,train/hoolock/hoolock_AMNH112706/Hoolock#hoolock#AMNH112706#s#v#p1#l1#M2#L_aug_warm.jpg
train,hoolock,0,original,Hoolock,hoolock,AMNH112706,AMNH,p2,l1,M2,L,train/hoolock/hoolock_AMNH112706/Hoolock#hoolock#AMNH112706#s#v#p2#l1#M2#L.jpg
train,hoolock,0,offline_augmented,Hoolock,hoolock,AMNH112706,AMNH,p2,l1,M2,L,train/hoolock/hoolock_AMNH112706/Hoolock#hoolock#AMNH112706#s#v#p2#l1#M2#L_aug_hicon.jpg
train,hoolock,0,offline_augmented,Hoolock,hoolock,AMNH112706,AMNH,p2,l1,M2,L,train/hoolock/hoolock_AMNH112706/Hoolock#hoolock#AMNH112706#s#v#p2#l1#M2#L_aug_muted.jpg
train,hoolock,0,offline_augmented,Hoolock,hoolock,AMNH112706,AMNH,p2,l1,M2,L,train/hoolock/hoolock_AMNH112706/Hoolock#hoolock#AMNH112706#s#v#p2#l1#M2#L_aug_soft.jpg
train,hoolock,0,offline_augmented,Hoolock,hoolock,AMNH112706,AMNH,p2,l1,M2,L,train/hoolock/hoolock_AMNH112706/Hoolock#hoolock#AMNH112706#s#v#p2#l1#M2#L_aug_vivid.jpg
train,hoolock,0,offline_augmented,Hoolock,hoolock,AMNH112706,AMNH,p2,l1,M2,L,train/hoolock/hoolock_AMNH112706/Hoolock#hoolock#AMNH112706#s#v#p2#l1#M2#L_aug_warm.jpg
train,hoolock,0,original,Hoolock,hoolock,AMNH112706,AMNH,p2,l1,M3,L,train/hoolock/hoolock_AMNH112706/Hoolock#hoolock#AMNH112706#s#v#p2#l1#M3#L.jpg
train,hoolock,0,offline_augmented,Hoolock,hoolock,AMNH112706,AMNH,p2,l1,M3,L,train/hoolock/hoolock_AMNH112706/Hoolock#hoolock#AMNH112706#s#v#p2#l1#M3#L_aug_bright_sat.jpg
train,hoolock,0,offline_augmented,Hoolock,hoolock,AMNH112706,AMNH,p2,l1,M3,L,train/hoolock/hoolock_AMNH112706/Hoolock#hoolock#AMNH112706#s#v#p2#l1#M3#L_aug_hicon.jpg
train,hoolock,0,offline_augmented,Hoolock,hoolock,AMNH112706,AMNH,p2,l1,M3,L,train/hoolock/hoolock_AMNH112706/Hoolock#hoolock#AMNH112706#s#v#p2#l1#M3#L_aug_muted.jpg
train,hoolock,0,offline_augmented,Hoolock,hoolock,AMNH112706,AMNH,p2,l1,M3,L,train/hoolock/hoolock_AMNH112706/Hoolock#hoolock#AMNH112706#s#v#p2#l1#M3#L_aug_soft.jpg
train,hoolock,0,offline_augmented,Hoolock,hoolock,AMNH112706,AMNH,p2,l1,M3,L,train/hoolock/hoolock_AMNH112706/Hoolock#hoolock#AMNH112706#s#v#p2#l1#M3#L_aug_warm.jpg
train,hoolock,0,original,Hoolock,hoolock,AMNH112710,AMNH,p1,l1,M1,L,train/hoolock/hoolock_AMNH112710/Hoolock#hoolock#AMNH112710#s#v#p1#l1#M1#L.jpg
train,hoolock,0,offline_augmented,Hoolock,hoolock,AMNH112710,AMNH,p1,l1,M1,L,train/hoolock/hoolock_AMNH112710/Hoolock#hoolock#AMNH112710#s#v#p1#l1#M1#L_aug_cool.jpg
train,hoolock,0,offline_augmented,Hoolock,hoolock,AMNH112710,AMNH,p1,l1,M1,L,train/hoolock/hoolock_AMNH112710/Hoolock#hoolock#AMNH112710#s#v#p1#l1#M1#L_aug_hicon.jpg
train,hoolock,0,offline_augmented,Hoolock,hoolock,AMNH112710,AMNH,p1,l1,M1,L,train/hoolock/hoolock_AMNH112710/Hoolock#hoolock#AMNH112710#s#v#p1#l1#M1#L_aug_muted.jpg
train,hoolock,0,offline_augmented,Hoolock,hoolock,AMNH112710,AMNH,p1,l1,M1,L,train/hoolock/hoolock_AMNH112710/Hoolock#hoolock#AMNH112710#s#v#p1#l1#M1#L_aug_soft.jpg
train,hoolock,0,offline_augmented,Hoolock,hoolock,AMNH112710,AMNH,p1,l1,M1,L,train/hoolock/hoolock_AMNH112710/Hoolock#hoolock#AMNH112710#s#v#p1#l1#M1#L_aug_vivid.jpg
train,hoolock,0,original,Hoolock,hoolock,AMNH112710,AMNH,p1,l1,M2,L,train/hoolock/hoolock_AMNH112710/Hoolock#hoolock#AMNH112710#s#v#p1#l1#M2#L.jpg
train,hoolock,0,offline_augmented,Hoolock,hoolock,AMNH112710,AMNH,p1,l1,M2,L,train/hoolock/hoolock_AMNH112710/Hoolock#hoolock#AMNH112710#s#v#p1#l1#M2#L_aug_bright_sat.jpg
train,hoolock,0,offline_augmented,Hoolock,hoolock,AMNH112710,AMNH,p1,l1,M2,L,train/hoolock/hoolock_AMNH112710/Hoolock#hoolock#AMNH112710#s#v#p1#l1#M2#L_aug_cool.jpg
train,hoolock,0,offline_augmented,Hoolock,hoolock,AMNH112710,AMNH,p1,l1,M2,L,train/hoolock/hoolock_AMNH112710/Hoolock#hoolock#AMNH112710#s#v#p1#l1#M2#L_aug_dark_con.jpg
train,hoolock,0,offline_augmented,Hoolock,hoolock,AMNH112710,AMNH,p1,l1,M2,L,train/hoolock/hoolock_AMNH112710/Hoolock#hoolock#AMNH112710#s#v#p1#l1#M2#L_aug_hicon.jpg
train,hoolock,0,offline_augmented,Hoolock,hoolock,AMNH112710,AMNH,p1,l1,M2,L,train/hoolock/hoolock_AMNH112710/Hoolock#hoolock#AMNH112710#s#v#p1#l1#M2#L_aug_warm.jpg
train,hoolock,0,original,Hoolock,hoolock,AMNH112710,AMNH,p2,l1,M2,L,train/hoolock/hoolock_AMNH112710/Hoolock#hoolock#AMNH112710#s#v#p2#l1#M2#L.jpg
train,hoolock,0,offline_augmented,Hoolock,hoolock,AMNH112710,AMNH,p2,l1,M2,L,train/hoolock/hoolock_AMNH112710/Hoolock#hoolock#AMNH112710#s#v#p2#l1#M2#L_aug_dark_con.jpg
train,hoolock,0,offline_augmented,Hoolock,hoolock,AMNH112710,AMNH,p2,l1,M2,L,train/hoolock/hoolock_AMNH112710/Hoolock#hoolock#AMNH112710#s#v#p2#l1#M2#L_aug_hicon.jpg
train,hoolock,0,offline_augmented,Hoolock,hoolock,AMNH112710,AMNH,p2,l1,M2,L,train/hoolock/hoolock_AMNH112710/Hoolock#hoolock#AMNH112710#s#v#p2#l1#M2#L_aug_muted.jpg
train,hoolock,0,offline_augmented,Hoolock,hoolock,AMNH112710,AMNH,p2,l1,M2,L,train/hoolock/hoolock_AMNH112710/Hoolock#hoolock#AMNH112710#s#v#p2#l1#M2#L_aug_vivid.jpg
train,hoolock,0,offline_augmented,Hoolock,hoolock,AMNH112710,AMNH,p2,l1,M2,L,train/hoolock/hoolock_AMNH112710/Hoolock#hoolock#AMNH112710#s#v#p2#l1#M2#L_aug_warm.jpg
train,hoolock,0,original,Hoolock,hoolock,AMNH119624,AMNH,p1,l1,M1,R,train/hoolock/hoolock_AMNH119624/Hoolock#hoolock#AMNH119624#s#v#p1#l1#M1#R.jpg
train,hoolock,0,offline_augmented,Hoolock,hoolock,AMNH119624,AMNH,p1,l1,M1,R,train/hoolock/hoolock_AMNH119624/Hoolock#hoolock#AMNH119624#s#v#p1#l1#M1#R_aug_cool.jpg
train,hoolock,0,offline_augmented,Hoolock,hoolock,AMNH119624,AMNH,p1,l1,M1,R,train/hoolock/hoolock_AMNH119624/Hoolock#hoolock#AMNH119624#s#v#p1#l1#M1#R_aug_dark_con.jpg
train,hoolock,0,offline_augmented,Hoolock,hoolock,AMNH119624,AMNH,p1,l1,M1,R,train/hoolock/hoolock_AMNH119624/Hoolock#hoolock#AMNH119624#s#v#p1#l1#M1#R_aug_soft.jpg
train,hoolock,0,offline_augmented,Hoolock,hoolock,AMNH119624,AMNH,p1,l1,M1,R,train/hoolock/hoolock_AMNH119624/Hoolock#hoolock#AMNH119624#s#v#p1#l1#M1#R_aug_vivid.jpg
train,hoolock,0,offline_augmented,Hoolock,hoolock,AMNH119624,AMNH,p1,l1,M1,R,train/hoolock/hoolock_AMNH119624/Hoolock#hoolock#AMNH119624#s#v#p1#l1#M1#R_aug_warm.jpg
train,hoolock,0,original,Hoolock,hoolock,AMNH119624,AMNH,p2,l1,M1,R,train/hoolock/hoolock_AMNH119624/Hoolock#hoolock#AMNH119624#s#v#p2#l1#M1#R.jpg
train,hoolock,0,offline_augmented,Hoolock,hoolock,AMNH119624,AMNH,p2,l1,M1,R,train/hoolock/hoolock_AMNH119624/Hoolock#hoolock#AMNH119624#s#v#p2#l1#M1#R_aug_cool.jpg
train,hoolock,0,offline_augmented,Hoolock,hoolock,AMNH119624,AMNH,p2,l1,M1,R,train/hoolock/hoolock_AMNH119624/Hoolock#hoolock#AMNH119624#s#v#p2#l1#M1#R_aug_dark_con.jpg
train,hoolock,0,offline_augmented,Hoolock,hoolock,AMNH119624,AMNH,p2,l1,M1,R,train/hoolock/hoolock_AMNH119624/Hoolock#hoolock#AMNH119624#s#v#p2#l1#M1#R_aug_hicon.jpg
train,hoolock,0,offline_augmented,Hoolock,hoolock,AMNH119624,AMNH,p2,l1,M1,R,train/hoolock/hoolock_AMNH119624/Hoolock#hoolock#AMNH119624#s#v#p2#l1#M1#R_aug_muted.jpg
train,hoolock,0,offline_augmented,Hoolock,hoolock,AMNH119624,AMNH,p2,l1,M1,R,train/hoolock/hoolock_AMNH119624/Hoolock#hoolock#AMNH119624#s#v#p2#l1#M1#R_aug_vivid.jpg
train,hoolock,0,original,Hoolock,hoolock,AMNH119624,AMNH,p2,l1,M2,R,train/hoolock/hoolock_AMNH119624/Hoolock#hoolock#AMNH119624#s#v#p2#l1#M2#R.jpg
train,hoolock,0,offline_augmented,Hoolock,hoolock,AMNH119624,AMNH,p2,l1,M2,R,train/hoolock/hoolock_AMNH119624/Hoolock#hoolock#AMNH119624#s#v#p2#l1#M2#R_aug_bright_sat.jpg
train,hoolock,0,offline_augmented,Hoolock,hoolock,AMNH119624,AMNH,p2,l1,M2,R,train/hoolock/hoolock_AMNH119624/Hoolock#hoolock#AMNH119624#s#v#p2#l1#M2#R_aug_hicon.jpg
train,hoolock,0,offline_augmented,Hoolock,hoolock,AMNH119624,AMNH,p2,l1,M2,R,train/hoolock/hoolock_AMNH119624/Hoolock#hoolock#AMNH119624#s#v#p2#l1#M2#R_aug_muted.jpg
train,hoolock,0,offline_augmented,Hoolock,hoolock,AMNH119624,AMNH,p2,l1,M2,R,train/hoolock/hoolock_AMNH119624/Hoolock#hoolock#AMNH119624#s#v#p2#l1#M2#R_aug_soft.jpg
train,hoolock,0,offline_augmented,Hoolock,hoolock,AMNH119624,AMNH,p2,l1,M2,R,train/hoolock/hoolock_AMNH119624/Hoolock#hoolock#AMNH119624#s#v#p2#l1#M2#R_aug_warm.jpg
train,hoolock,0,original,Hoolock,hoolock,AMNH163630,AMNH,p2,l1,M1,R,train/hoolock/hoolock_AMNH163630/Hoolock#hoolock#AMNH163630#s#v#p2#l1#M1#R.jpg
train,hoolock,0,offline_augmented,Hoolock,hoolock,AMNH163630,AMNH,p2,l1,M1,R,train/hoolock/hoolock_AMNH163630/Hoolock#hoolock#AMNH163630#s#v#p2#l1#M1#R_aug_dark_con.jpg
train,hoolock,0,offline_augmented,Hoolock,hoolock,AMNH163630,AMNH,p2,l1,M1,R,train/hoolock/hoolock_AMNH163630/Hoolock#hoolock#AMNH163630#s#v#p2#l1#M1#R_aug_hicon.jpg
train,hoolock,0,offline_augmented,Hoolock,hoolock,AMNH163630,AMNH,p2,l1,M1,R,train/hoolock/hoolock_AMNH163630/Hoolock#hoolock#AMNH163630#s#v#p2#l1#M1#R_aug_muted.jpg
train,hoolock,0,offline_augmented,Hoolock,hoolock,AMNH163630,AMNH,p2,l1,M1,R,train/hoolock/hoolock_AMNH163630/Hoolock#hoolock#AMNH163630#s#v#p2#l1#M1#R_aug_vivid.jpg
train,hoolock,0,offline_augmented,Hoolock,hoolock,AMNH163630,AMNH,p2,l1,M1,R,train/hoolock/hoolock_AMNH163630/Hoolock#hoolock#AMNH163630#s#v#p2#l1#M1#R_aug_warm.jpg
train,hoolock,0,original,Hoolock,hoolock,AMNH163630,AMNH,p2,l1,M2,R,train/hoolock/hoolock_AMNH163630/Hoolock#hoolock#AMNH163630#s#v#p2#l1#M2#R.jpg
train,hoolock,0,offline_augmented,Hoolock,hoolock,AMNH163630,AMNH,p2,l1,M2,R,train/hoolock/hoolock_AMNH163630/Hoolock#hoolock#AMNH163630#s#v#p2#l1#M2#R_aug_dark_con.jpg
train,hoolock,0,offline_augmented,Hoolock,hoolock,AMNH163630,AMNH,p2,l1,M2,R,train/hoolock/hoolock_AMNH163630/Hoolock#hoolock#AMNH163630#s#v#p2#l1#M2#R_aug_hicon.jpg
train,hoolock,0,offline_augmented,Hoolock,hoolock,AMNH163630,AMNH,p2,l1,M2,R,train/hoolock/hoolock_AMNH163630/Hoolock#hoolock#AMNH163630#s#v#p2#l1#M2#R_aug_muted.jpg
train,hoolock,0,offline_augmented,Hoolock,hoolock,AMNH163630,AMNH,p2,l1,M2,R,train/hoolock/hoolock_AMNH163630/Hoolock#hoolock#AMNH163630#s#v#p2#l1#M2#R_aug_soft.jpg
train,hoolock,0,offline_augmented,Hoolock,hoolock,AMNH163630,AMNH,p2,l1,M2,R,train/hoolock/hoolock_AMNH163630/Hoolock#hoolock#AMNH163630#s#v#p2#l1#M2#R_aug_warm.jpg
train,hoolock,0,original,Hoolock,hoolock,AMNH163630,AMNH,p3,l1,M1,R,train/hoolock/hoolock_AMNH163630/Hoolock#hoolock#AMNH163630#s#v#p3#l1#M1#R.jpg
train,hoolock,0,offline_augmented,Hoolock,hoolock,AMNH163630,AMNH,p3,l1,M1,R,train/hoolock/hoolock_AMNH163630/Hoolock#hoolock#AMNH163630#s#v#p3#l1#M1#R_aug_bright_sat.jpg
train,hoolock,0,offline_augmented,Hoolock,hoolock,AMNH163630,AMNH,p3,l1,M1,R,train/hoolock/hoolock_AMNH163630/Hoolock#hoolock#AMNH163630#s#v#p3#l1#M1#R_aug_cool.jpg
train,hoolock,0,offline_augmented,Hoolock,hoolock,AMNH163630,AMNH,p3,l1,M1,R,train/hoolock/hoolock_AMNH163630/Hoolock#hoolock#AMNH163630#s#v#p3#l1#M1#R_aug_dark_con.jpg
train,hoolock,0,offline_augmented,Hoolock,hoolock,AMNH163630,AMNH,p3,l1,M1,R,train/hoolock/hoolock_AMNH163630/Hoolock#hoolock#AMNH163630#s#v#p3#l1#M1#R_aug_hicon.jpg
train,hoolock,0,offline_augmented,Hoolock,hoolock,AMNH163630,AMNH,p3,l1,M1,R,train/hoolock/hoolock_AMNH163630/Hoolock#hoolock#AMNH163630#s#v#p3#l1#M1#R_aug_warm.jpg
train,hoolock,0,original,Hoolock,hoolock,AMNH163630,AMNH,p3,l1,M2,R,train/hoolock/hoolock_AMNH163630/Hoolock#hoolock#AMNH163630#s#v#p3#l1#M2#R.jpg
train,hoolock,0,offline_augmented,Hoolock,hoolock,AMNH163630,AMNH,p3,l1,M2,R,train/hoolock/hoolock_AMNH163630/Hoolock#hoolock#AMNH163630#s#v#p3#l1#M2#R_aug_bright_sat.jpg
train,hoolock,0,offline_augmented,Hoolock,hoolock,AMNH163630,AMNH,p3,l1,M2,R,train/hoolock/hoolock_AMNH163630/Hoolock#hoolock#AMNH163630#s#v#p3#l1#M2#R_aug_cool.jpg
train,hoolock,0,offline_augmented,Hoolock,hoolock,AMNH163630,AMNH,p3,l1,M2,R,train/hoolock/hoolock_AMNH163630/Hoolock#hoolock#AMNH163630#s#v#p3#l1#M2#R_aug_dark_con.jpg
train,hoolock,0,offline_augmented,Hoolock,hoolock,AMNH163630,AMNH,p3,l1,M2,R,train/hoolock/hoolock_AMNH163630/Hoolock#hoolock#AMNH163630#s#v#p3#l1#M2#R_aug_hicon.jpg
train,hoolock,0,offline_augmented,Hoolock,hoolock,AMNH163630,AMNH,p3,l1,M2,R,train/hoolock/hoolock_AMNH163630/Hoolock#hoolock#AMNH163630#s#v#p3#l1#M2#R_aug_warm.jpg
train,hoolock,0,original,Hoolock,hoolock,AMNH163630,AMNH,p3,l1,M3,R,train/hoolock/hoolock_AMNH163630/Hoolock#hoolock#AMNH163630#s#v#p3#l1#M3#R.jpg
train,hoolock,0,offline_augmented,Hoolock,hoolock,AMNH163630,AMNH,p3,l1,M3,R,train/hoolock/hoolock_AMNH163630/Hoolock#hoolock#AMNH163630#s#v#p3#l1#M3#R_aug_bright_sat.jpg
train,hoolock,0,offline_augmented,Hoolock,hoolock,AMNH163630,AMNH,p3,l1,M3,R,train/hoolock/hoolock_AMNH163630/Hoolock#hoolock#AMNH163630#s#v#p3#l1#M3#R_aug_dark_con.jpg
train,hoolock,0,offline_augmented,Hoolock,hoolock,AMNH163630,AMNH,p3,l1,M3,R,train/hoolock/hoolock_AMNH163630/Hoolock#hoolock#AMNH163630#s#v#p3#l1#M3#R_aug_muted.jpg
train,hoolock,0,offline_augmented,Hoolock,hoolock,AMNH163630,AMNH,p3,l1,M3,R,train/hoolock/hoolock_AMNH163630/Hoolock#hoolock#AMNH163630#s#v#p3#l1#M3#R_aug_soft.jpg
train,hoolock,0,offline_augmented,Hoolock,hoolock,AMNH163630,AMNH,p3,l1,M3,R,train/hoolock/hoolock_AMNH163630/Hoolock#hoolock#AMNH163630#s#v#p3#l1#M3#R_aug_warm.jpg
train,hoolock,0,original,Hoolock,hoolock,AMNH163630,AMNH,p4,l1,M3,R,train/hoolock/hoolock_AMNH163630/Hoolock#hoolock#AMNH163630#s#v#p4#l1#M3#R.jpg
train,hoolock,0,offline_augmented,Hoolock,hoolock,AMNH163630,AMNH,p4,l1,M3,R,train/hoolock/hoolock_AMNH163630/Hoolock#hoolock#AMNH163630#s#v#p4#l1#M3#R_aug_bright_sat.jpg
train,hoolock,0,offline_augmented,Hoolock,hoolock,AMNH163630,AMNH,p4,l1,M3,R,train/hoolock/hoolock_AMNH163630/Hoolock#hoolock#AMNH163630#s#v#p4#l1#M3#R_aug_hicon.jpg
train,hoolock,0,offline_augmented,Hoolock,hoolock,AMNH163630,AMNH,p4,l1,M3,R,train/hoolock/hoolock_AMNH163630/Hoolock#hoolock#AMNH163630#s#v#p4#l1#M3#R_aug_muted.jpg
train,hoolock,0,offline_augmented,Hoolock,hoolock,AMNH163630,AMNH,p4,l1,M3,R,train/hoolock/hoolock_AMNH163630/Hoolock#hoolock#AMNH163630#s#v#p4#l1#M3#R_aug_soft.jpg
train,hoolock,0,offline_augmented,Hoolock,hoolock,AMNH163630,AMNH,p4,l1,M3,R,train/hoolock/hoolock_AMNH163630/Hoolock#hoolock#AMNH163630#s#v#p4#l1#M3#R_aug_warm.jpg
train,hoolock,0,original,Hoolock,hoolock,AMNH163632,AMNH,p1,l1,M2,L,train/hoolock/hoolock_AMNH163632/Hoolock#hoolock#AMNH163632#s#v#p1#l1#M2#L.jpg
train,hoolock,0,offline_augmented,Hoolock,hoolock,AMNH163632,AMNH,p1,l1,M2,L,train/hoolock/hoolock_AMNH163632/Hoolock#hoolock#AMNH163632#s#v#p1#l1#M2#L_aug_bright_sat.jpg
train,hoolock,0,offline_augmented,Hoolock,hoolock,AMNH163632,AMNH,p1,l1,M2,L,train/hoolock/hoolock_AMNH163632/Hoolock#hoolock#AMNH163632#s#v#p1#l1#M2#L_aug_cool.jpg
train,hoolock,0,offline_augmented,Hoolock,hoolock,AMNH163632,AMNH,p1,l1,M2,L,train/hoolock/hoolock_AMNH163632/Hoolock#hoolock#AMNH163632#s#v#p1#l1#M2#L_aug_dark_con.jpg
train,hoolock,0,offline_augmented,Hoolock,hoolock,AMNH163632,AMNH,p1,l1,M2,L,train/hoolock/hoolock_AMNH163632/Hoolock#hoolock#AMNH163632#s#v#p1#l1#M2#L_aug_muted.jpg
train,hoolock,0,offline_augmented,Hoolock,hoolock,AMNH163632,AMNH,p1,l1,M2,L,train/hoolock/hoolock_AMNH163632/Hoolock#hoolock#AMNH163632#s#v#p1#l1#M2#L_aug_vivid.jpg
train,hoolock,0,original,Hoolock,hoolock,AMNH163632,AMNH,p1,l1,M3,L,train/hoolock/hoolock_AMNH163632/Hoolock#hoolock#AMNH163632#s#v#p1#l1#M3#L.jpg
train,hoolock,0,offline_augmented,Hoolock,hoolock,AMNH163632,AMNH,p1,l1,M3,L,train/hoolock/hoolock_AMNH163632/Hoolock#hoolock#AMNH163632#s#v#p1#l1#M3#L_aug_bright_sat.jpg
train,hoolock,0,offline_augmented,Hoolock,hoolock,AMNH163632,AMNH,p1,l1,M3,L,train/hoolock/hoolock_AMNH163632/Hoolock#hoolock#AMNH163632#s#v#p1#l1#M3#L_aug_dark_con.jpg
train,hoolock,0,offline_augmented,Hoolock,hoolock,AMNH163632,AMNH,p1,l1,M3,L,train/hoolock/hoolock_AMNH163632/Hoolock#hoolock#AMNH163632#s#v#p1#l1#M3#L_aug_hicon.jpg
train,hoolock,0,offline_augmented,Hoolock,hoolock,AMNH163632,AMNH,p1,l1,M3,L,train/hoolock/hoolock_AMNH163632/Hoolock#hoolock#AMNH163632#s#v#p1#l1#M3#L_aug_vivid.jpg
train,hoolock,0,offline_augmented,Hoolock,hoolock,AMNH163632,AMNH,p1,l1,M3,L,train/hoolock/hoolock_AMNH163632/Hoolock#hoolock#AMNH163632#s#v#p1#l1#M3#L_aug_warm.jpg
train,hoolock,0,original,Hoolock,hoolock,AMNH19400,AMNH,p1,l1,M1,R,train/hoolock/hoolock_AMNH19400/Hoolock#hoolock#AMNH19400#s#v#p1#l1#M1#R.jpg
train,hoolock,0,offline_augmented,Hoolock,hoolock,AMNH19400,AMNH,p1,l1,M1,R,train/hoolock/hoolock_AMNH19400/Hoolock#hoolock#AMNH19400#s#v#p1#l1#M1#R_aug_dark_con.jpg
train,hoolock,0,offline_augmented,Hoolock,hoolock,AMNH19400,AMNH,p1,l1,M1,R,train/hoolock/hoolock_AMNH19400/Hoolock#hoolock#AMNH19400#s#v#p1#l1#M1#R_aug_hicon.jpg
train,hoolock,0,offline_augmented,Hoolock,hoolock,AMNH19400,AMNH,p1,l1,M1,R,train/hoolock/hoolock_AMNH19400/Hoolock#hoolock#AMNH19400#s#v#p1#l1#M1#R_aug_soft.jpg
train,hoolock,0,offline_augmented,Hoolock,hoolock,AMNH19400,AMNH,p1,l1,M1,R,train/hoolock/hoolock_AMNH19400/Hoolock#hoolock#AMNH19400#s#v#p1#l1#M1#R_aug_vivid.jpg
train,hoolock,0,offline_augmented,Hoolock,hoolock,AMNH19400,AMNH,p1,l1,M1,R,train/hoolock/hoolock_AMNH19400/Hoolock#hoolock#AMNH19400#s#v#p1#l1#M1#R_aug_warm.jpg
train,hoolock,0,original,Hoolock,hoolock,AMNH53976,AMNH,p1,l1,M1,L,train/hoolock/hoolock_AMNH53976/Hoolock#hoolock#AMNH53976#s#v#p1#l1#M1#L.jpg
train,hoolock,0,offline_augmented,Hoolock,hoolock,AMNH53976,AMNH,p1,l1,M1,L,train/hoolock/hoolock_AMNH53976/Hoolock#hoolock#AMNH53976#s#v#p1#l1#M1#L_aug_bright_sat.jpg
train,hoolock,0,offline_augmented,Hoolock,hoolock,AMNH53976,AMNH,p1,l1,M1,L,train/hoolock/hoolock_AMNH53976/Hoolock#hoolock#AMNH53976#s#v#p1#l1#M1#L_aug_cool.jpg
train,hoolock,0,offline_augmented,Hoolock,hoolock,AMNH53976,AMNH,p1,l1,M1,L,train/hoolock/hoolock_AMNH53976/Hoolock#hoolock#AMNH53976#s#v#p1#l1#M1#L_aug_dark_con.jpg
train,hoolock,0,offline_augmented,Hoolock,hoolock,AMNH53976,AMNH,p1,l1,M1,L,train/hoolock/hoolock_AMNH53976/Hoolock#hoolock#AMNH53976#s#v#p1#l1#M1#L_aug_soft.jpg
train,hoolock,0,offline_augmented,Hoolock,hoolock,AMNH53976,AMNH,p1,l1,M1,L,train/hoolock/hoolock_AMNH53976/Hoolock#hoolock#AMNH53976#s#v#p1#l1#M1#L_aug_vivid.jpg
train,hoolock,0,original,Hoolock,hoolock,AMNH53976,AMNH,p1,l1,M2,L,train/hoolock/hoolock_AMNH53976/Hoolock#hoolock#AMNH53976#s#v#p1#l1#M2#L.jpg
train,hoolock,0,offline_augmented,Hoolock,hoolock,AMNH53976,AMNH,p1,l1,M2,L,train/hoolock/hoolock_AMNH53976/Hoolock#hoolock#AMNH53976#s#v#p1#l1#M2#L_aug_bright_sat.jpg
train,hoolock,0,offline_augmented,Hoolock,hoolock,AMNH53976,AMNH,p1,l1,M2,L,train/hoolock/hoolock_AMNH53976/Hoolock#hoolock#AMNH53976#s#v#p1#l1#M2#L_aug_cool.jpg
train,hoolock,0,offline_augmented,Hoolock,hoolock,AMNH53976,AMNH,p1,l1,M2,L,train/hoolock/hoolock_AMNH53976/Hoolock#hoolock#AMNH53976#s#v#p1#l1#M2#L_aug_hicon.jpg
train,hoolock,0,offline_augmented,Hoolock,hoolock,AMNH53976,AMNH,p1,l1,M2,L,train/hoolock/hoolock_AMNH53976/Hoolock#hoolock#AMNH53976#s#v#p1#l1#M2#L_aug_muted.jpg
train,hoolock,0,offline_augmented,Hoolock,hoolock,AMNH53976,AMNH,p1,l1,M2,L,train/hoolock/hoolock_AMNH53976/Hoolock#hoolock#AMNH53976#s#v#p1#l1#M2#L_aug_soft.jpg
train,hoolock,0,original,Hoolock,hoolock,AMNH53976,AMNH,p1,l1,M3,L,train/hoolock/hoolock_AMNH53976/Hoolock#hoolock#AMNH53976#s#v#p1#l1#M3#L.jpg
train,hoolock,0,offline_augmented,Hoolock,hoolock,AMNH53976,AMNH,p1,l1,M3,L,train/hoolock/hoolock_AMNH53976/Hoolock#hoolock#AMNH53976#s#v#p1#l1#M3#L_aug_bright_sat.jpg
train,hoolock,0,offline_augmented,Hoolock,hoolock,AMNH53976,AMNH,p1,l1,M3,L,train/hoolock/hoolock_AMNH53976/Hoolock#hoolock#AMNH53976#s#v#p1#l1#M3#L_aug_muted.jpg
train,hoolock,0,offline_augmented,Hoolock,hoolock,AMNH53976,AMNH,p1,l1,M3,L,train/hoolock/hoolock_AMNH53976/Hoolock#hoolock#AMNH53976#s#v#p1#l1#M3#L_aug_soft.jpg
train,hoolock,0,offline_augmented,Hoolock,hoolock,AMNH53976,AMNH,p1,l1,M3,L,train/hoolock/hoolock_AMNH53976/Hoolock#hoolock#AMNH53976#s#v#p1#l1#M3#L_aug_vivid.jpg
train,hoolock,0,offline_augmented,Hoolock,hoolock,AMNH53976,AMNH,p1,l1,M3,L,train/hoolock/hoolock_AMNH53976/Hoolock#hoolock#AMNH53976#s#v#p1#l1#M3#L_aug_warm.jpg
train,hoolock,0,original,Hoolock,hoolock,AMNH53976,AMNH,p3,l1,M1,L,train/hoolock/hoolock_AMNH53976/Hoolock#hoolock#AMNH53976#s#v#p3#l1#M1#L.jpg
train,hoolock,0,offline_augmented,Hoolock,hoolock,AMNH53976,AMNH,p3,l1,M1,L,train/hoolock/hoolock_AMNH53976/Hoolock#hoolock#AMNH53976#s#v#p3#l1#M1#L_aug_cool.jpg
train,hoolock,0,offline_augmented,Hoolock,hoolock,AMNH53976,AMNH,p3,l1,M1,L,train/hoolock/hoolock_AMNH53976/Hoolock#hoolock#AMNH53976#s#v#p3#l1#M1#L_aug_dark_con.jpg
train,hoolock,0,offline_augmented,Hoolock,hoolock,AMNH53976,AMNH,p3,l1,M1,L,train/hoolock/hoolock_AMNH53976/Hoolock#hoolock#AMNH53976#s#v#p3#l1#M1#L_aug_hicon.jpg
train,hoolock,0,offline_augmented,Hoolock,hoolock,AMNH53976,AMNH,p3,l1,M1,L,train/hoolock/hoolock_AMNH53976/Hoolock#hoolock#AMNH53976#s#v#p3#l1#M1#L_aug_soft.jpg
train,hoolock,0,offline_augmented,Hoolock,hoolock,AMNH53976,AMNH,p3,l1,M1,L,train/hoolock/hoolock_AMNH53976/Hoolock#hoolock#AMNH53976#s#v#p3#l1#M1#L_aug_vivid.jpg
train,hoolock,0,original,Hoolock,hoolock,AMNH53976,AMNH,p3,l1,M2,L,train/hoolock/hoolock_AMNH53976/Hoolock#hoolock#AMNH53976#s#v#p3#l1#M2#L.jpg
train,hoolock,0,offline_augmented,Hoolock,hoolock,AMNH53976,AMNH,p3,l1,M2,L,train/hoolock/hoolock_AMNH53976/Hoolock#hoolock#AMNH53976#s#v#p3#l1#M2#L_aug_bright_sat.jpg
train,hoolock,0,offline_augmented,Hoolock,hoolock,AMNH53976,AMNH,p3,l1,M2,L,train/hoolock/hoolock_AMNH53976/Hoolock#hoolock#AMNH53976#s#v#p3#l1#M2#L_aug_dark_con.jpg
train,hoolock,0,offline_augmented,Hoolock,hoolock,AMNH53976,AMNH,p3,l1,M2,L,train/hoolock/hoolock_AMNH53976/Hoolock#hoolock#AMNH53976#s#v#p3#l1#M2#L_aug_hicon.jpg
train,hoolock,0,offline_augmented,Hoolock,hoolock,AMNH53976,AMNH,p3,l1,M2,L,train/hoolock/hoolock_AMNH53976/Hoolock#hoolock#AMNH53976#s#v#p3#l1#M2#L_aug_soft.jpg
train,hoolock,0,offline_augmented,Hoolock,hoolock,AMNH53976,AMNH,p3,l1,M2,L,train/hoolock/hoolock_AMNH53976/Hoolock#hoolock#AMNH53976#s#v#p3#l1#M2#L_aug_warm.jpg
train,hoolock,0,original,Hoolock,hoolock,AMNH53976,AMNH,p4,l1,M1,L,train/hoolock/hoolock_AMNH53976/Hoolock#hoolock#AMNH53976#s#v#p4#l1#M1#L.jpg
train,hoolock,0,offline_augmented,Hoolock,hoolock,AMNH53976,AMNH,p4,l1,M1,L,train/hoolock/hoolock_AMNH53976/Hoolock#hoolock#AMNH53976#s#v#p4#l1#M1#L_aug_cool.jpg
train,hoolock,0,offline_augmented,Hoolock,hoolock,AMNH53976,AMNH,p4,l1,M1,L,train/hoolock/hoolock_AMNH53976/Hoolock#hoolock#AMNH53976#s#v#p4#l1#M1#L_aug_hicon.jpg
train,hoolock,0,offline_augmented,Hoolock,hoolock,AMNH53976,AMNH,p4,l1,M1,L,train/hoolock/hoolock_AMNH53976/Hoolock#hoolock#AMNH53976#s#v#p4#l1#M1#L_aug_muted.jpg
train,hoolock,0,offline_augmented,Hoolock,hoolock,AMNH53976,AMNH,p4,l1,M1,L,train/hoolock/hoolock_AMNH53976/Hoolock#hoolock#AMNH53976#s#v#p4#l1#M1#L_aug_soft.jpg
train,hoolock,0,offline_augmented,Hoolock,hoolock,AMNH53976,AMNH,p4,l1,M1,L,train/hoolock/hoolock_AMNH53976/Hoolock#hoolock#AMNH53976#s#v#p4#l1#M1#L_aug_warm.jpg
train,hoolock,0,original,Hoolock,hoolock,AMNH53976,AMNH,p4,l1,M2,L,train/hoolock/hoolock_AMNH53976/Hoolock#hoolock#AMNH53976#s#v#p4#l1#M2#L.jpg
train,hoolock,0,offline_augmented,Hoolock,hoolock,AMNH53976,AMNH,p4,l1,M2,L,train/hoolock/hoolock_AMNH53976/Hoolock#hoolock#AMNH53976#s#v#p4#l1#M2#L_aug_bright_sat.jpg
train,hoolock,0,offline_augmented,Hoolock,hoolock,AMNH53976,AMNH,p4,l1,M2,L,train/hoolock/hoolock_AMNH53976/Hoolock#hoolock#AMNH53976#s#v#p4#l1#M2#L_aug_dark_con.jpg
train,hoolock,0,offline_augmented,Hoolock,hoolock,AMNH53976,AMNH,p4,l1,M2,L,train/hoolock/hoolock_AMNH53976/Hoolock#hoolock#AMNH53976#s#v#p4#l1#M2#L_aug_hicon.jpg
train,hoolock,0,offline_augmented,Hoolock,hoolock,AMNH53976,AMNH,p4,l1,M2,L,train/hoolock/hoolock_AMNH53976/Hoolock#hoolock#AMNH53976#s#v#p4#l1#M2#L_aug_soft.jpg
train,hoolock,0,offline_augmented,Hoolock,hoolock,AMNH53976,AMNH,p4,l1,M2,L,train/hoolock/hoolock_AMNH53976/Hoolock#hoolock#AMNH53976#s#v#p4#l1#M2#L_aug_vivid.jpg
train,hoolock,0,original,Hoolock,hoolock,AMNH53976,AMNH,p4,l1,M3,L,train/hoolock/hoolock_AMNH53976/Hoolock#hoolock#AMNH53976#s#v#p4#l1#M3#L.jpg
train,hoolock,0,offline_augmented,Hoolock,hoolock,AMNH53976,AMNH,p4,l1,M3,L,train/hoolock/hoolock_AMNH53976/Hoolock#hoolock#AMNH53976#s#v#p4#l1#M3#L_aug_cool.jpg
train,hoolock,0,offline_augmented,Hoolock,hoolock,AMNH53976,AMNH,p4,l1,M3,L,train/hoolock/hoolock_AMNH53976/Hoolock#hoolock#AMNH53976#s#v#p4#l1#M3#L_aug_muted.jpg
train,hoolock,0,offline_augmented,Hoolock,hoolock,AMNH53976,AMNH,p4,l1,M3,L,train/hoolock/hoolock_AMNH53976/Hoolock#hoolock#AMNH53976#s#v#p4#l1#M3#L_aug_soft.jpg
train,hoolock,0,offline_augmented,Hoolock,hoolock,AMNH53976,AMNH,p4,l1,M3,L,train/hoolock/hoolock_AMNH53976/Hoolock#hoolock#AMNH53976#s#v#p4#l1#M3#L_aug_vivid.jpg
train,hoolock,0,offline_augmented,Hoolock,hoolock,AMNH53976,AMNH,p4,l1,M3,L,train/hoolock/hoolock_AMNH53976/Hoolock#hoolock#AMNH53976#s#v#p4#l1#M3#L_aug_warm.jpg
train,hoolock,0,original,Hoolock,hoolock,AMNH80068,AMNH,p1,l1,M1,R,train/hoolock/hoolock_AMNH80068/Hoolock#hoolock#AMNH80068#s#v#p1#l1#M1#R#A.jpg
train,hoolock,0,offline_augmented,Hoolock,hoolock,AMNH80068,AMNH,p1,l1,M1,R,train/hoolock/hoolock_AMNH80068/Hoolock#hoolock#AMNH80068#s#v#p1#l1#M1#R#A_aug_cool.jpg
train,hoolock,0,offline_augmented,Hoolock,hoolock,AMNH80068,AMNH,p1,l1,M1,R,train/hoolock/hoolock_AMNH80068/Hoolock#hoolock#AMNH80068#s#v#p1#l1#M1#R#A_aug_muted.jpg
train,hoolock,0,offline_augmented,Hoolock,hoolock,AMNH80068,AMNH,p1,l1,M1,R,train/hoolock/hoolock_AMNH80068/Hoolock#hoolock#AMNH80068#s#v#p1#l1#M1#R#A_aug_soft.jpg
train,hoolock,0,offline_augmented,Hoolock,hoolock,AMNH80068,AMNH,p1,l1,M1,R,train/hoolock/hoolock_AMNH80068/Hoolock#hoolock#AMNH80068#s#v#p1#l1#M1#R#A_aug_vivid.jpg
train,hoolock,0,offline_augmented,Hoolock,hoolock,AMNH80068,AMNH,p1,l1,M1,R,train/hoolock/hoolock_AMNH80068/Hoolock#hoolock#AMNH80068#s#v#p1#l1#M1#R#A_aug_warm.jpg
train,hoolock,0,original,Hoolock,hoolock,AMNH80068,AMNH,p1,l1,M2,R,train/hoolock/hoolock_AMNH80068/Hoolock#hoolock#AMNH80068#s#v#p1#l1#M2#R.jpg
train,hoolock,0,offline_augmented,Hoolock,hoolock,AMNH80068,AMNH,p1,l1,M2,R,train/hoolock/hoolock_AMNH80068/Hoolock#hoolock#AMNH80068#s#v#p1#l1#M2#R_aug_bright_sat.jpg
train,hoolock,0,offline_augmented,Hoolock,hoolock,AMNH80068,AMNH,p1,l1,M2,R,train/hoolock/hoolock_AMNH80068/Hoolock#hoolock#AMNH80068#s#v#p1#l1#M2#R_aug_dark_con.jpg
train,hoolock,0,offline_augmented,Hoolock,hoolock,AMNH80068,AMNH,p1,l1,M2,R,train/hoolock/hoolock_AMNH80068/Hoolock#hoolock#AMNH80068#s#v#p1#l1#M2#R_aug_hicon.jpg
train,hoolock,0,offline_augmented,Hoolock,hoolock,AMNH80068,AMNH,p1,l1,M2,R,train/hoolock/hoolock_AMNH80068/Hoolock#hoolock#AMNH80068#s#v#p1#l1#M2#R_aug_muted.jpg
train,hoolock,0,offline_augmented,Hoolock,hoolock,AMNH80068,AMNH,p1,l1,M2,R,train/hoolock/hoolock_AMNH80068/Hoolock#hoolock#AMNH80068#s#v#p1#l1#M2#R_aug_warm.jpg
train,hoolock,0,original,Hoolock,hoolock,AMNH80068,AMNH,p1,l1,M3,R,train/hoolock/hoolock_AMNH80068/Hoolock#hoolock#AMNH80068#s#v#p1#l1#M3#R.jpg
train,hoolock,0,offline_augmented,Hoolock,hoolock,AMNH80068,AMNH,p1,l1,M3,R,train/hoolock/hoolock_AMNH80068/Hoolock#hoolock#AMNH80068#s#v#p1#l1#M3#R_aug_bright_sat.jpg
train,hoolock,0,offline_augmented,Hoolock,hoolock,AMNH80068,AMNH,p1,l1,M3,R,train/hoolock/hoolock_AMNH80068/Hoolock#hoolock#AMNH80068#s#v#p1#l1#M3#R_aug_dark_con.jpg
train,hoolock,0,offline_augmented,Hoolock,hoolock,AMNH80068,AMNH,p1,l1,M3,R,train/hoolock/hoolock_AMNH80068/Hoolock#hoolock#AMNH80068#s#v#p1#l1#M3#R_aug_hicon.jpg
train,hoolock,0,offline_augmented,Hoolock,hoolock,AMNH80068,AMNH,p1,l1,M3,R,train/hoolock/hoolock_AMNH80068/Hoolock#hoolock#AMNH80068#s#v#p1#l1#M3#R_aug_muted.jpg
train,hoolock,0,offline_augmented,Hoolock,hoolock,AMNH80068,AMNH,p1,l1,M3,R,train/hoolock/hoolock_AMNH80068/Hoolock#hoolock#AMNH80068#s#v#p1#l1#M3#R_aug_warm.jpg
train,hoolock,0,original,Hoolock,hoolock,AMNH80068,AMNH,p2,l1,M1,R,train/hoolock/hoolock_AMNH80068/Hoolock#hoolock#AMNH80068#s#v#p2#l1#M1#R#A.jpg
train,hoolock,0,offline_augmented,Hoolock,hoolock,AMNH80068,AMNH,p2,l1,M1,R,train/hoolock/hoolock_AMNH80068/Hoolock#hoolock#AMNH80068#s#v#p2#l1#M1#R#A_aug_cool.jpg
train,hoolock,0,offline_augmented,Hoolock,hoolock,AMNH80068,AMNH,p2,l1,M1,R,train/hoolock/hoolock_AMNH80068/Hoolock#hoolock#AMNH80068#s#v#p2#l1#M1#R#A_aug_hicon.jpg
train,hoolock,0,offline_augmented,Hoolock,hoolock,AMNH80068,AMNH,p2,l1,M1,R,train/hoolock/hoolock_AMNH80068/Hoolock#hoolock#AMNH80068#s#v#p2#l1#M1#R#A_aug_soft.jpg
train,hoolock,0,offline_augmented,Hoolock,hoolock,AMNH80068,AMNH,p2,l1,M1,R,train/hoolock/hoolock_AMNH80068/Hoolock#hoolock#AMNH80068#s#v#p2#l1#M1#R#A_aug_vivid.jpg
train,hoolock,0,offline_augmented,Hoolock,hoolock,AMNH80068,AMNH,p2,l1,M1,R,train/hoolock/hoolock_AMNH80068/Hoolock#hoolock#AMNH80068#s#v#p2#l1#M1#R#A_aug_warm.jpg
train,hoolock,0,original,Hoolock,hoolock,AMNH80068,AMNH,p2,l1,M2,R,train/hoolock/hoolock_AMNH80068/Hoolock#hoolock#AMNH80068#s#v#p2#l1#M2#R.jpg
train,hoolock,0,offline_augmented,Hoolock,hoolock,AMNH80068,AMNH,p2,l1,M2,R,train/hoolock/hoolock_AMNH80068/Hoolock#hoolock#AMNH80068#s#v#p2#l1#M2#R_aug_hicon.jpg
train,hoolock,0,offline_augmented,Hoolock,hoolock,AMNH80068,AMNH,p2,l1,M2,R,train/hoolock/hoolock_AMNH80068/Hoolock#hoolock#AMNH80068#s#v#p2#l1#M2#R_aug_muted.jpg
train,hoolock,0,offline_augmented,Hoolock,hoolock,AMNH80068,AMNH,p2,l1,M2,R,train/hoolock/hoolock_AMNH80068/Hoolock#hoolock#AMNH80068#s#v#p2#l1#M2#R_aug_soft.jpg
train,hoolock,0,offline_augmented,Hoolock,hoolock,AMNH80068,AMNH,p2,l1,M2,R,train/hoolock/hoolock_AMNH80068/Hoolock#hoolock#AMNH80068#s#v#p2#l1#M2#R_aug_vivid.jpg
train,hoolock,0,offline_augmented,Hoolock,hoolock,AMNH80068,AMNH,p2,l1,M2,R,train/hoolock/hoolock_AMNH80068/Hoolock#hoolock#AMNH80068#s#v#p2#l1#M2#R_aug_warm.jpg
train,hoolock,0,original,Hoolock,hoolock,AMNH80068,AMNH,p2,l1,M3,R,train/hoolock/hoolock_AMNH80068/Hoolock#hoolock#AMNH80068#s#v#p2#l1#M3#R.jpg
train,hoolock,0,offline_augmented,Hoolock,hoolock,AMNH80068,AMNH,p2,l1,M3,R,train/hoolock/hoolock_AMNH80068/Hoolock#hoolock#AMNH80068#s#v#p2#l1#M3#R_aug_bright_sat.jpg
train,hoolock,0,offline_augmented,Hoolock,hoolock,AMNH80068,AMNH,p2,l1,M3,R,train/hoolock/hoolock_AMNH80068/Hoolock#hoolock#AMNH80068#s#v#p2#l1#M3#R_aug_cool.jpg
train,hoolock,0,offline_augmented,Hoolock,hoolock,AMNH80068,AMNH,p2,l1,M3,R,train/hoolock/hoolock_AMNH80068/Hoolock#hoolock#AMNH80068#s#v#p2#l1#M3#R_aug_dark_con.jpg
train,hoolock,0,offline_augmented,Hoolock,hoolock,AMNH80068,AMNH,p2,l1,M3,R,train/hoolock/hoolock_AMNH80068/Hoolock#hoolock#AMNH80068#s#v#p2#l1#M3#R_aug_muted.jpg
train,hoolock,0,offline_augmented,Hoolock,hoolock,AMNH80068,AMNH,p2,l1,M3,R,train/hoolock/hoolock_AMNH80068/Hoolock#hoolock#AMNH80068#s#v#p2#l1#M3#R_aug_warm.jpg
train,hoolock,0,original,Hoolock,hoolock,AMNH80068,AMNH,p3,l1,M1,R,train/hoolock/hoolock_AMNH80068/Hoolock#hoolock#AMNH80068#s#v#p3#l1#M1#R#A.jpg
train,hoolock,0,offline_augmented,Hoolock,hoolock,AMNH80068,AMNH,p3,l1,M1,R,train/hoolock/hoolock_AMNH80068/Hoolock#hoolock#AMNH80068#s#v#p3#l1#M1#R#A_aug_bright_sat.jpg
train,hoolock,0,offline_augmented,Hoolock,hoolock,AMNH80068,AMNH,p3,l1,M1,R,train/hoolock/hoolock_AMNH80068/Hoolock#hoolock#AMNH80068#s#v#p3#l1#M1#R#A_aug_hicon.jpg
train,hoolock,0,offline_augmented,Hoolock,hoolock,AMNH80068,AMNH,p3,l1,M1,R,train/hoolock/hoolock_AMNH80068/Hoolock#hoolock#AMNH80068#s#v#p3#l1#M1#R#A_aug_muted.jpg
train,hoolock,0,offline_augmented,Hoolock,hoolock,AMNH80068,AMNH,p3,l1,M1,R,train/hoolock/hoolock_AMNH80068/Hoolock#hoolock#AMNH80068#s#v#p3#l1#M1#R#A_aug_soft.jpg
train,hoolock,0,offline_augmented,Hoolock,hoolock,AMNH80068,AMNH,p3,l1,M1,R,train/hoolock/hoolock_AMNH80068/Hoolock#hoolock#AMNH80068#s#v#p3#l1#M1#R#A_aug_vivid.jpg
train,hoolock,0,original,Hoolock,hoolock,AMNH80068,AMNH,p3,l1,M2,R,train/hoolock/hoolock_AMNH80068/Hoolock#hoolock#AMNH80068#s#v#p3#l1#M2#R.jpg
train,hoolock,0,offline_augmented,Hoolock,hoolock,AMNH80068,AMNH,p3,l1,M2,R,train/hoolock/hoolock_AMNH80068/Hoolock#hoolock#AMNH80068#s#v#p3#l1#M2#R_aug_bright_sat.jpg
train,hoolock,0,offline_augmented,Hoolock,hoolock,AMNH80068,AMNH,p3,l1,M2,R,train/hoolock/hoolock_AMNH80068/Hoolock#hoolock#AMNH80068#s#v#p3#l1#M2#R_aug_cool.jpg
train,hoolock,0,offline_augmented,Hoolock,hoolock,AMNH80068,AMNH,p3,l1,M2,R,train/hoolock/hoolock_AMNH80068/Hoolock#hoolock#AMNH80068#s#v#p3#l1#M2#R_aug_hicon.jpg
train,hoolock,0,offline_augmented,Hoolock,hoolock,AMNH80068,AMNH,p3,l1,M2,R,train/hoolock/hoolock_AMNH80068/Hoolock#hoolock#AMNH80068#s#v#p3#l1#M2#R_aug_soft.jpg
train,hoolock,0,offline_augmented,Hoolock,hoolock,AMNH80068,AMNH,p3,l1,M2,R,train/hoolock/hoolock_AMNH80068/Hoolock#hoolock#AMNH80068#s#v#p3#l1#M2#R_aug_warm.jpg
train,hoolock,0,original,Hoolock,hoolock,AMNH80068,AMNH,p3,l1,M3,R,train/hoolock/hoolock_AMNH80068/Hoolock#hoolock#AMNH80068#s#v#p3#l1#M3#R.jpg
train,hoolock,0,offline_augmented,Hoolock,hoolock,AMNH80068,AMNH,p3,l1,M3,R,train/hoolock/hoolock_AMNH80068/Hoolock#hoolock#AMNH80068#s#v#p3#l1#M3#R_aug_bright_sat.jpg
train,hoolock,0,offline_augmented,Hoolock,hoolock,AMNH80068,AMNH,p3,l1,M3,R,train/hoolock/hoolock_AMNH80068/Hoolock#hoolock#AMNH80068#s#v#p3#l1#M3#R_aug_cool.jpg
train,hoolock,0,offline_augmented,Hoolock,hoolock,AMNH80068,AMNH,p3,l1,M3,R,train/hoolock/hoolock_AMNH80068/Hoolock#hoolock#AMNH80068#s#v#p3#l1#M3#R_aug_dark_con.jpg
train,hoolock,0,offline_augmented,Hoolock,hoolock,AMNH80068,AMNH,p3,l1,M3,R,train/hoolock/hoolock_AMNH80068/Hoolock#hoolock#AMNH80068#s#v#p3#l1#M3#R_aug_hicon.jpg
train,hoolock,0,offline_augmented,Hoolock,hoolock,AMNH80068,AMNH,p3,l1,M3,R,train/hoolock/hoolock_AMNH80068/Hoolock#hoolock#AMNH80068#s#v#p3#l1#M3#R_aug_muted.jpg
train,hoolock,0,original,Hoolock,hoolock,AMNH83413,AMNH,p1,l1,M1,R,train/hoolock/hoolock_AMNH83413/Hoolock#hoolock#AMNH83413#s#v#p1#l1#M1#R.jpg
train,hoolock,0,offline_augmented,Hoolock,hoolock,AMNH83413,AMNH,p1,l1,M1,R,train/hoolock/hoolock_AMNH83413/Hoolock#hoolock#AMNH83413#s#v#p1#l1#M1#R_aug_bright_sat.jpg
train,hoolock,0,offline_augmented,Hoolock,hoolock,AMNH83413,AMNH,p1,l1,M1,R,train/hoolock/hoolock_AMNH83413/Hoolock#hoolock#AMNH83413#s#v#p1#l1#M1#R_aug_dark_con.jpg
train,hoolock,0,offline_augmented,Hoolock,hoolock,AMNH83413,AMNH,p1,l1,M1,R,train/hoolock/hoolock_AMNH83413/Hoolock#hoolock#AMNH83413#s#v#p1#l1#M1#R_aug_muted.jpg
train,hoolock,0,offline_augmented,Hoolock,hoolock,AMNH83413,AMNH,p1,l1,M1,R,train/hoolock/hoolock_AMNH83413/Hoolock#hoolock#AMNH83413#s#v#p1#l1#M1#R_aug_soft.jpg
train,hoolock,0,offline_augmented,Hoolock,hoolock,AMNH83413,AMNH,p1,l1,M1,R,train/hoolock/hoolock_AMNH83413/Hoolock#hoolock#AMNH83413#s#v#p1#l1#M1#R_aug_vivid.jpg
train,hoolock,0,original,Hoolock,hoolock,AMNH83413,AMNH,p1,l1,M2,R,train/hoolock/hoolock_AMNH83413/Hoolock#hoolock#AMNH83413#s#v#p1#l1#M2#R.jpg
train,hoolock,0,offline_augmented,Hoolock,hoolock,AMNH83413,AMNH,p1,l1,M2,R,train/hoolock/hoolock_AMNH83413/Hoolock#hoolock#AMNH83413#s#v#p1#l1#M2#R_aug_bright_sat.jpg
train,hoolock,0,offline_augmented,Hoolock,hoolock,AMNH83413,AMNH,p1,l1,M2,R,train/hoolock/hoolock_AMNH83413/Hoolock#hoolock#AMNH83413#s#v#p1#l1#M2#R_aug_dark_con.jpg
train,hoolock,0,offline_augmented,Hoolock,hoolock,AMNH83413,AMNH,p1,l1,M2,R,train/hoolock/hoolock_AMNH83413/Hoolock#hoolock#AMNH83413#s#v#p1#l1#M2#R_aug_muted.jpg
train,hoolock,0,offline_augmented,Hoolock,hoolock,AMNH83413,AMNH,p1,l1,M2,R,train/hoolock/hoolock_AMNH83413/Hoolock#hoolock#AMNH83413#s#v#p1#l1#M2#R_aug_vivid.jpg
train,hoolock,0,offline_augmented,Hoolock,hoolock,AMNH83413,AMNH,p1,l1,M2,R,train/hoolock/hoolock_AMNH83413/Hoolock#hoolock#AMNH83413#s#v#p1#l1#M2#R_aug_warm.jpg
train,hoolock,0,original,Hoolock,hoolock,AMNH83413,AMNH,p1,l1,M3,R,train/hoolock/hoolock_AMNH83413/Hoolock#hoolock#AMNH83413#s#v#p1#l1#M3#R.jpg
train,hoolock,0,offline_augmented,Hoolock,hoolock,AMNH83413,AMNH,p1,l1,M3,R,train/hoolock/hoolock_AMNH83413/Hoolock#hoolock#AMNH83413#s#v#p1#l1#M3#R_aug_cool.jpg
train,hoolock,0,offline_augmented,Hoolock,hoolock,AMNH83413,AMNH,p1,l1,M3,R,train/hoolock/hoolock_AMNH83413/Hoolock#hoolock#AMNH83413#s#v#p1#l1#M3#R_aug_dark_con.jpg
train,hoolock,0,offline_augmented,Hoolock,hoolock,AMNH83413,AMNH,p1,l1,M3,R,train/hoolock/hoolock_AMNH83413/Hoolock#hoolock#AMNH83413#s#v#p1#l1#M3#R_aug_muted.jpg
train,hoolock,0,offline_augmented,Hoolock,hoolock,AMNH83413,AMNH,p1,l1,M3,R,train/hoolock/hoolock_AMNH83413/Hoolock#hoolock#AMNH83413#s#v#p1#l1#M3#R_aug_soft.jpg
train,hoolock,0,offline_augmented,Hoolock,hoolock,AMNH83413,AMNH,p1,l1,M3,R,train/hoolock/hoolock_AMNH83413/Hoolock#hoolock#AMNH83413#s#v#p1#l1#M3#R_aug_warm.jpg
train,hoolock,0,original,Hoolock,hoolock,AMNH83413,AMNH,p2,l1,M1,R,train/hoolock/hoolock_AMNH83413/Hoolock#hoolock#AMNH83413#s#v#p2#l1#M1#R.jpg
train,hoolock,0,offline_augmented,Hoolock,hoolock,AMNH83413,AMNH,p2,l1,M1,R,train/hoolock/hoolock_AMNH83413/Hoolock#hoolock#AMNH83413#s#v#p2#l1#M1#R_aug_cool.jpg
train,hoolock,0,offline_augmented,Hoolock,hoolock,AMNH83413,AMNH,p2,l1,M1,R,train/hoolock/hoolock_AMNH83413/Hoolock#hoolock#AMNH83413#s#v#p2#l1#M1#R_aug_dark_con.jpg
train,hoolock,0,offline_augmented,Hoolock,hoolock,AMNH83413,AMNH,p2,l1,M1,R,train/hoolock/hoolock_AMNH83413/Hoolock#hoolock#AMNH83413#s#v#p2#l1#M1#R_aug_hicon.jpg
train,hoolock,0,offline_augmented,Hoolock,hoolock,AMNH83413,AMNH,p2,l1,M1,R,train/hoolock/hoolock_AMNH83413/Hoolock#hoolock#AMNH83413#s#v#p2#l1#M1#R_aug_muted.jpg
train,hoolock,0,offline_augmented,Hoolock,hoolock,AMNH83413,AMNH,p2,l1,M1,R,train/hoolock/hoolock_AMNH83413/Hoolock#hoolock#AMNH83413#s#v#p2#l1#M1#R_aug_vivid.jpg
train,hoolock,0,original,Hoolock,hoolock,AMNH83413,AMNH,p2,l1,M2,R,train/hoolock/hoolock_AMNH83413/Hoolock#hoolock#AMNH83413#s#v#p2#l1#M2#R.jpg
train,hoolock,0,offline_augmented,Hoolock,hoolock,AMNH83413,AMNH,p2,l1,M2,R,train/hoolock/hoolock_AMNH83413/Hoolock#hoolock#AMNH83413#s#v#p2#l1#M2#R_aug_cool.jpg
train,hoolock,0,offline_augmented,Hoolock,hoolock,AMNH83413,AMNH,p2,l1,M2,R,train/hoolock/hoolock_AMNH83413/Hoolock#hoolock#AMNH83413#s#v#p2#l1#M2#R_aug_dark_con.jpg
train,hoolock,0,offline_augmented,Hoolock,hoolock,AMNH83413,AMNH,p2,l1,M2,R,train/hoolock/hoolock_AMNH83413/Hoolock#hoolock#AMNH83413#s#v#p2#l1#M2#R_aug_muted.jpg
train,hoolock,0,offline_augmented,Hoolock,hoolock,AMNH83413,AMNH,p2,l1,M2,R,train/hoolock/hoolock_AMNH83413/Hoolock#hoolock#AMNH83413#s#v#p2#l1#M2#R_aug_soft.jpg
train,hoolock,0,offline_augmented,Hoolock,hoolock,AMNH83413,AMNH,p2,l1,M2,R,train/hoolock/hoolock_AMNH83413/Hoolock#hoolock#AMNH83413#s#v#p2#l1#M2#R_aug_warm.jpg
train,hoolock,0,original,Hoolock,hoolock,AMNH83413,AMNH,p2,l1,M3,R,train/hoolock/hoolock_AMNH83413/Hoolock#hoolock#AMNH83413#s#v#p2#l1#M3#R.jpg
train,hoolock,0,offline_augmented,Hoolock,hoolock,AMNH83413,AMNH,p2,l1,M3,R,train/hoolock/hoolock_AMNH83413/Hoolock#hoolock#AMNH83413#s#v#p2#l1#M3#R_aug_bright_sat.jpg
train,hoolock,0,offline_augmented,Hoolock,hoolock,AMNH83413,AMNH,p2,l1,M3,R,train/hoolock/hoolock_AMNH83413/Hoolock#hoolock#AMNH83413#s#v#p2#l1#M3#R_aug_hicon.jpg
train,hoolock,0,offline_augmented,Hoolock,hoolock,AMNH83413,AMNH,p2,l1,M3,R,train/hoolock/hoolock_AMNH83413/Hoolock#hoolock#AMNH83413#s#v#p2#l1#M3#R_aug_muted.jpg
train,hoolock,0,offline_augmented,Hoolock,hoolock,AMNH83413,AMNH,p2,l1,M3,R,train/hoolock/hoolock_AMNH83413/Hoolock#hoolock#AMNH83413#s#v#p2#l1#M3#R_aug_vivid.jpg
train,hoolock,0,offline_augmented,Hoolock,hoolock,AMNH83413,AMNH,p2,l1,M3,R,train/hoolock/hoolock_AMNH83413/Hoolock#hoolock#AMNH83413#s#v#p2#l1#M3#R_aug_warm.jpg
train,hoolock,0,original,Hoolock,hoolock,AMNH83413,AMNH,p3,l1,M2,R,train/hoolock/hoolock_AMNH83413/Hoolock#hoolock#AMNH83413#s#v#p3#l1#M2#R.jpg
train,hoolock,0,offline_augmented,Hoolock,hoolock,AMNH83413,AMNH,p3,l1,M2,R,train/hoolock/hoolock_AMNH83413/Hoolock#hoolock#AMNH83413#s#v#p3#l1#M2#R_aug_bright_sat.jpg
train,hoolock,0,offline_augmented,Hoolock,hoolock,AMNH83413,AMNH,p3,l1,M2,R,train/hoolock/hoolock_AMNH83413/Hoolock#hoolock#AMNH83413#s#v#p3#l1#M2#R_aug_hicon.jpg
train,hoolock,0,offline_augmented,Hoolock,hoolock,AMNH83413,AMNH,p3,l1,M2,R,train/hoolock/hoolock_AMNH83413/Hoolock#hoolock#AMNH83413#s#v#p3#l1#M2#R_aug_muted.jpg
train,hoolock,0,offline_augmented,Hoolock,hoolock,AMNH83413,AMNH,p3,l1,M2,R,train/hoolock/hoolock_AMNH83413/Hoolock#hoolock#AMNH83413#s#v#p3#l1#M2#R_aug_vivid.jpg
train,hoolock,0,offline_augmented,Hoolock,hoolock,AMNH83413,AMNH,p3,l1,M2,R,train/hoolock/hoolock_AMNH83413/Hoolock#hoolock#AMNH83413#s#v#p3#l1#M2#R_aug_warm.jpg
train,hoolock,0,original,Hoolock,hoolock,AMNH83413,AMNH,p3,l1,M3,R,train/hoolock/hoolock_AMNH83413/Hoolock#hoolock#AMNH83413#s#v#p3#l1#M3#R.jpg
train,hoolock,0,offline_augmented,Hoolock,hoolock,AMNH83413,AMNH,p3,l1,M3,R,train/hoolock/hoolock_AMNH83413/Hoolock#hoolock#AMNH83413#s#v#p3#l1#M3#R_aug_cool.jpg
train,hoolock,0,offline_augmented,Hoolock,hoolock,AMNH83413,AMNH,p3,l1,M3,R,train/hoolock/hoolock_AMNH83413/Hoolock#hoolock#AMNH83413#s#v#p3#l1#M3#R_aug_dark_con.jpg
train,hoolock,0,offline_augmented,Hoolock,hoolock,AMNH83413,AMNH,p3,l1,M3,R,train/hoolock/hoolock_AMNH83413/Hoolock#hoolock#AMNH83413#s#v#p3#l1#M3#R_aug_hicon.jpg
train,hoolock,0,offline_augmented,Hoolock,hoolock,AMNH83413,AMNH,p3,l1,M3,R,train/hoolock/hoolock_AMNH83413/Hoolock#hoolock#AMNH83413#s#v#p3#l1#M3#R_aug_vivid.jpg
train,hoolock,0,offline_augmented,Hoolock,hoolock,AMNH83413,AMNH,p3,l1,M3,R,train/hoolock/hoolock_AMNH83413/Hoolock#hoolock#AMNH83413#s#v#p3#l1#M3#R_aug_warm.jpg
train,hoolock,0,original,Hoolock,hoolock,AMNH83414,AMNH,p1,l1,M1,R,train/hoolock/hoolock_AMNH83414/Hoolock#hoolock#AMNH83414#s#v#p1#l1#M1#R.jpg
train,hoolock,0,offline_augmented,Hoolock,hoolock,AMNH83414,AMNH,p1,l1,M1,R,train/hoolock/hoolock_AMNH83414/Hoolock#hoolock#AMNH83414#s#v#p1#l1#M1#R_aug_bright_sat.jpg
train,hoolock,0,offline_augmented,Hoolock,hoolock,AMNH83414,AMNH,p1,l1,M1,R,train/hoolock/hoolock_AMNH83414/Hoolock#hoolock#AMNH83414#s#v#p1#l1#M1#R_aug_dark_con.jpg
train,hoolock,0,offline_augmented,Hoolock,hoolock,AMNH83414,AMNH,p1,l1,M1,R,train/hoolock/hoolock_AMNH83414/Hoolock#hoolock#AMNH83414#s#v#p1#l1#M1#R_aug_hicon.jpg
train,hoolock,0,offline_augmented,Hoolock,hoolock,AMNH83414,AMNH,p1,l1,M1,R,train/hoolock/hoolock_AMNH83414/Hoolock#hoolock#AMNH83414#s#v#p1#l1#M1#R_aug_muted.jpg
train,hoolock,0,offline_augmented,Hoolock,hoolock,AMNH83414,AMNH,p1,l1,M1,R,train/hoolock/hoolock_AMNH83414/Hoolock#hoolock#AMNH83414#s#v#p1#l1#M1#R_aug_vivid.jpg
train,hoolock,0,original,Hoolock,hoolock,AMNH83414,AMNH,p1,l1,M2,R,train/hoolock/hoolock_AMNH83414/Hoolock#hoolock#AMNH83414#s#v#p1#l1#M2#R.jpg
train,hoolock,0,offline_augmented,Hoolock,hoolock,AMNH83414,AMNH,p1,l1,M2,R,train/hoolock/hoolock_AMNH83414/Hoolock#hoolock#AMNH83414#s#v#p1#l1#M2#R_aug_cool.jpg
train,hoolock,0,offline_augmented,Hoolock,hoolock,AMNH83414,AMNH,p1,l1,M2,R,train/hoolock/hoolock_AMNH83414/Hoolock#hoolock#AMNH83414#s#v#p1#l1#M2#R_aug_muted.jpg
train,hoolock,0,offline_augmented,Hoolock,hoolock,AMNH83414,AMNH,p1,l1,M2,R,train/hoolock/hoolock_AMNH83414/Hoolock#hoolock#AMNH83414#s#v#p1#l1#M2#R_aug_soft.jpg
train,hoolock,0,offline_augmented,Hoolock,hoolock,AMNH83414,AMNH,p1,l1,M2,R,train/hoolock/hoolock_AMNH83414/Hoolock#hoolock#AMNH83414#s#v#p1#l1#M2#R_aug_vivid.jpg
train,hoolock,0,offline_augmented,Hoolock,hoolock,AMNH83414,AMNH,p1,l1,M2,R,train/hoolock/hoolock_AMNH83414/Hoolock#hoolock#AMNH83414#s#v#p1#l1#M2#R_aug_warm.jpg
train,hoolock,0,original,Hoolock,hoolock,AMNH83414,AMNH,p2,l1,M1,R,train/hoolock/hoolock_AMNH83414/Hoolock#hoolock#AMNH83414#s#v#p2#l1#M1#R.jpg
train,hoolock,0,offline_augmented,Hoolock,hoolock,AMNH83414,AMNH,p2,l1,M1,R,train/hoolock/hoolock_AMNH83414/Hoolock#hoolock#AMNH83414#s#v#p2#l1#M1#R_aug_bright_sat.jpg
train,hoolock,0,offline_augmented,Hoolock,hoolock,AMNH83414,AMNH,p2,l1,M1,R,train/hoolock/hoolock_AMNH83414/Hoolock#hoolock#AMNH83414#s#v#p2#l1#M1#R_aug_cool.jpg
train,hoolock,0,offline_augmented,Hoolock,hoolock,AMNH83414,AMNH,p2,l1,M1,R,train/hoolock/hoolock_AMNH83414/Hoolock#hoolock#AMNH83414#s#v#p2#l1#M1#R_aug_dark_con.jpg
train,hoolock,0,offline_augmented,Hoolock,hoolock,AMNH83414,AMNH,p2,l1,M1,R,train/hoolock/hoolock_AMNH83414/Hoolock#hoolock#AMNH83414#s#v#p2#l1#M1#R_aug_hicon.jpg
train,hoolock,0,offline_augmented,Hoolock,hoolock,AMNH83414,AMNH,p2,l1,M1,R,train/hoolock/hoolock_AMNH83414/Hoolock#hoolock#AMNH83414#s#v#p2#l1#M1#R_aug_muted.jpg
train,hoolock,0,original,Hoolock,hoolock,AMNH83414,AMNH,p2,l1,M2,R,train/hoolock/hoolock_AMNH83414/Hoolock#hoolock#AMNH83414#s#v#p2#l1#M2#R.jpg
train,hoolock,0,offline_augmented,Hoolock,hoolock,AMNH83414,AMNH,p2,l1,M2,R,train/hoolock/hoolock_AMNH83414/Hoolock#hoolock#AMNH83414#s#v#p2#l1#M2#R_aug_dark_con.jpg
train,hoolock,0,offline_augmented,Hoolock,hoolock,AMNH83414,AMNH,p2,l1,M2,R,train/hoolock/hoolock_AMNH83414/Hoolock#hoolock#AMNH83414#s#v#p2#l1#M2#R_aug_hicon.jpg
train,hoolock,0,offline_augmented,Hoolock,hoolock,AMNH83414,AMNH,p2,l1,M2,R,train/hoolock/hoolock_AMNH83414/Hoolock#hoolock#AMNH83414#s#v#p2#l1#M2#R_aug_muted.jpg
train,hoolock,0,offline_augmented,Hoolock,hoolock,AMNH83414,AMNH,p2,l1,M2,R,train/hoolock/hoolock_AMNH83414/Hoolock#hoolock#AMNH83414#s#v#p2#l1#M2#R_aug_vivid.jpg
train,hoolock,0,offline_augmented,Hoolock,hoolock,AMNH83414,AMNH,p2,l1,M2,R,train/hoolock/hoolock_AMNH83414/Hoolock#hoolock#AMNH83414#s#v#p2#l1#M2#R_aug_warm.jpg
train,hoolock,0,original,Hoolock,hoolock,AMNH83415,AMNH,p1,l1,M1,L,train/hoolock/hoolock_AMNH83415/Hoolock#hoolock#AMNH83415#s#v#p1#l1#M1#L.jpg
train,hoolock,0,offline_augmented,Hoolock,hoolock,AMNH83415,AMNH,p1,l1,M1,L,train/hoolock/hoolock_AMNH83415/Hoolock#hoolock#AMNH83415#s#v#p1#l1#M1#L_aug_cool.jpg
train,hoolock,0,offline_augmented,Hoolock,hoolock,AMNH83415,AMNH,p1,l1,M1,L,train/hoolock/hoolock_AMNH83415/Hoolock#hoolock#AMNH83415#s#v#p1#l1#M1#L_aug_hicon.jpg
train,hoolock,0,offline_augmented,Hoolock,hoolock,AMNH83415,AMNH,p1,l1,M1,L,train/hoolock/hoolock_AMNH83415/Hoolock#hoolock#AMNH83415#s#v#p1#l1#M1#L_aug_muted.jpg
train,hoolock,0,offline_augmented,Hoolock,hoolock,AMNH83415,AMNH,p1,l1,M1,L,train/hoolock/hoolock_AMNH83415/Hoolock#hoolock#AMNH83415#s#v#p1#l1#M1#L_aug_soft.jpg
train,hoolock,0,offline_augmented,Hoolock,hoolock,AMNH83415,AMNH,p1,l1,M1,L,train/hoolock/hoolock_AMNH83415/Hoolock#hoolock#AMNH83415#s#v#p1#l1#M1#L_aug_warm.jpg
train,hoolock,0,original,Hoolock,hoolock,AMNH83415,AMNH,p1,l1,M2,L,train/hoolock/hoolock_AMNH83415/Hoolock#hoolock#AMNH83415#s#v#p1#l1#M2#L.jpg
train,hoolock,0,offline_augmented,Hoolock,hoolock,AMNH83415,AMNH,p1,l1,M2,L,train/hoolock/hoolock_AMNH83415/Hoolock#hoolock#AMNH83415#s#v#p1#l1#M2#L_aug_cool.jpg
train,hoolock,0,offline_augmented,Hoolock,hoolock,AMNH83415,AMNH,p1,l1,M2,L,train/hoolock/hoolock_AMNH83415/Hoolock#hoolock#AMNH83415#s#v#p1#l1#M2#L_aug_dark_con.jpg
train,hoolock,0,offline_augmented,Hoolock,hoolock,AMNH83415,AMNH,p1,l1,M2,L,train/hoolock/hoolock_AMNH83415/Hoolock#hoolock#AMNH83415#s#v#p1#l1#M2#L_aug_muted.jpg
train,hoolock,0,offline_augmented,Hoolock,hoolock,AMNH83415,AMNH,p1,l1,M2,L,train/hoolock/hoolock_AMNH83415/Hoolock#hoolock#AMNH83415#s#v#p1#l1#M2#L_aug_vivid.jpg
train,hoolock,0,offline_augmented,Hoolock,hoolock,AMNH83415,AMNH,p1,l1,M2,L,train/hoolock/hoolock_AMNH83415/Hoolock#hoolock#AMNH83415#s#v#p1#l1#M2#L_aug_warm.jpg
train,hoolock,0,original,Hoolock,hoolock,AMNH83415,AMNH,p2,l1,M1,L,train/hoolock/hoolock_AMNH83415/Hoolock#hoolock#AMNH83415#s#v#p2#l1#M1#L.jpg
train,hoolock,0,offline_augmented,Hoolock,hoolock,AMNH83415,AMNH,p2,l1,M1,L,train/hoolock/hoolock_AMNH83415/Hoolock#hoolock#AMNH83415#s#v#p2#l1#M1#L_aug_bright_sat.jpg
train,hoolock,0,offline_augmented,Hoolock,hoolock,AMNH83415,AMNH,p2,l1,M1,L,train/hoolock/hoolock_AMNH83415/Hoolock#hoolock#AMNH83415#s#v#p2#l1#M1#L_aug_dark_con.jpg
train,hoolock,0,offline_augmented,Hoolock,hoolock,AMNH83415,AMNH,p2,l1,M1,L,train/hoolock/hoolock_AMNH83415/Hoolock#hoolock#AMNH83415#s#v#p2#l1#M1#L_aug_hicon.jpg
train,hoolock,0,offline_augmented,Hoolock,hoolock,AMNH83415,AMNH,p2,l1,M1,L,train/hoolock/hoolock_AMNH83415/Hoolock#hoolock#AMNH83415#s#v#p2#l1#M1#L_aug_muted.jpg
train,hoolock,0,offline_augmented,Hoolock,hoolock,AMNH83415,AMNH,p2,l1,M1,L,train/hoolock/hoolock_AMNH83415/Hoolock#hoolock#AMNH83415#s#v#p2#l1#M1#L_aug_warm.jpg
train,hoolock,0,original,Hoolock,hoolock,AMNH83415,AMNH,p2,l1,M2,L,train/hoolock/hoolock_AMNH83415/Hoolock#hoolock#AMNH83415#s#v#p2#l1#M2#L.jpg
train,hoolock,0,offline_augmented,Hoolock,hoolock,AMNH83415,AMNH,p2,l1,M2,L,train/hoolock/hoolock_AMNH83415/Hoolock#hoolock#AMNH83415#s#v#p2#l1#M2#L_aug_bright_sat.jpg
train,hoolock,0,offline_augmented,Hoolock,hoolock,AMNH83415,AMNH,p2,l1,M2,L,train/hoolock/hoolock_AMNH83415/Hoolock#hoolock#AMNH83415#s#v#p2#l1#M2#L_aug_hicon.jpg
train,hoolock,0,offline_augmented,Hoolock,hoolock,AMNH83415,AMNH,p2,l1,M2,L,train/hoolock/hoolock_AMNH83415/Hoolock#hoolock#AMNH83415#s#v#p2#l1#M2#L_aug_muted.jpg
train,hoolock,0,offline_augmented,Hoolock,hoolock,AMNH83415,AMNH,p2,l1,M2,L,train/hoolock/hoolock_AMNH83415/Hoolock#hoolock#AMNH83415#s#v#p2#l1#M2#L_aug_vivid.jpg
train,hoolock,0,offline_augmented,Hoolock,hoolock,AMNH83415,AMNH,p2,l1,M2,L,train/hoolock/hoolock_AMNH83415/Hoolock#hoolock#AMNH83415#s#v#p2#l1#M2#L_aug_warm.jpg
train,hoolock,0,original,Hoolock,hoolock,AMNH83415,AMNH,p2,l1,M3,L,train/hoolock/hoolock_AMNH83415/Hoolock#hoolock#AMNH83415#s#v#p2#l1#M3#L.jpg
train,hoolock,0,offline_augmented,Hoolock,hoolock,AMNH83415,AMNH,p2,l1,M3,L,train/hoolock/hoolock_AMNH83415/Hoolock#hoolock#AMNH83415#s#v#p2#l1#M3#L_aug_dark_con.jpg
train,hoolock,0,offline_augmented,Hoolock,hoolock,AMNH83415,AMNH,p2,l1,M3,L,train/hoolock/hoolock_AMNH83415/Hoolock#hoolock#AMNH83415#s#v#p2#l1#M3#L_aug_hicon.jpg
train,hoolock,0,offline_augmented,Hoolock,hoolock,AMNH83415,AMNH,p2,l1,M3,L,train/hoolock/hoolock_AMNH83415/Hoolock#hoolock#AMNH83415#s#v#p2#l1#M3#L_aug_muted.jpg
train,hoolock,0,offline_augmented,Hoolock,hoolock,AMNH83415,AMNH,p2,l1,M3,L,train/hoolock/hoolock_AMNH83415/Hoolock#hoolock#AMNH83415#s#v#p2#l1#M3#L_aug_soft.jpg
train,hoolock,0,offline_augmented,Hoolock,hoolock,AMNH83415,AMNH,p2,l1,M3,L,train/hoolock/hoolock_AMNH83415/Hoolock#hoolock#AMNH83415#s#v#p2#l1#M3#L_aug_vivid.jpg
train,hoolock,0,original,Hoolock,hoolock,AMNH83422,AMNH,p1,l1,M1,L,train/hoolock/hoolock_AMNH83422/Hoolock#hoolock#AMNH83422#s#v#p1#l1#M1#L.jpg
train,hoolock,0,offline_augmented,Hoolock,hoolock,AMNH83422,AMNH,p1,l1,M1,L,train/hoolock/hoolock_AMNH83422/Hoolock#hoolock#AMNH83422#s#v#p1#l1#M1#L_aug_cool.jpg
train,hoolock,0,offline_augmented,Hoolock,hoolock,AMNH83422,AMNH,p1,l1,M1,L,train/hoolock/hoolock_AMNH83422/Hoolock#hoolock#AMNH83422#s#v#p1#l1#M1#L_aug_hicon.jpg
train,hoolock,0,offline_augmented,Hoolock,hoolock,AMNH83422,AMNH,p1,l1,M1,L,train/hoolock/hoolock_AMNH83422/Hoolock#hoolock#AMNH83422#s#v#p1#l1#M1#L_aug_muted.jpg
train,hoolock,0,offline_augmented,Hoolock,hoolock,AMNH83422,AMNH,p1,l1,M1,L,train/hoolock/hoolock_AMNH83422/Hoolock#hoolock#AMNH83422#s#v#p1#l1#M1#L_aug_soft.jpg
train,hoolock,0,offline_augmented,Hoolock,hoolock,AMNH83422,AMNH,p1,l1,M1,L,train/hoolock/hoolock_AMNH83422/Hoolock#hoolock#AMNH83422#s#v#p1#l1#M1#L_aug_vivid.jpg
train,hoolock,0,original,Hoolock,hoolock,AMNH83422,AMNH,p1,l1,M2,L,train/hoolock/hoolock_AMNH83422/Hoolock#hoolock#AMNH83422#s#v#p1#l1#M2#L.jpg
train,hoolock,0,offline_augmented,Hoolock,hoolock,AMNH83422,AMNH,p1,l1,M2,L,train/hoolock/hoolock_AMNH83422/Hoolock#hoolock#AMNH83422#s#v#p1#l1#M2#L_aug_bright_sat.jpg
train,hoolock,0,offline_augmented,Hoolock,hoolock,AMNH83422,AMNH,p1,l1,M2,L,train/hoolock/hoolock_AMNH83422/Hoolock#hoolock#AMNH83422#s#v#p1#l1#M2#L_aug_cool.jpg
train,hoolock,0,offline_augmented,Hoolock,hoolock,AMNH83422,AMNH,p1,l1,M2,L,train/hoolock/hoolock_AMNH83422/Hoolock#hoolock#AMNH83422#s#v#p1#l1#M2#L_aug_dark_con.jpg
train,hoolock,0,offline_augmented,Hoolock,hoolock,AMNH83422,AMNH,p1,l1,M2,L,train/hoolock/hoolock_AMNH83422/Hoolock#hoolock#AMNH83422#s#v#p1#l1#M2#L_aug_vivid.jpg
train,hoolock,0,offline_augmented,Hoolock,hoolock,AMNH83422,AMNH,p1,l1,M2,L,train/hoolock/hoolock_AMNH83422/Hoolock#hoolock#AMNH83422#s#v#p1#l1#M2#L_aug_warm.jpg
train,hoolock,0,original,Hoolock,hoolock,AMNH83422,AMNH,p2,l1,M2,L,train/hoolock/hoolock_AMNH83422/Hoolock#hoolock#AMNH83422#s#v#p2#l1#M2#L.jpg
train,hoolock,0,offline_augmented,Hoolock,hoolock,AMNH83422,AMNH,p2,l1,M2,L,train/hoolock/hoolock_AMNH83422/Hoolock#hoolock#AMNH83422#s#v#p2#l1#M2#L_aug_cool.jpg
train,hoolock,0,offline_augmented,Hoolock,hoolock,AMNH83422,AMNH,p2,l1,M2,L,train/hoolock/hoolock_AMNH83422/Hoolock#hoolock#AMNH83422#s#v#p2#l1#M2#L_aug_hicon.jpg
train,hoolock,0,offline_augmented,Hoolock,hoolock,AMNH83422,AMNH,p2,l1,M2,L,train/hoolock/hoolock_AMNH83422/Hoolock#hoolock#AMNH83422#s#v#p2#l1#M2#L_aug_muted.jpg
train,hoolock,0,offline_augmented,Hoolock,hoolock,AMNH83422,AMNH,p2,l1,M2,L,train/hoolock/hoolock_AMNH83422/Hoolock#hoolock#AMNH83422#s#v#p2#l1#M2#L_aug_soft.jpg
train,hoolock,0,offline_augmented,Hoolock,hoolock,AMNH83422,AMNH,p2,l1,M2,L,train/hoolock/hoolock_AMNH83422/Hoolock#hoolock#AMNH83422#s#v#p2#l1#M2#L_aug_warm.jpg
train,hoolock,0,original,Hoolock,hoolock,AMNH83424,AMNH,p1,l1,M1,R,train/hoolock/hoolock_AMNH83424/Hoolock#hoolock#AMNH83424#s#v#p1#l1#M1#R.jpg
train,hoolock,0,offline_augmented,Hoolock,hoolock,AMNH83424,AMNH,p1,l1,M1,R,train/hoolock/hoolock_AMNH83424/Hoolock#hoolock#AMNH83424#s#v#p1#l1#M1#R_aug_dark_con.jpg
train,hoolock,0,offline_augmented,Hoolock,hoolock,AMNH83424,AMNH,p1,l1,M1,R,train/hoolock/hoolock_AMNH83424/Hoolock#hoolock#AMNH83424#s#v#p1#l1#M1#R_aug_hicon.jpg
train,hoolock,0,offline_augmented,Hoolock,hoolock,AMNH83424,AMNH,p1,l1,M1,R,train/hoolock/hoolock_AMNH83424/Hoolock#hoolock#AMNH83424#s#v#p1#l1#M1#R_aug_soft.jpg
train,hoolock,0,offline_augmented,Hoolock,hoolock,AMNH83424,AMNH,p1,l1,M1,R,train/hoolock/hoolock_AMNH83424/Hoolock#hoolock#AMNH83424#s#v#p1#l1#M1#R_aug_vivid.jpg
train,hoolock,0,offline_augmented,Hoolock,hoolock,AMNH83424,AMNH,p1,l1,M1,R,train/hoolock/hoolock_AMNH83424/Hoolock#hoolock#AMNH83424#s#v#p1#l1#M1#R_aug_warm.jpg
train,hoolock,0,original,Hoolock,hoolock,AMNH83427,AMNH,p1,l1,M1,L,train/hoolock/hoolock_AMNH83427/Hoolock#hoolock#AMNH83427#s#v#p1#l1#M1#L.jpg
train,hoolock,0,offline_augmented,Hoolock,hoolock,AMNH83427,AMNH,p1,l1,M1,L,train/hoolock/hoolock_AMNH83427/Hoolock#hoolock#AMNH83427#s#v#p1#l1#M1#L_aug_cool.jpg
train,hoolock,0,offline_augmented,Hoolock,hoolock,AMNH83427,AMNH,p1,l1,M1,L,train/hoolock/hoolock_AMNH83427/Hoolock#hoolock#AMNH83427#s#v#p1#l1#M1#L_aug_dark_con.jpg
train,hoolock,0,offline_augmented,Hoolock,hoolock,AMNH83427,AMNH,p1,l1,M1,L,train/hoolock/hoolock_AMNH83427/Hoolock#hoolock#AMNH83427#s#v#p1#l1#M1#L_aug_hicon.jpg
train,hoolock,0,offline_augmented,Hoolock,hoolock,AMNH83427,AMNH,p1,l1,M1,L,train/hoolock/hoolock_AMNH83427/Hoolock#hoolock#AMNH83427#s#v#p1#l1#M1#L_aug_muted.jpg
train,hoolock,0,offline_augmented,Hoolock,hoolock,AMNH83427,AMNH,p1,l1,M1,L,train/hoolock/hoolock_AMNH83427/Hoolock#hoolock#AMNH83427#s#v#p1#l1#M1#L_aug_soft.jpg
train,hoolock,0,original,Hoolock,hoolock,AMNH83427,AMNH,p1,l1,M2,L,train/hoolock/hoolock_AMNH83427/Hoolock#hoolock#AMNH83427#s#v#p1#l1#M2#L.jpg
train,hoolock,0,offline_augmented,Hoolock,hoolock,AMNH83427,AMNH,p1,l1,M2,L,train/hoolock/hoolock_AMNH83427/Hoolock#hoolock#AMNH83427#s#v#p1#l1#M2#L_aug_bright_sat.jpg
train,hoolock,0,offline_augmented,Hoolock,hoolock,AMNH83427,AMNH,p1,l1,M2,L,train/hoolock/hoolock_AMNH83427/Hoolock#hoolock#AMNH83427#s#v#p1#l1#M2#L_aug_cool.jpg
train,hoolock,0,offline_augmented,Hoolock,hoolock,AMNH83427,AMNH,p1,l1,M2,L,train/hoolock/hoolock_AMNH83427/Hoolock#hoolock#AMNH83427#s#v#p1#l1#M2#L_aug_dark_con.jpg
train,hoolock,0,offline_augmented,Hoolock,hoolock,AMNH83427,AMNH,p1,l1,M2,L,train/hoolock/hoolock_AMNH83427/Hoolock#hoolock#AMNH83427#s#v#p1#l1#M2#L_aug_hicon.jpg
train,hoolock,0,offline_augmented,Hoolock,hoolock,AMNH83427,AMNH,p1,l1,M2,L,train/hoolock/hoolock_AMNH83427/Hoolock#hoolock#AMNH83427#s#v#p1#l1#M2#L_aug_warm.jpg
train,hoolock,0,original,Hoolock,hoolock,AMNH83427,AMNH,p1,l1,M2,R,train/hoolock/hoolock_AMNH83427/Hoolock#hoolock#AMNH83427#s#v#p1#l1#M2#R.jpg
train,hoolock,0,offline_augmented,Hoolock,hoolock,AMNH83427,AMNH,p1,l1,M2,R,train/hoolock/hoolock_AMNH83427/Hoolock#hoolock#AMNH83427#s#v#p1#l1#M2#R_aug_bright_sat.jpg
train,hoolock,0,offline_augmented,Hoolock,hoolock,AMNH83427,AMNH,p1,l1,M2,R,train/hoolock/hoolock_AMNH83427/Hoolock#hoolock#AMNH83427#s#v#p1#l1#M2#R_aug_cool.jpg
train,hoolock,0,offline_augmented,Hoolock,hoolock,AMNH83427,AMNH,p1,l1,M2,R,train/hoolock/hoolock_AMNH83427/Hoolock#hoolock#AMNH83427#s#v#p1#l1#M2#R_aug_soft.jpg
train,hoolock,0,offline_augmented,Hoolock,hoolock,AMNH83427,AMNH,p1,l1,M2,R,train/hoolock/hoolock_AMNH83427/Hoolock#hoolock#AMNH83427#s#v#p1#l1#M2#R_aug_vivid.jpg
train,hoolock,0,offline_augmented,Hoolock,hoolock,AMNH83427,AMNH,p1,l1,M2,R,train/hoolock/hoolock_AMNH83427/Hoolock#hoolock#AMNH83427#s#v#p1#l1#M2#R_aug_warm.jpg
train,hoolock,0,original,Hoolock,hoolock,AMNH83427,AMNH,p2,l1,M1,L,train/hoolock/hoolock_AMNH83427/Hoolock#hoolock#AMNH83427#s#v#p2#l1#M1#L.jpg
train,hoolock,0,offline_augmented,Hoolock,hoolock,AMNH83427,AMNH,p2,l1,M1,L,train/hoolock/hoolock_AMNH83427/Hoolock#hoolock#AMNH83427#s#v#p2#l1#M1#L_aug_bright_sat.jpg
train,hoolock,0,offline_augmented,Hoolock,hoolock,AMNH83427,AMNH,p2,l1,M1,L,train/hoolock/hoolock_AMNH83427/Hoolock#hoolock#AMNH83427#s#v#p2#l1#M1#L_aug_dark_con.jpg
train,hoolock,0,offline_augmented,Hoolock,hoolock,AMNH83427,AMNH,p2,l1,M1,L,train/hoolock/hoolock_AMNH83427/Hoolock#hoolock#AMNH83427#s#v#p2#l1#M1#L_aug_hicon.jpg
train,hoolock,0,offline_augmented,Hoolock,hoolock,AMNH83427,AMNH,p2,l1,M1,L,train/hoolock/hoolock_AMNH83427/Hoolock#hoolock#AMNH83427#s#v#p2#l1#M1#L_aug_soft.jpg
train,hoolock,0,offline_augmented,Hoolock,hoolock,AMNH83427,AMNH,p2,l1,M1,L,train/hoolock/hoolock_AMNH83427/Hoolock#hoolock#AMNH83427#s#v#p2#l1#M1#L_aug_vivid.jpg
train,hoolock,0,original,Hoolock,hoolock,AMNH83427,AMNH,p2,l1,M2,L,train/hoolock/hoolock_AMNH83427/Hoolock#hoolock#AMNH83427#s#v#p2#l1#M2#L.jpg
train,hoolock,0,offline_augmented,Hoolock,hoolock,AMNH83427,AMNH,p2,l1,M2,L,train/hoolock/hoolock_AMNH83427/Hoolock#hoolock#AMNH83427#s#v#p2#l1#M2#L_aug_bright_sat.jpg
train,hoolock,0,offline_augmented,Hoolock,hoolock,AMNH83427,AMNH,p2,l1,M2,L,train/hoolock/hoolock_AMNH83427/Hoolock#hoolock#AMNH83427#s#v#p2#l1#M2#L_aug_dark_con.jpg
train,hoolock,0,offline_augmented,Hoolock,hoolock,AMNH83427,AMNH,p2,l1,M2,L,train/hoolock/hoolock_AMNH83427/Hoolock#hoolock#AMNH83427#s#v#p2#l1#M2#L_aug_muted.jpg
train,hoolock,0,offline_augmented,Hoolock,hoolock,AMNH83427,AMNH,p2,l1,M2,L,train/hoolock/hoolock_AMNH83427/Hoolock#hoolock#AMNH83427#s#v#p2#l1#M2#L_aug_vivid.jpg
train,hoolock,0,offline_augmented,Hoolock,hoolock,AMNH83427,AMNH,p2,l1,M2,L,train/hoolock/hoolock_AMNH83427/Hoolock#hoolock#AMNH83427#s#v#p2#l1#M2#L_aug_warm.jpg
train,hoolock,0,original,Hoolock,hoolock,AMNH83427,AMNH,p2,l1,M2,R,train/hoolock/hoolock_AMNH83427/Hoolock#hoolock#AMNH83427#s#v#p2#l1#M2#R.jpg
train,hoolock,0,offline_augmented,Hoolock,hoolock,AMNH83427,AMNH,p2,l1,M2,R,train/hoolock/hoolock_AMNH83427/Hoolock#hoolock#AMNH83427#s#v#p2#l1#M2#R_aug_hicon.jpg
train,hoolock,0,offline_augmented,Hoolock,hoolock,AMNH83427,AMNH,p2,l1,M2,R,train/hoolock/hoolock_AMNH83427/Hoolock#hoolock#AMNH83427#s#v#p2#l1#M2#R_aug_muted.jpg
train,hoolock,0,offline_augmented,Hoolock,hoolock,AMNH83427,AMNH,p2,l1,M2,R,train/hoolock/hoolock_AMNH83427/Hoolock#hoolock#AMNH83427#s#v#p2#l1#M2#R_aug_soft.jpg
train,hoolock,0,offline_augmented,Hoolock,hoolock,AMNH83427,AMNH,p2,l1,M2,R,train/hoolock/hoolock_AMNH83427/Hoolock#hoolock#AMNH83427#s#v#p2#l1#M2#R_aug_vivid.jpg
train,hoolock,0,offline_augmented,Hoolock,hoolock,AMNH83427,AMNH,p2,l1,M2,R,train/hoolock/hoolock_AMNH83427/Hoolock#hoolock#AMNH83427#s#v#p2#l1#M2#R_aug_warm.jpg
train,hoolock,0,original,Hoolock,hoolock,AMNH99340,AMNH,p1,l1,M1,L,train/hoolock/hoolock_AMNH99340/Hoolock#hoolock#AMNH99340#s#v#p1#l1#M1#L.jpg
train,hoolock,0,offline_augmented,Hoolock,hoolock,AMNH99340,AMNH,p1,l1,M1,L,train/hoolock/hoolock_AMNH99340/Hoolock#hoolock#AMNH99340#s#v#p1#l1#M1#L_aug_bright_sat.jpg
train,hoolock,0,offline_augmented,Hoolock,hoolock,AMNH99340,AMNH,p1,l1,M1,L,train/hoolock/hoolock_AMNH99340/Hoolock#hoolock#AMNH99340#s#v#p1#l1#M1#L_aug_hicon.jpg
train,hoolock,0,offline_augmented,Hoolock,hoolock,AMNH99340,AMNH,p1,l1,M1,L,train/hoolock/hoolock_AMNH99340/Hoolock#hoolock#AMNH99340#s#v#p1#l1#M1#L_aug_muted.jpg
train,hoolock,0,offline_augmented,Hoolock,hoolock,AMNH99340,AMNH,p1,l1,M1,L,train/hoolock/hoolock_AMNH99340/Hoolock#hoolock#AMNH99340#s#v#p1#l1#M1#L_aug_soft.jpg
train,hoolock,0,offline_augmented,Hoolock,hoolock,AMNH99340,AMNH,p1,l1,M1,L,train/hoolock/hoolock_AMNH99340/Hoolock#hoolock#AMNH99340#s#v#p1#l1#M1#L_aug_vivid.jpg
train,hoolock,0,original,Hoolock,hoolock,KIZ010204,KIZ,p1,l1,M1,R,train/hoolock/hoolock_KIZ010204/Hoolock#hoolock#KIZ010204#s#v#p1#l1#M1#R.jpg
train,hoolock,0,offline_augmented,Hoolock,hoolock,KIZ010204,KIZ,p1,l1,M1,R,train/hoolock/hoolock_KIZ010204/Hoolock#hoolock#KIZ010204#s#v#p1#l1#M1#R_aug_cool.jpg
train,hoolock,0,offline_augmented,Hoolock,hoolock,KIZ010204,KIZ,p1,l1,M1,R,train/hoolock/hoolock_KIZ010204/Hoolock#hoolock#KIZ010204#s#v#p1#l1#M1#R_aug_dark_con.jpg
train,hoolock,0,offline_augmented,Hoolock,hoolock,KIZ010204,KIZ,p1,l1,M1,R,train/hoolock/hoolock_KIZ010204/Hoolock#hoolock#KIZ010204#s#v#p1#l1#M1#R_aug_hicon.jpg
train,hoolock,0,offline_augmented,Hoolock,hoolock,KIZ010204,KIZ,p1,l1,M1,R,train/hoolock/hoolock_KIZ010204/Hoolock#hoolock#KIZ010204#s#v#p1#l1#M1#R_aug_muted.jpg
train,hoolock,0,offline_augmented,Hoolock,hoolock,KIZ010204,KIZ,p1,l1,M1,R,train/hoolock/hoolock_KIZ010204/Hoolock#hoolock#KIZ010204#s#v#p1#l1#M1#R_aug_warm.jpg
train,hoolock,0,original,Hoolock,hoolock,KIZ010204,KIZ,p1,l1,M2,R,train/hoolock/hoolock_KIZ010204/Hoolock#hoolock#KIZ010204#s#v#p1#l1#M2#R#B.jpg
train,hoolock,0,offline_augmented,Hoolock,hoolock,KIZ010204,KIZ,p1,l1,M2,R,train/hoolock/hoolock_KIZ010204/Hoolock#hoolock#KIZ010204#s#v#p1#l1#M2#R#B_aug_cool.jpg
train,hoolock,0,offline_augmented,Hoolock,hoolock,KIZ010204,KIZ,p1,l1,M2,R,train/hoolock/hoolock_KIZ010204/Hoolock#hoolock#KIZ010204#s#v#p1#l1#M2#R#B_aug_dark_con.jpg
train,hoolock,0,offline_augmented,Hoolock,hoolock,KIZ010204,KIZ,p1,l1,M2,R,train/hoolock/hoolock_KIZ010204/Hoolock#hoolock#KIZ010204#s#v#p1#l1#M2#R#B_aug_hicon.jpg
train,hoolock,0,offline_augmented,Hoolock,hoolock,KIZ010204,KIZ,p1,l1,M2,R,train/hoolock/hoolock_KIZ010204/Hoolock#hoolock#KIZ010204#s#v#p1#l1#M2#R#B_aug_muted.jpg
train,hoolock,0,offline_augmented,Hoolock,hoolock,KIZ010204,KIZ,p1,l1,M2,R,train/hoolock/hoolock_KIZ010204/Hoolock#hoolock#KIZ010204#s#v#p1#l1#M2#R#B_aug_vivid.jpg
train,hoolock,0,original,Hoolock,hoolock,KIZ010204,KIZ,p1,l1,M3,R,train/hoolock/hoolock_KIZ010204/Hoolock#hoolock#KIZ010204#s#v#p1#l1#M3#R.jpg
train,hoolock,0,offline_augmented,Hoolock,hoolock,KIZ010204,KIZ,p1,l1,M3,R,train/hoolock/hoolock_KIZ010204/Hoolock#hoolock#KIZ010204#s#v#p1#l1#M3#R_aug_cool.jpg
train,hoolock,0,offline_augmented,Hoolock,hoolock,KIZ010204,KIZ,p1,l1,M3,R,train/hoolock/hoolock_KIZ010204/Hoolock#hoolock#KIZ010204#s#v#p1#l1#M3#R_aug_dark_con.jpg
train,hoolock,0,offline_augmented,Hoolock,hoolock,KIZ010204,KIZ,p1,l1,M3,R,train/hoolock/hoolock_KIZ010204/Hoolock#hoolock#KIZ010204#s#v#p1#l1#M3#R_aug_hicon.jpg
train,hoolock,0,offline_augmented,Hoolock,hoolock,KIZ010204,KIZ,p1,l1,M3,R,train/hoolock/hoolock_KIZ010204/Hoolock#hoolock#KIZ010204#s#v#p1#l1#M3#R_aug_muted.jpg
train,hoolock,0,offline_augmented,Hoolock,hoolock,KIZ010204,KIZ,p1,l1,M3,R,train/hoolock/hoolock_KIZ010204/Hoolock#hoolock#KIZ010204#s#v#p1#l1#M3#R_aug_warm.jpg
train,hoolock,0,original,Hoolock,hoolock,KIZ010204,KIZ,p2,l1,M1,R,train/hoolock/hoolock_KIZ010204/Hoolock#hoolock#KIZ010204#s#v#p2#l1#M1#R.jpg
train,hoolock,0,offline_augmented,Hoolock,hoolock,KIZ010204,KIZ,p2,l1,M1,R,train/hoolock/hoolock_KIZ010204/Hoolock#hoolock#KIZ010204#s#v#p2#l1#M1#R_aug_bright_sat.jpg
train,hoolock,0,offline_augmented,Hoolock,hoolock,KIZ010204,KIZ,p2,l1,M1,R,train/hoolock/hoolock_KIZ010204/Hoolock#hoolock#KIZ010204#s#v#p2#l1#M1#R_aug_dark_con.jpg
train,hoolock,0,offline_augmented,Hoolock,hoolock,KIZ010204,KIZ,p2,l1,M1,R,train/hoolock/hoolock_KIZ010204/Hoolock#hoolock#KIZ010204#s#v#p2#l1#M1#R_aug_hicon.jpg
train,hoolock,0,offline_augmented,Hoolock,hoolock,KIZ010204,KIZ,p2,l1,M1,R,train/hoolock/hoolock_KIZ010204/Hoolock#hoolock#KIZ010204#s#v#p2#l1#M1#R_aug_muted.jpg
train,hoolock,0,offline_augmented,Hoolock,hoolock,KIZ010204,KIZ,p2,l1,M1,R,train/hoolock/hoolock_KIZ010204/Hoolock#hoolock#KIZ010204#s#v#p2#l1#M1#R_aug_warm.jpg
train,hoolock,0,original,Hoolock,hoolock,KIZ010204,KIZ,p2,l1,M2,R,train/hoolock/hoolock_KIZ010204/Hoolock#hoolock#KIZ010204#s#v#p2#l1#M2#R#B.jpg
train,hoolock,0,offline_augmented,Hoolock,hoolock,KIZ010204,KIZ,p2,l1,M2,R,train/hoolock/hoolock_KIZ010204/Hoolock#hoolock#KIZ010204#s#v#p2#l1#M2#R#B_aug_cool.jpg
train,hoolock,0,offline_augmented,Hoolock,hoolock,KIZ010204,KIZ,p2,l1,M2,R,train/hoolock/hoolock_KIZ010204/Hoolock#hoolock#KIZ010204#s#v#p2#l1#M2#R#B_aug_dark_con.jpg
train,hoolock,0,offline_augmented,Hoolock,hoolock,KIZ010204,KIZ,p2,l1,M2,R,train/hoolock/hoolock_KIZ010204/Hoolock#hoolock#KIZ010204#s#v#p2#l1#M2#R#B_aug_hicon.jpg
train,hoolock,0,offline_augmented,Hoolock,hoolock,KIZ010204,KIZ,p2,l1,M2,R,train/hoolock/hoolock_KIZ010204/Hoolock#hoolock#KIZ010204#s#v#p2#l1#M2#R#B_aug_muted.jpg
train,hoolock,0,offline_augmented,Hoolock,hoolock,KIZ010204,KIZ,p2,l1,M2,R,train/hoolock/hoolock_KIZ010204/Hoolock#hoolock#KIZ010204#s#v#p2#l1#M2#R#B_aug_warm.jpg
train,hoolock,0,original,Hoolock,hoolock,KIZ010204,KIZ,p3,l1,M1,R,train/hoolock/hoolock_KIZ010204/Hoolock#hoolock#KIZ010204#s#v#p3#l1#M1#R.jpg
train,hoolock,0,offline_augmented,Hoolock,hoolock,KIZ010204,KIZ,p3,l1,M1,R,train/hoolock/hoolock_KIZ010204/Hoolock#hoolock#KIZ010204#s#v#p3#l1#M1#R_aug_cool.jpg
train,hoolock,0,offline_augmented,Hoolock,hoolock,KIZ010204,KIZ,p3,l1,M1,R,train/hoolock/hoolock_KIZ010204/Hoolock#hoolock#KIZ010204#s#v#p3#l1#M1#R_aug_hicon.jpg
train,hoolock,0,offline_augmented,Hoolock,hoolock,KIZ010204,KIZ,p3,l1,M1,R,train/hoolock/hoolock_KIZ010204/Hoolock#hoolock#KIZ010204#s#v#p3#l1#M1#R_aug_muted.jpg
train,hoolock,0,offline_augmented,Hoolock,hoolock,KIZ010204,KIZ,p3,l1,M1,R,train/hoolock/hoolock_KIZ010204/Hoolock#hoolock#KIZ010204#s#v#p3#l1#M1#R_aug_soft.jpg
train,hoolock,0,offline_augmented,Hoolock,hoolock,KIZ010204,KIZ,p3,l1,M1,R,train/hoolock/hoolock_KIZ010204/Hoolock#hoolock#KIZ010204#s#v#p3#l1#M1#R_aug_vivid.jpg
train,hoolock,0,original,Hoolock,hoolock,KIZ010204,KIZ,p3,l1,M2,R,train/hoolock/hoolock_KIZ010204/Hoolock#hoolock#KIZ010204#s#v#p3#l1#M2#R#B.jpg
train,hoolock,0,offline_augmented,Hoolock,hoolock,KIZ010204,KIZ,p3,l1,M2,R,train/hoolock/hoolock_KIZ010204/Hoolock#hoolock#KIZ010204#s#v#p3#l1#M2#R#B_aug_bright_sat.jpg
train,hoolock,0,offline_augmented,Hoolock,hoolock,KIZ010204,KIZ,p3,l1,M2,R,train/hoolock/hoolock_KIZ010204/Hoolock#hoolock#KIZ010204#s#v#p3#l1#M2#R#B_aug_cool.jpg
train,hoolock,0,offline_augmented,Hoolock,hoolock,KIZ010204,KIZ,p3,l1,M2,R,train/hoolock/hoolock_KIZ010204/Hoolock#hoolock#KIZ010204#s#v#p3#l1#M2#R#B_aug_dark_con.jpg
train,hoolock,0,offline_augmented,Hoolock,hoolock,KIZ010204,KIZ,p3,l1,M2,R,train/hoolock/hoolock_KIZ010204/Hoolock#hoolock#KIZ010204#s#v#p3#l1#M2#R#B_aug_hicon.jpg
train,hoolock,0,offline_augmented,Hoolock,hoolock,KIZ010204,KIZ,p3,l1,M2,R,train/hoolock/hoolock_KIZ010204/Hoolock#hoolock#KIZ010204#s#v#p3#l1#M2#R#B_aug_warm.jpg
train,hoolock,0,original,Hoolock,hoolock,KIZ010204,KIZ,p4,l1,M1,L,train/hoolock/hoolock_KIZ010204/Hoolock#hoolock#KIZ010204#s#v#p4#l1#M1#L.jpg
train,hoolock,0,offline_augmented,Hoolock,hoolock,KIZ010204,KIZ,p4,l1,M1,L,train/hoolock/hoolock_KIZ010204/Hoolock#hoolock#KIZ010204#s#v#p4#l1#M1#L_aug_bright_sat.jpg
train,hoolock,0,offline_augmented,Hoolock,hoolock,KIZ010204,KIZ,p4,l1,M1,L,train/hoolock/hoolock_KIZ010204/Hoolock#hoolock#KIZ010204#s#v#p4#l1#M1#L_aug_cool.jpg
train,hoolock,0,offline_augmented,Hoolock,hoolock,KIZ010204,KIZ,p4,l1,M1,L,train/hoolock/hoolock_KIZ010204/Hoolock#hoolock#KIZ010204#s#v#p4#l1#M1#L_aug_muted.jpg
train,hoolock,0,offline_augmented,Hoolock,hoolock,KIZ010204,KIZ,p4,l1,M1,L,train/hoolock/hoolock_KIZ010204/Hoolock#hoolock#KIZ010204#s#v#p4#l1#M1#L_aug_soft.jpg
train,hoolock,0,offline_augmented,Hoolock,hoolock,KIZ010204,KIZ,p4,l1,M1,L,train/hoolock/hoolock_KIZ010204/Hoolock#hoolock#KIZ010204#s#v#p4#l1#M1#L_aug_vivid.jpg
train,hoolock,0,original,Hoolock,hoolock,KIZ010204,KIZ,p4,l1,M2,L,train/hoolock/hoolock_KIZ010204/Hoolock#hoolock#KIZ010204#s#v#p4#l1#M2#L.jpg
train,hoolock,0,offline_augmented,Hoolock,hoolock,KIZ010204,KIZ,p4,l1,M2,L,train/hoolock/hoolock_KIZ010204/Hoolock#hoolock#KIZ010204#s#v#p4#l1#M2#L_aug_bright_sat.jpg
train,hoolock,0,offline_augmented,Hoolock,hoolock,KIZ010204,KIZ,p4,l1,M2,L,train/hoolock/hoolock_KIZ010204/Hoolock#hoolock#KIZ010204#s#v#p4#l1#M2#L_aug_cool.jpg
train,hoolock,0,offline_augmented,Hoolock,hoolock,KIZ010204,KIZ,p4,l1,M2,L,train/hoolock/hoolock_KIZ010204/Hoolock#hoolock#KIZ010204#s#v#p4#l1#M2#L_aug_dark_con.jpg
train,hoolock,0,offline_augmented,Hoolock,hoolock,KIZ010204,KIZ,p4,l1,M2,L,train/hoolock/hoolock_KIZ010204/Hoolock#hoolock#KIZ010204#s#v#p4#l1#M2#L_aug_hicon.jpg
train,hoolock,0,offline_augmented,Hoolock,hoolock,KIZ010204,KIZ,p4,l1,M2,L,train/hoolock/hoolock_KIZ010204/Hoolock#hoolock#KIZ010204#s#v#p4#l1#M2#L_aug_muted.jpg
train,hoolock,0,original,Hoolock,hoolock,KIZ010204,KIZ,p4,l1,M3,L,train/hoolock/hoolock_KIZ010204/Hoolock#hoolock#KIZ010204#s#v#p4#l1#M3#L.jpg
train,hoolock,0,offline_augmented,Hoolock,hoolock,KIZ010204,KIZ,p4,l1,M3,L,train/hoolock/hoolock_KIZ010204/Hoolock#hoolock#KIZ010204#s#v#p4#l1#M3#L_aug_bright_sat.jpg
train,hoolock,0,offline_augmented,Hoolock,hoolock,KIZ010204,KIZ,p4,l1,M3,L,train/hoolock/hoolock_KIZ010204/Hoolock#hoolock#KIZ010204#s#v#p4#l1#M3#L_aug_cool.jpg
train,hoolock,0,offline_augmented,Hoolock,hoolock,KIZ010204,KIZ,p4,l1,M3,L,train/hoolock/hoolock_KIZ010204/Hoolock#hoolock#KIZ010204#s#v#p4#l1#M3#L_aug_dark_con.jpg
train,hoolock,0,offline_augmented,Hoolock,hoolock,KIZ010204,KIZ,p4,l1,M3,L,train/hoolock/hoolock_KIZ010204/Hoolock#hoolock#KIZ010204#s#v#p4#l1#M3#L_aug_muted.jpg
train,hoolock,0,offline_augmented,Hoolock,hoolock,KIZ010204,KIZ,p4,l1,M3,L,train/hoolock/hoolock_KIZ010204/Hoolock#hoolock#KIZ010204#s#v#p4#l1#M3#L_aug_vivid.jpg
train,hoolock,0,original,Hoolock,hoolock,SI279146,SI,p1,l1,M1,L,train/hoolock/hoolock_SI279146/Hoolock#hoolock#SI279146#s#v#p1#l1#M1#L.jpg
train,hoolock,0,offline_augmented,Hoolock,hoolock,SI279146,SI,p1,l1,M1,L,train/hoolock/hoolock_SI279146/Hoolock#hoolock#SI279146#s#v#p1#l1#M1#L_aug_bright_sat.jpg
train,hoolock,0,offline_augmented,Hoolock,hoolock,SI279146,SI,p1,l1,M1,L,train/hoolock/hoolock_SI279146/Hoolock#hoolock#SI279146#s#v#p1#l1#M1#L_aug_cool.jpg
train,hoolock,0,offline_augmented,Hoolock,hoolock,SI279146,SI,p1,l1,M1,L,train/hoolock/hoolock_SI279146/Hoolock#hoolock#SI279146#s#v#p1#l1#M1#L_aug_hicon.jpg
train,hoolock,0,offline_augmented,Hoolock,hoolock,SI279146,SI,p1,l1,M1,L,train/hoolock/hoolock_SI279146/Hoolock#hoolock#SI279146#s#v#p1#l1#M1#L_aug_soft.jpg
train,hoolock,0,offline_augmented,Hoolock,hoolock,SI279146,SI,p1,l1,M1,L,train/hoolock/hoolock_SI279146/Hoolock#hoolock#SI279146#s#v#p1#l1#M1#L_aug_vivid.jpg
train,hoolock,0,original,Hoolock,hoolock,SI279146,SI,p1,l1,M2,L,train/hoolock/hoolock_SI279146/Hoolock#hoolock#SI279146#s#v#p1#l1#M2#L.jpg
train,hoolock,0,offline_augmented,Hoolock,hoolock,SI279146,SI,p1,l1,M2,L,train/hoolock/hoolock_SI279146/Hoolock#hoolock#SI279146#s#v#p1#l1#M2#L_aug_cool.jpg
train,hoolock,0,offline_augmented,Hoolock,hoolock,SI279146,SI,p1,l1,M2,L,train/hoolock/hoolock_SI279146/Hoolock#hoolock#SI279146#s#v#p1#l1#M2#L_aug_dark_con.jpg
train,hoolock,0,offline_augmented,Hoolock,hoolock,SI279146,SI,p1,l1,M2,L,train/hoolock/hoolock_SI279146/Hoolock#hoolock#SI279146#s#v#p1#l1#M2#L_aug_hicon.jpg
train,hoolock,0,offline_augmented,Hoolock,hoolock,SI279146,SI,p1,l1,M2,L,train/hoolock/hoolock_SI279146/Hoolock#hoolock#SI279146#s#v#p1#l1#M2#L_aug_muted.jpg
train,hoolock,0,offline_augmented,Hoolock,hoolock,SI279146,SI,p1,l1,M2,L,train/hoolock/hoolock_SI279146/Hoolock#hoolock#SI279146#s#v#p1#l1#M2#L_aug_warm.jpg
train,hoolock,0,original,Hoolock,hoolock,SI279146,SI,p2,l1,M1,L,train/hoolock/hoolock_SI279146/Hoolock#hoolock#SI279146#s#v#p2#l1#M1#L.jpg
train,hoolock,0,offline_augmented,Hoolock,hoolock,SI279146,SI,p2,l1,M1,L,train/hoolock/hoolock_SI279146/Hoolock#hoolock#SI279146#s#v#p2#l1#M1#L_aug_bright_sat.jpg
train,hoolock,0,offline_augmented,Hoolock,hoolock,SI279146,SI,p2,l1,M1,L,train/hoolock/hoolock_SI279146/Hoolock#hoolock#SI279146#s#v#p2#l1#M1#L_aug_cool.jpg
train,hoolock,0,offline_augmented,Hoolock,hoolock,SI279146,SI,p2,l1,M1,L,train/hoolock/hoolock_SI279146/Hoolock#hoolock#SI279146#s#v#p2#l1#M1#L_aug_hicon.jpg
train,hoolock,0,offline_augmented,Hoolock,hoolock,SI279146,SI,p2,l1,M1,L,train/hoolock/hoolock_SI279146/Hoolock#hoolock#SI279146#s#v#p2#l1#M1#L_aug_muted.jpg
train,hoolock,0,offline_augmented,Hoolock,hoolock,SI279146,SI,p2,l1,M1,L,train/hoolock/hoolock_SI279146/Hoolock#hoolock#SI279146#s#v#p2#l1#M1#L_aug_soft.jpg
train,hoolock,0,original,Hoolock,hoolock,SI279146,SI,p2,l1,M2,L,train/hoolock/hoolock_SI279146/Hoolock#hoolock#SI279146#s#v#p2#l1#M2#L.jpg
train,hoolock,0,offline_augmented,Hoolock,hoolock,SI279146,SI,p2,l1,M2,L,train/hoolock/hoolock_SI279146/Hoolock#hoolock#SI279146#s#v#p2#l1#M2#L_aug_bright_sat.jpg
train,hoolock,0,offline_augmented,Hoolock,hoolock,SI279146,SI,p2,l1,M2,L,train/hoolock/hoolock_SI279146/Hoolock#hoolock#SI279146#s#v#p2#l1#M2#L_aug_cool.jpg
train,hoolock,0,offline_augmented,Hoolock,hoolock,SI279146,SI,p2,l1,M2,L,train/hoolock/hoolock_SI279146/Hoolock#hoolock#SI279146#s#v#p2#l1#M2#L_aug_dark_con.jpg
train,hoolock,0,offline_augmented,Hoolock,hoolock,SI279146,SI,p2,l1,M2,L,train/hoolock/hoolock_SI279146/Hoolock#hoolock#SI279146#s#v#p2#l1#M2#L_aug_muted.jpg
train,hoolock,0,offline_augmented,Hoolock,hoolock,SI279146,SI,p2,l1,M2,L,train/hoolock/hoolock_SI279146/Hoolock#hoolock#SI279146#s#v#p2#l1#M2#L_aug_soft.jpg
train,leuconedys,1,museum_style,Hoolock,leuconedys,AMNH112667,AMNH,p1,l1,M1,R,train/leuconedys/leuconedys-AMNH-KIZ-style/AMNH112667/Hoolock#leuconedys#AMNH112667#s#v#p1#l1#M1#R#B_style.jpg
train,leuconedys,1,museum_style,Hoolock,leuconedys,AMNH112667,AMNH,p1,l1,M2,R,train/leuconedys/leuconedys-AMNH-KIZ-style/AMNH112667/Hoolock#leuconedys#AMNH112667#s#v#p1#l1#M2#R#B_style.jpg
train,leuconedys,1,museum_style,Hoolock,leuconedys,AMNH112667,AMNH,p1,l1,M3,R,train/leuconedys/leuconedys-AMNH-KIZ-style/AMNH112667/Hoolock#leuconedys#AMNH112667#s#v#p1#l1#M3#R_style.jpg
train,leuconedys,1,museum_style,Hoolock,leuconedys,AMNH112667,AMNH,p3,l1,M2,L,train/leuconedys/leuconedys-AMNH-KIZ-style/AMNH112667/Hoolock#leuconedys#AMNH112667#s#v#p3#l1#M2#L_style.jpg
train,leuconedys,1,museum_style,Hoolock,leuconedys,AMNH112667,AMNH,p3,l1,M3,L,train/leuconedys/leuconedys-AMNH-KIZ-style/AMNH112667/Hoolock#leuconedys#AMNH112667#s#v#p3#l1#M3#L_style.jpg
train,leuconedys,1,museum_style,Hoolock,leuconedys,AMNH112668,AMNH,p2,l1,M1,R,train/leuconedys/leuconedys-AMNH-KIZ-style/AMNH112668/Hoolock#leuconedys#AMNH112668#s#v#p2#l1#M1#R_style.jpg
train,leuconedys,1,museum_style,Hoolock,leuconedys,AMNH112668,AMNH,p2,l1,M2,R,train/leuconedys/leuconedys-AMNH-KIZ-style/AMNH112668/Hoolock#leuconedys#AMNH112668#s#v#p2#l1#M2#R_style.jpg
train,leuconedys,1,museum_style,Hoolock,leuconedys,AMNH112668,AMNH,p2,l1,M3,R,train/leuconedys/leuconedys-AMNH-KIZ-style/AMNH112668/Hoolock#leuconedys#AMNH112668#s#v#p2#l1#M3#R_style.jpg
train,leuconedys,1,museum_style,Hoolock,leuconedys,AMNH112668,AMNH,p3,l1,M1,R,train/leuconedys/leuconedys-AMNH-KIZ-style/AMNH112668/Hoolock#leuconedys#AMNH112668#s#v#p3#l1#M1#R_style.jpg
train,leuconedys,1,museum_style,Hoolock,leuconedys,AMNH112668,AMNH,p3,l1,M2,R,train/leuconedys/leuconedys-AMNH-KIZ-style/AMNH112668/Hoolock#leuconedys#AMNH112668#s#v#p3#l1#M2#R_style.jpg
train,leuconedys,1,museum_style,Hoolock,leuconedys,AMNH112668,AMNH,p3,l1,M3,R,train/leuconedys/leuconedys-AMNH-KIZ-style/AMNH112668/Hoolock#leuconedys#AMNH112668#s#v#p3#l1#M3#R_style.jpg
train,leuconedys,1,museum_style,Hoolock,leuconedys,AMNH112669,AMNH,p1,l1,M1,L,train/leuconedys/leuconedys-AMNH-KIZ-style/AMNH112669/Hoolock#leuconedys#AMNH112669#s#v#p1#l1#M1#L_style.jpg
train,leuconedys,1,museum_style,Hoolock,leuconedys,AMNH112669,AMNH,p1,l1,M1,R,train/leuconedys/leuconedys-AMNH-KIZ-style/AMNH112669/Hoolock#leuconedys#AMNH112669#s#v#p1#l1#M1#R_style.jpg
train,leuconedys,1,museum_style,Hoolock,leuconedys,AMNH112670,AMNH,p1,l1,M1,R,train/leuconedys/leuconedys-AMNH-KIZ-style/AMNH112670/Hoolock#leuconedys#AMNH112670#s#v#p1#l1#M1#R_style.jpg
train,leuconedys,1,museum_style,Hoolock,leuconedys,AMNH112670,AMNH,p1,l1,M2,R,train/leuconedys/leuconedys-AMNH-KIZ-style/AMNH112670/Hoolock#leuconedys#AMNH112670#s#v#p1#l1#M2#R_style.jpg
train,leuconedys,1,museum_style,Hoolock,leuconedys,AMNH112670,AMNH,p2,l1,M1,R,train/leuconedys/leuconedys-AMNH-KIZ-style/AMNH112670/Hoolock#leuconedys#AMNH112670#s#v#p2#l1#M1#R_style.jpg
train,leuconedys,1,museum_style,Hoolock,leuconedys,AMNH112670,AMNH,p2,l1,M2,R,train/leuconedys/leuconedys-AMNH-KIZ-style/AMNH112670/Hoolock#leuconedys#AMNH112670#s#v#p2#l1#M2#R_style.jpg
train,leuconedys,1,museum_style,Hoolock,leuconedys,AMNH112670,AMNH,p2,l1,M3,R,train/leuconedys/leuconedys-AMNH-KIZ-style/AMNH112670/Hoolock#leuconedys#AMNH112670#s#v#p2#l1#M3#R_style.jpg
train,leuconedys,1,museum_style,Hoolock,leuconedys,AMNH112671,AMNH,p1,l1,M2,R,train/leuconedys/leuconedys-AMNH-KIZ-style/AMNH112671/Hoolock#leuconedys#AMNH112671#s#v#p1#l1#M2#R_style.jpg
train,leuconedys,1,museum_style,Hoolock,leuconedys,AMNH112671,AMNH,p1,l1,M3,R,train/leuconedys/leuconedys-AMNH-KIZ-style/AMNH112671/Hoolock#leuconedys#AMNH112671#s#v#p1#l1#M3#R_style.jpg
train,leuconedys,1,museum_style,Hoolock,leuconedys,AMNH112674,AMNH,p1,l1,M2,L,train/leuconedys/leuconedys-AMNH-KIZ-style/AMNH112674/Hoolock#leuconedys#AMNH112674#s#v#p1#l1#M2#L_style.jpg
train,leuconedys,1,museum_style,Hoolock,leuconedys,AMNH112674,AMNH,p1,l1,M3,L,train/leuconedys/leuconedys-AMNH-KIZ-style/AMNH112674/Hoolock#leuconedys#AMNH112674#s#v#p1#l1#M3#L_style.jpg
train,leuconedys,1,museum_style,Hoolock,leuconedys,AMNH112674,AMNH,p2,l1,M3,L,train/leuconedys/leuconedys-AMNH-KIZ-style/AMNH112674/Hoolock#leuconedys#AMNH112674#s#v#p2#l1#M3#L_style.jpg
train,leuconedys,1,museum_style,Hoolock,leuconedys,AMNH112679,AMNH,p1,l1,M1,L,train/leuconedys/leuconedys-AMNH-KIZ-style/AMNH112679/Hoolock#leuconedys#AMNH112679#s#v#p1#l1#M1#L_style.jpg
train,leuconedys,1,museum_style,Hoolock,leuconedys,AMNH112679,AMNH,p1,l1,M2,L,train/leuconedys/leuconedys-AMNH-KIZ-style/AMNH112679/Hoolock#leuconedys#AMNH112679#s#v#p1#l1#M2#L_style.jpg
train,leuconedys,1,museum_style,Hoolock,leuconedys,AMNH112679,AMNH,p2,l1,M1,L,train/leuconedys/leuconedys-AMNH-KIZ-style/AMNH112679/Hoolock#leuconedys#AMNH112679#s#v#p2#l1#M1#L_style.jpg
train,leuconedys,1,museum_style,Hoolock,leuconedys,AMNH112679,AMNH,p2,l1,M2,L,train/leuconedys/leuconedys-AMNH-KIZ-style/AMNH112679/Hoolock#leuconedys#AMNH112679#s#v#p2#l1#M2#L_style.jpg
train,leuconedys,1,museum_style,Hoolock,leuconedys,AMNH112679,AMNH,p2,l1,M3,L,train/leuconedys/leuconedys-AMNH-KIZ-style/AMNH112679/Hoolock#leuconedys#AMNH112679#s#v#p2#l1#M3#L_style.jpg
train,leuconedys,1,museum_style,Hoolock,leuconedys,AMNH112679,AMNH,p3,l1,M3,L,train/leuconedys/leuconedys-AMNH-KIZ-style/AMNH112679/Hoolock#leuconedys#AMNH112679#s#v#p3#l1#M3#L_style.jpg
train,leuconedys,1,museum_style,Hoolock,leuconedys,AMNH112680,AMNH,p1,l1,M2,R,train/leuconedys/leuconedys-AMNH-KIZ-style/AMNH112680/Hoolock#leuconedys#AMNH112680#s#v#p1#l1#M2#R_style.jpg
train,leuconedys,1,museum_style,Hoolock,leuconedys,AMNH112680,AMNH,p1,l1,M3,R,train/leuconedys/leuconedys-AMNH-KIZ-style/AMNH112680/Hoolock#leuconedys#AMNH112680#s#v#p1#l1#M3#R_style.jpg
train,leuconedys,1,museum_style,Hoolock,leuconedys,AMNH112680,AMNH,p2,l1,M3,R,train/leuconedys/leuconedys-AMNH-KIZ-style/AMNH112680/Hoolock#leuconedys#AMNH112680#s#v#p2#l1#M3#R_style.jpg
train,leuconedys,1,museum_style,Hoolock,leuconedys,AMNH112681,AMNH,p1,l1,M1,R,train/leuconedys/leuconedys-AMNH-KIZ-style/AMNH112681/Hoolock#leuconedys#AMNH112681#s#v#p1#l1#M1#R#A_style.jpg
train,leuconedys,1,museum_style,Hoolock,leuconedys,AMNH112681,AMNH,p1,l1,M2,R,train/leuconedys/leuconedys-AMNH-KIZ-style/AMNH112681/Hoolock#leuconedys#AMNH112681#s#v#p1#l1#M2#R_style.jpg
train,leuconedys,1,museum_style,Hoolock,leuconedys,AMNH112681,AMNH,p2,l1,M2,R,train/leuconedys/leuconedys-AMNH-KIZ-style/AMNH112681/Hoolock#leuconedys#AMNH112681#s#v#p2#l1#M2#R_style.jpg
train,leuconedys,1,museum_style,Hoolock,leuconedys,AMNH112681,AMNH,p3,l1,M2,R,train/leuconedys/leuconedys-AMNH-KIZ-style/AMNH112681/Hoolock#leuconedys#AMNH112681#s#v#p3#l1#M2#R_style.jpg
train,leuconedys,1,museum_style,Hoolock,leuconedys,AMNH112681,AMNH,p3,l1,M3,R,train/leuconedys/leuconedys-AMNH-KIZ-style/AMNH112681/Hoolock#leuconedys#AMNH112681#s#v#p3#l1#M3#R_style.jpg
train,leuconedys,1,museum_style,Hoolock,leuconedys,AMNH112684,AMNH,p1,l1,M2,L,train/leuconedys/leuconedys-AMNH-KIZ-style/AMNH112684/Hoolock#leuconedys#AMNH112684#s#v#p1#l1#M2#L_style.jpg
train,leuconedys,1,museum_style,Hoolock,leuconedys,AMNH112684,AMNH,p1,l1,M3,L,train/leuconedys/leuconedys-AMNH-KIZ-style/AMNH112684/Hoolock#leuconedys#AMNH112684#s#v#p1#l1#M3#L#B_style.jpg
train,leuconedys,1,museum_style,Hoolock,leuconedys,AMNH112684,AMNH,p2,l1,M2,R,train/leuconedys/leuconedys-AMNH-KIZ-style/AMNH112684/Hoolock#leuconedys#AMNH112684#s#v#p2#l1#M2#R_style.jpg
train,leuconedys,1,museum_style,Hoolock,leuconedys,AMNH112684,AMNH,p2,l1,M3,R,train/leuconedys/leuconedys-AMNH-KIZ-style/AMNH112684/Hoolock#leuconedys#AMNH112684#s#v#p2#l1#M3#R#B_style.jpg
train,leuconedys,1,museum_style,Hoolock,leuconedys,AMNH112685,AMNH,p1,l1,M2,R,train/leuconedys/leuconedys-AMNH-KIZ-style/AMNH112685/Hoolock#leuconedys#AMNH112685#s#v#p1#l1#M2#R_style.jpg
train,leuconedys,1,museum_style,Hoolock,leuconedys,AMNH112685,AMNH,p2,l1,M1,R,train/leuconedys/leuconedys-AMNH-KIZ-style/AMNH112685/Hoolock#leuconedys#AMNH112685#s#v#p2#l1#M1#R_style.jpg
train,leuconedys,1,museum_style,Hoolock,leuconedys,AMNH112685,AMNH,p2,l1,M2,R,train/leuconedys/leuconedys-AMNH-KIZ-style/AMNH112685/Hoolock#leuconedys#AMNH112685#s#v#p2#l1#M2#R_style.jpg
train,leuconedys,1,museum_style,Hoolock,leuconedys,AMNH112687,AMNH,p1,l1,M1,L,train/leuconedys/leuconedys-AMNH-KIZ-style/AMNH112687/Hoolock#leuconedys#AMNH112687#s#v#p1#l1#M1#L_style.jpg
train,leuconedys,1,museum_style,Hoolock,leuconedys,AMNH112687,AMNH,p1,l1,M2,L,train/leuconedys/leuconedys-AMNH-KIZ-style/AMNH112687/Hoolock#leuconedys#AMNH112687#s#v#p1#l1#M2#L_style.jpg
train,leuconedys,1,museum_style,Hoolock,leuconedys,AMNH112687,AMNH,p2,l1,M1,L,train/leuconedys/leuconedys-AMNH-KIZ-style/AMNH112687/Hoolock#leuconedys#AMNH112687#s#v#p2#l1#M1#L_style.jpg
train,leuconedys,1,museum_style,Hoolock,leuconedys,AMNH112711,AMNH,p1,l1,M1,R,train/leuconedys/leuconedys-AMNH-KIZ-style/AMNH112711/Hoolock#leuconedys#AMNH112711#s#v#p1#l1#M1#R#A_style.jpg
train,leuconedys,1,museum_style,Hoolock,leuconedys,AMNH112711,AMNH,p1,l1,M2,R,train/leuconedys/leuconedys-AMNH-KIZ-style/AMNH112711/Hoolock#leuconedys#AMNH112711#s#v#p1#l1#M2#R_style.jpg
train,leuconedys,1,museum_style,Hoolock,leuconedys,AMNH112711,AMNH,p1,l1,M3,R,train/leuconedys/leuconedys-AMNH-KIZ-style/AMNH112711/Hoolock#leuconedys#AMNH112711#s#v#p1#l1#M3#R_style.jpg
train,leuconedys,1,museum_style,Hoolock,leuconedys,AMNH112711,AMNH,p2,l1,M2,R,train/leuconedys/leuconedys-AMNH-KIZ-style/AMNH112711/Hoolock#leuconedys#AMNH112711#s#v#p2#l1#M2#R_style.jpg
train,leuconedys,1,museum_style,Hoolock,leuconedys,AMNH112711,AMNH,p2,l1,M3,R,train/leuconedys/leuconedys-AMNH-KIZ-style/AMNH112711/Hoolock#leuconedys#AMNH112711#s#v#p2#l1#M3#R_style.jpg
train,leuconedys,1,museum_style,Hoolock,leuconedys,AMNH112711,AMNH,p3,l1,M2,R,train/leuconedys/leuconedys-AMNH-KIZ-style/AMNH112711/Hoolock#leuconedys#AMNH112711#s#v#p3#l1#M2#R_style.jpg
train,leuconedys,1,museum_style,Hoolock,leuconedys,AMNH112711,AMNH,p3,l1,M3,R,train/leuconedys/leuconedys-AMNH-KIZ-style/AMNH112711/Hoolock#leuconedys#AMNH112711#s#v#p3#l1#M3#R_style.jpg
train,leuconedys,1,museum_style,Hoolock,leuconedys,AMNH112715,AMNH,p1,l1,M1,R,train/leuconedys/leuconedys-AMNH-KIZ-style/AMNH112715/Hoolock#leuconedys#AMNH112715#s#v#p1#l1#M1#R#B_style.jpg
train,leuconedys,1,museum_style,Hoolock,leuconedys,AMNH112715,AMNH,p1,l1,M2,R,train/leuconedys/leuconedys-AMNH-KIZ-style/AMNH112715/Hoolock#leuconedys#AMNH112715#s#v#p1#l1#M2#R#B_style.jpg
train,leuconedys,1,museum_style,Hoolock,leuconedys,AMNH112716,AMNH,p1,l1,M1,L,train/leuconedys/leuconedys-AMNH-KIZ-style/AMNH112716/Hoolock#leuconedys#AMNH112716#s#v#p1#l1#M1#L#B_style.jpg
train,leuconedys,1,museum_style,Hoolock,leuconedys,AMNH112716,AMNH,p1,l1,M2,L,train/leuconedys/leuconedys-AMNH-KIZ-style/AMNH112716/Hoolock#leuconedys#AMNH112716#s#v#p1#l1#M2#L_style.jpg
train,leuconedys,1,museum_style,Hoolock,leuconedys,AMNH112716,AMNH,p2,l1,M2,L,train/leuconedys/leuconedys-AMNH-KIZ-style/AMNH112716/Hoolock#leuconedys#AMNH112716#s#v#p2#l1#M2#L_style.jpg
train,leuconedys,1,museum_style,Hoolock,leuconedys,AMNH112716,AMNH,p2,l1,M3,L,train/leuconedys/leuconedys-AMNH-KIZ-style/AMNH112716/Hoolock#leuconedys#AMNH112716#s#v#p2#l1#M3#L_style.jpg
train,leuconedys,1,museum_style,Hoolock,leuconedys,AMNH112717,AMNH,p1,l1,M2,R,train/leuconedys/leuconedys-AMNH-KIZ-style/AMNH112717/Hoolock#leuconedys#AMNH112717#s#v#p1#l1#M2#R_style.jpg
train,leuconedys,1,museum_style,Hoolock,leuconedys,AMNH112717,AMNH,p2,l1,M1,R,train/leuconedys/leuconedys-AMNH-KIZ-style/AMNH112717/Hoolock#leuconedys#AMNH112717#s#v#p2#l1#M1#R_style.jpg
train,leuconedys,1,museum_style,Hoolock,leuconedys,AMNH112717,AMNH,p2,l1,M2,R,train/leuconedys/leuconedys-AMNH-KIZ-style/AMNH112717/Hoolock#leuconedys#AMNH112717#s#v#p2#l1#M2#R_style.jpg
train,leuconedys,1,museum_style,Hoolock,leuconedys,AMNH112717,AMNH,p2,l1,M3,R,train/leuconedys/leuconedys-AMNH-KIZ-style/AMNH112717/Hoolock#leuconedys#AMNH112717#s#v#p2#l1#M3#R_style.jpg
train,leuconedys,1,museum_style,Hoolock,leuconedys,AMNH112717,AMNH,p3,l1,M1,R,train/leuconedys/leuconedys-AMNH-KIZ-style/AMNH112717/Hoolock#leuconedys#AMNH112717#s#v#p3#l1#M1#R_style.jpg
train,leuconedys,1,museum_style,Hoolock,leuconedys,AMNH112721,AMNH,p1,l1,M1,R,train/leuconedys/leuconedys-AMNH-KIZ-style/AMNH112721/Hoolock#leuconedys#AMNH112721#s#v#p1#l1#M1#R_style.jpg
train,leuconedys,1,museum_style,Hoolock,leuconedys,AMNH112721,AMNH,p1,l1,M2,R,train/leuconedys/leuconedys-AMNH-KIZ-style/AMNH112721/Hoolock#leuconedys#AMNH112721#s#v#p1#l1#M2#R_style.jpg
train,leuconedys,1,museum_style,Hoolock,leuconedys,AMNH112721,AMNH,p2,,M1,R,train/leuconedys/leuconedys-AMNH-KIZ-style/AMNH112721/Hoolock#leuconedys#AMNH112721#s#v#p2#M1#R_style.jpg
train,leuconedys,1,museum_style,Hoolock,leuconedys,AMNH112721,AMNH,p2,,M2,R,train/leuconedys/leuconedys-AMNH-KIZ-style/AMNH112721/Hoolock#leuconedys#AMNH112721#s#v#p2#M2#R_style.jpg
train,leuconedys,1,museum_style,Hoolock,leuconedys,AMNH112960,AMNH,p1,l1,M1,R,train/leuconedys/leuconedys-AMNH-KIZ-style/AMNH112960/Hoolock#leuconedys#AMNH112960#s#v#p1#l1#M1#R#A_style.jpg
train,leuconedys,1,museum_style,Hoolock,leuconedys,AMNH112960,AMNH,p1,l1,M2,R,train/leuconedys/leuconedys-AMNH-KIZ-style/AMNH112960/Hoolock#leuconedys#AMNH112960#s#v#p1#l1#M2#R_style.jpg
train,leuconedys,1,museum_style,Hoolock,leuconedys,AMNH112960,AMNH,p1,l1,M3,R,train/leuconedys/leuconedys-AMNH-KIZ-style/AMNH112960/Hoolock#leuconedys#AMNH112960#s#v#p1#l1#M3#R_style.jpg
train,leuconedys,1,museum_style,Hoolock,leuconedys,AMNH112960,AMNH,p3,l1,M1,R,train/leuconedys/leuconedys-AMNH-KIZ-style/AMNH112960/Hoolock#leuconedys#AMNH112960#s#v#p3#l1#M1#R#A_style.jpg
train,leuconedys,1,museum_style,Hoolock,leuconedys,AMNH112960,AMNH,p3,l1,M2,R,train/leuconedys/leuconedys-AMNH-KIZ-style/AMNH112960/Hoolock#leuconedys#AMNH112960#s#v#p3#l1#M2#R_style.jpg
train,leuconedys,1,museum_style,Hoolock,leuconedys,AMNH112960,AMNH,p3,l1,M3,R,train/leuconedys/leuconedys-AMNH-KIZ-style/AMNH112960/Hoolock#leuconedys#AMNH112960#s#v#p3#l1#M3#R_style.jpg
train,leuconedys,1,museum_style,Hoolock,leuconedys,AMNH112965,AMNH,p1,l1,M1,R,train/leuconedys/leuconedys-AMNH-KIZ-style/AMNH112965/Hoolock#leuconedys#AMNH112965#s#v#p1#l1#M1#R_style.jpg
train,leuconedys,1,museum_style,Hoolock,leuconedys,AMNH112667,AMNH,p1,l1,M1,R,train/leuconedys/leuconedys-AMNH-MCZ-style/AMNH112667/Hoolock#leuconedys#AMNH112667#s#v#p1#l1#M1#R#B_style.jpg
train,leuconedys,1,museum_style,Hoolock,leuconedys,AMNH112667,AMNH,p1,l1,M2,R,train/leuconedys/leuconedys-AMNH-MCZ-style/AMNH112667/Hoolock#leuconedys#AMNH112667#s#v#p1#l1#M2#R#B_style.jpg
train,leuconedys,1,museum_style,Hoolock,leuconedys,AMNH112667,AMNH,p1,l1,M3,R,train/leuconedys/leuconedys-AMNH-MCZ-style/AMNH112667/Hoolock#leuconedys#AMNH112667#s#v#p1#l1#M3#R_style.jpg
train,leuconedys,1,museum_style,Hoolock,leuconedys,AMNH112667,AMNH,p3,l1,M2,L,train/leuconedys/leuconedys-AMNH-MCZ-style/AMNH112667/Hoolock#leuconedys#AMNH112667#s#v#p3#l1#M2#L_style.jpg
train,leuconedys,1,museum_style,Hoolock,leuconedys,AMNH112667,AMNH,p3,l1,M3,L,train/leuconedys/leuconedys-AMNH-MCZ-style/AMNH112667/Hoolock#leuconedys#AMNH112667#s#v#p3#l1#M3#L_style.jpg
train,leuconedys,1,museum_style,Hoolock,leuconedys,AMNH112668,AMNH,p2,l1,M1,R,train/leuconedys/leuconedys-AMNH-MCZ-style/AMNH112668/Hoolock#leuconedys#AMNH112668#s#v#p2#l1#M1#R_style.jpg
train,leuconedys,1,museum_style,Hoolock,leuconedys,AMNH112668,AMNH,p2,l1,M2,R,train/leuconedys/leuconedys-AMNH-MCZ-style/AMNH112668/Hoolock#leuconedys#AMNH112668#s#v#p2#l1#M2#R_style.jpg
train,leuconedys,1,museum_style,Hoolock,leuconedys,AMNH112668,AMNH,p2,l1,M3,R,train/leuconedys/leuconedys-AMNH-MCZ-style/AMNH112668/Hoolock#leuconedys#AMNH112668#s#v#p2#l1#M3#R_style.jpg
train,leuconedys,1,museum_style,Hoolock,leuconedys,AMNH112668,AMNH,p3,l1,M1,R,train/leuconedys/leuconedys-AMNH-MCZ-style/AMNH112668/Hoolock#leuconedys#AMNH112668#s#v#p3#l1#M1#R_style.jpg
train,leuconedys,1,museum_style,Hoolock,leuconedys,AMNH112668,AMNH,p3,l1,M2,R,train/leuconedys/leuconedys-AMNH-MCZ-style/AMNH112668/Hoolock#leuconedys#AMNH112668#s#v#p3#l1#M2#R_style.jpg
train,leuconedys,1,museum_style,Hoolock,leuconedys,AMNH112668,AMNH,p3,l1,M3,R,train/leuconedys/leuconedys-AMNH-MCZ-style/AMNH112668/Hoolock#leuconedys#AMNH112668#s#v#p3#l1#M3#R_style.jpg
train,leuconedys,1,museum_style,Hoolock,leuconedys,AMNH112669,AMNH,p1,l1,M1,L,train/leuconedys/leuconedys-AMNH-MCZ-style/AMNH112669/Hoolock#leuconedys#AMNH112669#s#v#p1#l1#M1#L_style.jpg
train,leuconedys,1,museum_style,Hoolock,leuconedys,AMNH112669,AMNH,p1,l1,M1,R,train/leuconedys/leuconedys-AMNH-MCZ-style/AMNH112669/Hoolock#leuconedys#AMNH112669#s#v#p1#l1#M1#R_style.jpg
train,leuconedys,1,museum_style,Hoolock,leuconedys,AMNH112670,AMNH,p1,l1,M1,R,train/leuconedys/leuconedys-AMNH-MCZ-style/AMNH112670/Hoolock#leuconedys#AMNH112670#s#v#p1#l1#M1#R_style.jpg
train,leuconedys,1,museum_style,Hoolock,leuconedys,AMNH112670,AMNH,p1,l1,M2,R,train/leuconedys/leuconedys-AMNH-MCZ-style/AMNH112670/Hoolock#leuconedys#AMNH112670#s#v#p1#l1#M2#R_style.jpg
train,leuconedys,1,museum_style,Hoolock,leuconedys,AMNH112670,AMNH,p2,l1,M1,R,train/leuconedys/leuconedys-AMNH-MCZ-style/AMNH112670/Hoolock#leuconedys#AMNH112670#s#v#p2#l1#M1#R_style.jpg
train,leuconedys,1,museum_style,Hoolock,leuconedys,AMNH112670,AMNH,p2,l1,M2,R,train/leuconedys/leuconedys-AMNH-MCZ-style/AMNH112670/Hoolock#leuconedys#AMNH112670#s#v#p2#l1#M2#R_style.jpg
train,leuconedys,1,museum_style,Hoolock,leuconedys,AMNH112670,AMNH,p2,l1,M3,R,train/leuconedys/leuconedys-AMNH-MCZ-style/AMNH112670/Hoolock#leuconedys#AMNH112670#s#v#p2#l1#M3#R_style.jpg
train,leuconedys,1,museum_style,Hoolock,leuconedys,AMNH112671,AMNH,p1,l1,M2,R,train/leuconedys/leuconedys-AMNH-MCZ-style/AMNH112671/Hoolock#leuconedys#AMNH112671#s#v#p1#l1#M2#R_style.jpg
train,leuconedys,1,museum_style,Hoolock,leuconedys,AMNH112671,AMNH,p1,l1,M3,R,train/leuconedys/leuconedys-AMNH-MCZ-style/AMNH112671/Hoolock#leuconedys#AMNH112671#s#v#p1#l1#M3#R_style.jpg
train,leuconedys,1,museum_style,Hoolock,leuconedys,AMNH112674,AMNH,p1,l1,M2,L,train/leuconedys/leuconedys-AMNH-MCZ-style/AMNH112674/Hoolock#leuconedys#AMNH112674#s#v#p1#l1#M2#L_style.jpg
train,leuconedys,1,museum_style,Hoolock,leuconedys,AMNH112674,AMNH,p1,l1,M3,L,train/leuconedys/leuconedys-AMNH-MCZ-style/AMNH112674/Hoolock#leuconedys#AMNH112674#s#v#p1#l1#M3#L_style.jpg
train,leuconedys,1,museum_style,Hoolock,leuconedys,AMNH112674,AMNH,p2,l1,M3,L,train/leuconedys/leuconedys-AMNH-MCZ-style/AMNH112674/Hoolock#leuconedys#AMNH112674#s#v#p2#l1#M3#L_style.jpg
train,leuconedys,1,museum_style,Hoolock,leuconedys,AMNH112679,AMNH,p1,l1,M1,L,train/leuconedys/leuconedys-AMNH-MCZ-style/AMNH112679/Hoolock#leuconedys#AMNH112679#s#v#p1#l1#M1#L_style.jpg
train,leuconedys,1,museum_style,Hoolock,leuconedys,AMNH112679,AMNH,p1,l1,M2,L,train/leuconedys/leuconedys-AMNH-MCZ-style/AMNH112679/Hoolock#leuconedys#AMNH112679#s#v#p1#l1#M2#L_style.jpg
train,leuconedys,1,museum_style,Hoolock,leuconedys,AMNH112679,AMNH,p2,l1,M1,L,train/leuconedys/leuconedys-AMNH-MCZ-style/AMNH112679/Hoolock#leuconedys#AMNH112679#s#v#p2#l1#M1#L_style.jpg
train,leuconedys,1,museum_style,Hoolock,leuconedys,AMNH112679,AMNH,p2,l1,M2,L,train/leuconedys/leuconedys-AMNH-MCZ-style/AMNH112679/Hoolock#leuconedys#AMNH112679#s#v#p2#l1#M2#L_style.jpg
train,leuconedys,1,museum_style,Hoolock,leuconedys,AMNH112679,AMNH,p2,l1,M3,L,train/leuconedys/leuconedys-AMNH-MCZ-style/AMNH112679/Hoolock#leuconedys#AMNH112679#s#v#p2#l1#M3#L_style.jpg
train,leuconedys,1,museum_style,Hoolock,leuconedys,AMNH112679,AMNH,p3,l1,M3,L,train/leuconedys/leuconedys-AMNH-MCZ-style/AMNH112679/Hoolock#leuconedys#AMNH112679#s#v#p3#l1#M3#L_style.jpg
train,leuconedys,1,museum_style,Hoolock,leuconedys,AMNH112680,AMNH,p1,l1,M2,R,train/leuconedys/leuconedys-AMNH-MCZ-style/AMNH112680/Hoolock#leuconedys#AMNH112680#s#v#p1#l1#M2#R_style.jpg
train,leuconedys,1,museum_style,Hoolock,leuconedys,AMNH112680,AMNH,p1,l1,M3,R,train/leuconedys/leuconedys-AMNH-MCZ-style/AMNH112680/Hoolock#leuconedys#AMNH112680#s#v#p1#l1#M3#R_style.jpg
train,leuconedys,1,museum_style,Hoolock,leuconedys,AMNH112680,AMNH,p2,l1,M3,R,train/leuconedys/leuconedys-AMNH-MCZ-style/AMNH112680/Hoolock#leuconedys#AMNH112680#s#v#p2#l1#M3#R_style.jpg
train,leuconedys,1,museum_style,Hoolock,leuconedys,AMNH112681,AMNH,p1,l1,M1,R,train/leuconedys/leuconedys-AMNH-MCZ-style/AMNH112681/Hoolock#leuconedys#AMNH112681#s#v#p1#l1#M1#R#A_style.jpg
train,leuconedys,1,museum_style,Hoolock,leuconedys,AMNH112681,AMNH,p1,l1,M2,R,train/leuconedys/leuconedys-AMNH-MCZ-style/AMNH112681/Hoolock#leuconedys#AMNH112681#s#v#p1#l1#M2#R_style.jpg
train,leuconedys,1,museum_style,Hoolock,leuconedys,AMNH112681,AMNH,p2,l1,M2,R,train/leuconedys/leuconedys-AMNH-MCZ-style/AMNH112681/Hoolock#leuconedys#AMNH112681#s#v#p2#l1#M2#R_style.jpg
train,leuconedys,1,museum_style,Hoolock,leuconedys,AMNH112681,AMNH,p3,l1,M2,R,train/leuconedys/leuconedys-AMNH-MCZ-style/AMNH112681/Hoolock#leuconedys#AMNH112681#s#v#p3#l1#M2#R_style.jpg
train,leuconedys,1,museum_style,Hoolock,leuconedys,AMNH112681,AMNH,p3,l1,M3,R,train/leuconedys/leuconedys-AMNH-MCZ-style/AMNH112681/Hoolock#leuconedys#AMNH112681#s#v#p3#l1#M3#R_style.jpg
train,leuconedys,1,museum_style,Hoolock,leuconedys,AMNH112684,AMNH,p1,l1,M2,L,train/leuconedys/leuconedys-AMNH-MCZ-style/AMNH112684/Hoolock#leuconedys#AMNH112684#s#v#p1#l1#M2#L_style.jpg
train,leuconedys,1,museum_style,Hoolock,leuconedys,AMNH112684,AMNH,p1,l1,M3,L,train/leuconedys/leuconedys-AMNH-MCZ-style/AMNH112684/Hoolock#leuconedys#AMNH112684#s#v#p1#l1#M3#L#B_style.jpg
train,leuconedys,1,museum_style,Hoolock,leuconedys,AMNH112684,AMNH,p2,l1,M2,R,train/leuconedys/leuconedys-AMNH-MCZ-style/AMNH112684/Hoolock#leuconedys#AMNH112684#s#v#p2#l1#M2#R_style.jpg
train,leuconedys,1,museum_style,Hoolock,leuconedys,AMNH112684,AMNH,p2,l1,M3,R,train/leuconedys/leuconedys-AMNH-MCZ-style/AMNH112684/Hoolock#leuconedys#AMNH112684#s#v#p2#l1#M3#R#B_style.jpg
train,leuconedys,1,museum_style,Hoolock,leuconedys,AMNH112685,AMNH,p1,l1,M2,R,train/leuconedys/leuconedys-AMNH-MCZ-style/AMNH112685/Hoolock#leuconedys#AMNH112685#s#v#p1#l1#M2#R_style.jpg
train,leuconedys,1,museum_style,Hoolock,leuconedys,AMNH112685,AMNH,p2,l1,M1,R,train/leuconedys/leuconedys-AMNH-MCZ-style/AMNH112685/Hoolock#leuconedys#AMNH112685#s#v#p2#l1#M1#R_style.jpg
train,leuconedys,1,museum_style,Hoolock,leuconedys,AMNH112685,AMNH,p2,l1,M2,R,train/leuconedys/leuconedys-AMNH-MCZ-style/AMNH112685/Hoolock#leuconedys#AMNH112685#s#v#p2#l1#M2#R_style.jpg
train,leuconedys,1,museum_style,Hoolock,leuconedys,AMNH112687,AMNH,p1,l1,M1,L,train/leuconedys/leuconedys-AMNH-MCZ-style/AMNH112687/Hoolock#leuconedys#AMNH112687#s#v#p1#l1#M1#L_style.jpg
train,leuconedys,1,museum_style,Hoolock,leuconedys,AMNH112687,AMNH,p1,l1,M2,L,train/leuconedys/leuconedys-AMNH-MCZ-style/AMNH112687/Hoolock#leuconedys#AMNH112687#s#v#p1#l1#M2#L_style.jpg
train,leuconedys,1,museum_style,Hoolock,leuconedys,AMNH112687,AMNH,p2,l1,M1,L,train/leuconedys/leuconedys-AMNH-MCZ-style/AMNH112687/Hoolock#leuconedys#AMNH112687#s#v#p2#l1#M1#L_style.jpg
train,leuconedys,1,museum_style,Hoolock,leuconedys,AMNH112711,AMNH,p1,l1,M1,R,train/leuconedys/leuconedys-AMNH-MCZ-style/AMNH112711/Hoolock#leuconedys#AMNH112711#s#v#p1#l1#M1#R#A_style.jpg
train,leuconedys,1,museum_style,Hoolock,leuconedys,AMNH112711,AMNH,p1,l1,M2,R,train/leuconedys/leuconedys-AMNH-MCZ-style/AMNH112711/Hoolock#leuconedys#AMNH112711#s#v#p1#l1#M2#R_style.jpg
train,leuconedys,1,museum_style,Hoolock,leuconedys,AMNH112711,AMNH,p1,l1,M3,R,train/leuconedys/leuconedys-AMNH-MCZ-style/AMNH112711/Hoolock#leuconedys#AMNH112711#s#v#p1#l1#M3#R_style.jpg
train,leuconedys,1,museum_style,Hoolock,leuconedys,AMNH112711,AMNH,p2,l1,M2,R,train/leuconedys/leuconedys-AMNH-MCZ-style/AMNH112711/Hoolock#leuconedys#AMNH112711#s#v#p2#l1#M2#R_style.jpg
train,leuconedys,1,museum_style,Hoolock,leuconedys,AMNH112711,AMNH,p2,l1,M3,R,train/leuconedys/leuconedys-AMNH-MCZ-style/AMNH112711/Hoolock#leuconedys#AMNH112711#s#v#p2#l1#M3#R_style.jpg
train,leuconedys,1,museum_style,Hoolock,leuconedys,AMNH112711,AMNH,p3,l1,M2,R,train/leuconedys/leuconedys-AMNH-MCZ-style/AMNH112711/Hoolock#leuconedys#AMNH112711#s#v#p3#l1#M2#R_style.jpg
train,leuconedys,1,museum_style,Hoolock,leuconedys,AMNH112711,AMNH,p3,l1,M3,R,train/leuconedys/leuconedys-AMNH-MCZ-style/AMNH112711/Hoolock#leuconedys#AMNH112711#s#v#p3#l1#M3#R_style.jpg
train,leuconedys,1,museum_style,Hoolock,leuconedys,AMNH112715,AMNH,p1,l1,M1,R,train/leuconedys/leuconedys-AMNH-MCZ-style/AMNH112715/Hoolock#leuconedys#AMNH112715#s#v#p1#l1#M1#R#B_style.jpg
train,leuconedys,1,museum_style,Hoolock,leuconedys,AMNH112715,AMNH,p1,l1,M2,R,train/leuconedys/leuconedys-AMNH-MCZ-style/AMNH112715/Hoolock#leuconedys#AMNH112715#s#v#p1#l1#M2#R#B_style.jpg
train,leuconedys,1,museum_style,Hoolock,leuconedys,AMNH112716,AMNH,p1,l1,M1,L,train/leuconedys/leuconedys-AMNH-MCZ-style/AMNH112716/Hoolock#leuconedys#AMNH112716#s#v#p1#l1#M1#L#B_style.jpg
train,leuconedys,1,museum_style,Hoolock,leuconedys,AMNH112716,AMNH,p1,l1,M2,L,train/leuconedys/leuconedys-AMNH-MCZ-style/AMNH112716/Hoolock#leuconedys#AMNH112716#s#v#p1#l1#M2#L_style.jpg
train,leuconedys,1,museum_style,Hoolock,leuconedys,AMNH112716,AMNH,p2,l1,M2,L,train/leuconedys/leuconedys-AMNH-MCZ-style/AMNH112716/Hoolock#leuconedys#AMNH112716#s#v#p2#l1#M2#L_style.jpg
train,leuconedys,1,museum_style,Hoolock,leuconedys,AMNH112716,AMNH,p2,l1,M3,L,train/leuconedys/leuconedys-AMNH-MCZ-style/AMNH112716/Hoolock#leuconedys#AMNH112716#s#v#p2#l1#M3#L_style.jpg
train,leuconedys,1,museum_style,Hoolock,leuconedys,AMNH112717,AMNH,p1,l1,M2,R,train/leuconedys/leuconedys-AMNH-MCZ-style/AMNH112717/Hoolock#leuconedys#AMNH112717#s#v#p1#l1#M2#R_style.jpg
train,leuconedys,1,museum_style,Hoolock,leuconedys,AMNH112717,AMNH,p2,l1,M1,R,train/leuconedys/leuconedys-AMNH-MCZ-style/AMNH112717/Hoolock#leuconedys#AMNH112717#s#v#p2#l1#M1#R_style.jpg
train,leuconedys,1,museum_style,Hoolock,leuconedys,AMNH112717,AMNH,p2,l1,M2,R,train/leuconedys/leuconedys-AMNH-MCZ-style/AMNH112717/Hoolock#leuconedys#AMNH112717#s#v#p2#l1#M2#R_style.jpg
train,leuconedys,1,museum_style,Hoolock,leuconedys,AMNH112717,AMNH,p2,l1,M3,R,train/leuconedys/leuconedys-AMNH-MCZ-style/AMNH112717/Hoolock#leuconedys#AMNH112717#s#v#p2#l1#M3#R_style.jpg
train,leuconedys,1,museum_style,Hoolock,leuconedys,AMNH112717,AMNH,p3,l1,M1,R,train/leuconedys/leuconedys-AMNH-MCZ-style/AMNH112717/Hoolock#leuconedys#AMNH112717#s#v#p3#l1#M1#R_style.jpg
train,leuconedys,1,museum_style,Hoolock,leuconedys,AMNH112721,AMNH,p1,l1,M1,R,train/leuconedys/leuconedys-AMNH-MCZ-style/AMNH112721/Hoolock#leuconedys#AMNH112721#s#v#p1#l1#M1#R_style.jpg
train,leuconedys,1,museum_style,Hoolock,leuconedys,AMNH112721,AMNH,p1,l1,M2,R,train/leuconedys/leuconedys-AMNH-MCZ-style/AMNH112721/Hoolock#leuconedys#AMNH112721#s#v#p1#l1#M2#R_style.jpg
train,leuconedys,1,museum_style,Hoolock,leuconedys,AMNH112721,AMNH,p2,,M1,R,train/leuconedys/leuconedys-AMNH-MCZ-style/AMNH112721/Hoolock#leuconedys#AMNH112721#s#v#p2#M1#R_style.jpg
train,leuconedys,1,museum_style,Hoolock,leuconedys,AMNH112721,AMNH,p2,,M2,R,train/leuconedys/leuconedys-AMNH-MCZ-style/AMNH112721/Hoolock#leuconedys#AMNH112721#s#v#p2#M2#R_style.jpg
train,leuconedys,1,museum_style,Hoolock,leuconedys,AMNH112960,AMNH,p1,l1,M1,R,train/leuconedys/leuconedys-AMNH-MCZ-style/AMNH112960/Hoolock#leuconedys#AMNH112960#s#v#p1#l1#M1#R#A_style.jpg
train,leuconedys,1,museum_style,Hoolock,leuconedys,AMNH112960,AMNH,p1,l1,M2,R,train/leuconedys/leuconedys-AMNH-MCZ-style/AMNH112960/Hoolock#leuconedys#AMNH112960#s#v#p1#l1#M2#R_style.jpg
train,leuconedys,1,museum_style,Hoolock,leuconedys,AMNH112960,AMNH,p1,l1,M3,R,train/leuconedys/leuconedys-AMNH-MCZ-style/AMNH112960/Hoolock#leuconedys#AMNH112960#s#v#p1#l1#M3#R_style.jpg
train,leuconedys,1,museum_style,Hoolock,leuconedys,AMNH112960,AMNH,p3,l1,M1,R,train/leuconedys/leuconedys-AMNH-MCZ-style/AMNH112960/Hoolock#leuconedys#AMNH112960#s#v#p3#l1#M1#R#A_style.jpg
train,leuconedys,1,museum_style,Hoolock,leuconedys,AMNH112960,AMNH,p3,l1,M2,R,train/leuconedys/leuconedys-AMNH-MCZ-style/AMNH112960/Hoolock#leuconedys#AMNH112960#s#v#p3#l1#M2#R_style.jpg
train,leuconedys,1,museum_style,Hoolock,leuconedys,AMNH112960,AMNH,p3,l1,M3,R,train/leuconedys/leuconedys-AMNH-MCZ-style/AMNH112960/Hoolock#leuconedys#AMNH112960#s#v#p3#l1#M3#R_style.jpg
train,leuconedys,1,museum_style,Hoolock,leuconedys,AMNH112965,AMNH,p1,l1,M1,R,train/leuconedys/leuconedys-AMNH-MCZ-style/AMNH112965/Hoolock#leuconedys#AMNH112965#s#v#p1#l1#M1#R_style.jpg
train,leuconedys,1,museum_style,Hoolock,leuconedys,KIZ011345,KIZ,p1,l1,M1,R,train/leuconedys/leuconedys-KIZ-AMNH-style/KIZ011345/Hoolock#leuconedys#KIZ011345#s#v#p1#l1#M1#R#A_AMNH_style.jpg
train,leuconedys,1,museum_style,Hoolock,leuconedys,KIZ011345,KIZ,p2,l1,M1,R,train/leuconedys/leuconedys-KIZ-AMNH-style/KIZ011345/Hoolock#leuconedys#KIZ011345#s#v#p2#l1#M1#R#A_AMNH_style.jpg
train,leuconedys,1,museum_style,Hoolock,leuconedys,KIZ011796,KIZ,p1,l1,M1,R,train/leuconedys/leuconedys-KIZ-AMNH-style/KIZ011796/Hoolock#leuconedys#KIZ011796#s#v#p1#l1#M1#R_AMNH_style.jpg
train,leuconedys,1,museum_style,Hoolock,leuconedys,KIZ011796,KIZ,p2,l1,M1,R,train/leuconedys/leuconedys-KIZ-AMNH-style/KIZ011796/Hoolock#leuconedys#KIZ011796#s#v#p2#l1#M1#R_AMNH_style.jpg
train,leuconedys,1,museum_style,Hoolock,leuconedys,KIZ011957,KIZ,p1,l1,M3,L,train/leuconedys/leuconedys-KIZ-AMNH-style/KIZ011957/Hoolock#leuconedys#KIZ011957#s#v#p1#l1#M3#L_AMNH_style.jpg
train,leuconedys,1,museum_style,Hoolock,leuconedys,KIZ011957,KIZ,p2,l1,M1,R,train/leuconedys/leuconedys-KIZ-AMNH-style/KIZ011957/Hoolock#leuconedys#KIZ011957#s#v#p2#l1#M1#R#B_AMNH_style.jpg
train,leuconedys,1,museum_style,Hoolock,leuconedys,KIZ011957,KIZ,p2,l1,M2,R,train/leuconedys/leuconedys-KIZ-AMNH-style/KIZ011957/Hoolock#leuconedys#KIZ011957#s#v#p2#l1#M2#R_AMNH_style.jpg
train,leuconedys,1,museum_style,Hoolock,leuconedys,KIZ011957,KIZ,p3,l1,M1,R,train/leuconedys/leuconedys-KIZ-AMNH-style/KIZ011957/Hoolock#leuconedys#KIZ011957#s#v#p3#l1#M1#R#B_AMNH_style.jpg
train,leuconedys,1,museum_style,Hoolock,leuconedys,KIZ011957,KIZ,p3,l1,M2,R,train/leuconedys/leuconedys-KIZ-AMNH-style/KIZ011957/Hoolock#leuconedys#KIZ011957#s#v#p3#l1#M2#R_AMNH_style.jpg
train,leuconedys,1,museum_style,Hoolock,leuconedys,KIZ011958,KIZ,p1,l1,M2,R,train/leuconedys/leuconedys-KIZ-AMNH-style/KIZ011958/Hoolock#leuconedys#KIZ011958#s#v#p1#l1#M2#R#A_AMNH_style.jpg
train,leuconedys,1,museum_style,Hoolock,leuconedys,KIZ011958,KIZ,p1,l1,M3,R,train/leuconedys/leuconedys-KIZ-AMNH-style/KIZ011958/Hoolock#leuconedys#KIZ011958#s#v#p1#l1#M3#R#B_AMNH_style.jpg
train,leuconedys,1,museum_style,Hoolock,leuconedys,KIZ011958,KIZ,p2,l1,M2,R,train/leuconedys/leuconedys-KIZ-AMNH-style/KIZ011958/Hoolock#leuconedys#KIZ011958#s#v#p2#l1#M2#R#A_AMNH_style.jpg
train,leuconedys,1,museum_style,Hoolock,leuconedys,KIZ011958,KIZ,p3,l1,M2,R,train/leuconedys/leuconedys-KIZ-AMNH-style/KIZ011958/Hoolock#leuconedys#KIZ011958#s#v#p3#l1#M2#R#A_AMNH_style.jpg
train,leuconedys,1,museum_style,Hoolock,leuconedys,KIZ011960,KIZ,p1,l1,M1,L,train/leuconedys/leuconedys-KIZ-AMNH-style/KIZ011960/Hoolock#leuconedys#KIZ011960#s#v#p1#l1#M1#L#B_AMNH_style.jpg
train,leuconedys,1,museum_style,Hoolock,leuconedys,KIZ011960,KIZ,p1,l1,M2,L,train/leuconedys/leuconedys-KIZ-AMNH-style/KIZ011960/Hoolock#leuconedys#KIZ011960#s#v#p1#l1#M2#L_AMNH_style.jpg
train,leuconedys,1,museum_style,Hoolock,leuconedys,KIZ011960,KIZ,p1,l1,M3,L,train/leuconedys/leuconedys-KIZ-AMNH-style/KIZ011960/Hoolock#leuconedys#KIZ011960#s#v#p1#l1#M3#L_AMNH_style.jpg
train,leuconedys,1,museum_style,Hoolock,leuconedys,KIZ011960,KIZ,p2,l1,M1,L,train/leuconedys/leuconedys-KIZ-AMNH-style/KIZ011960/Hoolock#leuconedys#KIZ011960#s#v#p2#l1#M1#L#B_AMNH_style.jpg
train,leuconedys,1,museum_style,Hoolock,leuconedys,KIZ011960,KIZ,p2,l1,M2,L,train/leuconedys/leuconedys-KIZ-AMNH-style/KIZ011960/Hoolock#leuconedys#KIZ011960#s#v#p2#l1#M2#L_AMNH_style.jpg
train,leuconedys,1,museum_style,Hoolock,leuconedys,KIZ011960,KIZ,p2,l1,M3,L,train/leuconedys/leuconedys-KIZ-AMNH-style/KIZ011960/Hoolock#leuconedys#KIZ011960#s#v#p2#l1#M3#L_AMNH_style.jpg
train,leuconedys,1,museum_style,Hoolock,leuconedys,KIZ011960,KIZ,p3,l1,M1,L,train/leuconedys/leuconedys-KIZ-AMNH-style/KIZ011960/Hoolock#leuconedys#KIZ011960#s#v#p3#l1#M1#L#B_AMNH_style.jpg
train,leuconedys,1,museum_style,Hoolock,leuconedys,KIZ011960,KIZ,p3,l1,M2,L,train/leuconedys/leuconedys-KIZ-AMNH-style/KIZ011960/Hoolock#leuconedys#KIZ011960#s#v#p3#l1#M2#L_AMNH_style.jpg
train,leuconedys,1,museum_style,Hoolock,leuconedys,KIZ011960,KIZ,p3,l1,M3,L,train/leuconedys/leuconedys-KIZ-AMNH-style/KIZ011960/Hoolock#leuconedys#KIZ011960#s#v#p3#l1#M3#L_AMNH_style.jpg
train,leuconedys,1,museum_style,Hoolock,leuconedys,KIZ011961,KIZ,p1,l1,M2,R,train/leuconedys/leuconedys-KIZ-AMNH-style/KIZ011961/Hoolock#leuconedys#KIZ011961#s#v#p1#l1#M2#R#A_AMNH_style.jpg
train,leuconedys,1,museum_style,Hoolock,leuconedys,KIZ011961,KIZ,p1,l1,M3,R,train/leuconedys/leuconedys-KIZ-AMNH-style/KIZ011961/Hoolock#leuconedys#KIZ011961#s#v#p1#l1#M3#R_AMNH_style.jpg
train,leuconedys,1,museum_style,Hoolock,leuconedys,KIZ011961,KIZ,p2,l1,M1,R,train/leuconedys/leuconedys-KIZ-AMNH-style/KIZ011961/Hoolock#leuconedys#KIZ011961#s#v#p2#l1#M1#R#A_AMNH_style.jpg
train,leuconedys,1,museum_style,Hoolock,leuconedys,KIZ011961,KIZ,p2,l1,M2,R,train/leuconedys/leuconedys-KIZ-AMNH-style/KIZ011961/Hoolock#leuconedys#KIZ011961#s#v#p2#l1#M2#R#A_AMNH_style.jpg
train,leuconedys,1,museum_style,Hoolock,leuconedys,KIZ011961,KIZ,p2,l1,M3,R,train/leuconedys/leuconedys-KIZ-AMNH-style/KIZ011961/Hoolock#leuconedys#KIZ011961#s#v#p2#l1#M3#R_AMNH_style.jpg
train,leuconedys,1,museum_style,Hoolock,leuconedys,KIZ011961,KIZ,p3,l1,M1,R,train/leuconedys/leuconedys-KIZ-AMNH-style/KIZ011961/Hoolock#leuconedys#KIZ011961#s#v#p3#l1#M1#R#A_AMNH_style.jpg
train,leuconedys,1,museum_style,Hoolock,leuconedys,KIZ011961,KIZ,p3,l1,M2,R,train/leuconedys/leuconedys-KIZ-AMNH-style/KIZ011961/Hoolock#leuconedys#KIZ011961#s#v#p3#l1#M2#R#A_AMNH_style.jpg
train,leuconedys,1,museum_style,Hoolock,leuconedys,KIZ011962,KIZ,p1,l1,M2,R,train/leuconedys/leuconedys-KIZ-AMNH-style/KIZ011962/Hoolock#leuconedys#KIZ011962#s#v#p1#l1#M2#R_AMNH_style.jpg
train,leuconedys,1,museum_style,Hoolock,leuconedys,KIZ011962,KIZ,p1,l1,M3,R,train/leuconedys/leuconedys-KIZ-AMNH-style/KIZ011962/Hoolock#leuconedys#KIZ011962#s#v#p1#l1#M3#R_AMNH_style.jpg
train,leuconedys,1,museum_style,Hoolock,leuconedys,KIZ011962,KIZ,p2,l1,M1,R,train/leuconedys/leuconedys-KIZ-AMNH-style/KIZ011962/Hoolock#leuconedys#KIZ011962#s#v#p2#l1#M1#R#A_AMNH_style.jpg
train,leuconedys,1,museum_style,Hoolock,leuconedys,KIZ011962,KIZ,p2,l1,M2,R,train/leuconedys/leuconedys-KIZ-AMNH-style/KIZ011962/Hoolock#leuconedys#KIZ011962#s#v#p2#l1#M2#R_AMNH_style.jpg
train,leuconedys,1,museum_style,Hoolock,leuconedys,KIZ011962,KIZ,p2,l1,M3,R,train/leuconedys/leuconedys-KIZ-AMNH-style/KIZ011962/Hoolock#leuconedys#KIZ011962#s#v#p2#l1#M3#R_AMNH_style.jpg
train,leuconedys,1,museum_style,Hoolock,leuconedys,KIZ011962,KIZ,p3,l1,M1,R,train/leuconedys/leuconedys-KIZ-AMNH-style/KIZ011962/Hoolock#leuconedys#KIZ011962#s#v#p3#l1#M1#R#A_AMNH_style.jpg
train,leuconedys,1,museum_style,Hoolock,leuconedys,KIZ011962,KIZ,p3,l1,M2,R,train/leuconedys/leuconedys-KIZ-AMNH-style/KIZ011962/Hoolock#leuconedys#KIZ011962#s#v#p3#l1#M2#R_AMNH_style.jpg
train,leuconedys,1,museum_style,Hoolock,leuconedys,KIZ011963,KIZ,p1,l1,M2,R,train/leuconedys/leuconedys-KIZ-AMNH-style/KIZ011963/Hoolock#leuconedys#KIZ011963#s#v#p1#l1#M2#R_AMNH_style.jpg
train,leuconedys,1,museum_style,Hoolock,leuconedys,KIZ011963,KIZ,p1,l1,M3,R,train/leuconedys/leuconedys-KIZ-AMNH-style/KIZ011963/Hoolock#leuconedys#KIZ011963#s#v#p1#l1#M3#R_AMNH_style.jpg
train,leuconedys,1,museum_style,Hoolock,leuconedys,KIZ011963,KIZ,p2,l1,M2,R,train/leuconedys/leuconedys-KIZ-AMNH-style/KIZ011963/Hoolock#leuconedys#KIZ011963#s#v#p2#l1#M2#R_AMNH_style.jpg
train,leuconedys,1,museum_style,Hoolock,leuconedys,KIZ011963,KIZ,p3,l1,M1,L,train/leuconedys/leuconedys-KIZ-AMNH-style/KIZ011963/Hoolock#leuconedys#KIZ011963#s#v#p3#l1#M1#L#B_AMNH_style.jpg
train,leuconedys,1,museum_style,Hoolock,leuconedys,KIZ011963,KIZ,p3,l1,M2,L,train/leuconedys/leuconedys-KIZ-AMNH-style/KIZ011963/Hoolock#leuconedys#KIZ011963#s#v#p3#l1#M2#L_AMNH_style.jpg
train,leuconedys,1,museum_style,Hoolock,leuconedys,KIZ011965,KIZ,p1,l1,M2,L,train/leuconedys/leuconedys-KIZ-AMNH-style/KIZ011965/Hoolock#leuconedys#KIZ011965#s#v#p1#l1#M2#L_AMNH_style.jpg
train,leuconedys,1,museum_style,Hoolock,leuconedys,KIZ011965,KIZ,p1,l1,M3,L,train/leuconedys/leuconedys-KIZ-AMNH-style/KIZ011965/Hoolock#leuconedys#KIZ011965#s#v#p1#l1#M3#L_AMNH_style.jpg
train,leuconedys,1,museum_style,Hoolock,leuconedys,KIZ011965,KIZ,p2,l1,M1,R,train/leuconedys/leuconedys-KIZ-AMNH-style/KIZ011965/Hoolock#leuconedys#KIZ011965#s#v#p2#l1#M1#R_AMNH_style.jpg
train,leuconedys,1,museum_style,Hoolock,leuconedys,KIZ011965,KIZ,p2,l1,M2,R,train/leuconedys/leuconedys-KIZ-AMNH-style/KIZ011965/Hoolock#leuconedys#KIZ011965#s#v#p2#l1#M2#R_AMNH_style.jpg
train,leuconedys,1,museum_style,Hoolock,leuconedys,KIZ011965,KIZ,p2,l1,M3,R,train/leuconedys/leuconedys-KIZ-AMNH-style/KIZ011965/Hoolock#leuconedys#KIZ011965#s#v#p2#l1#M3#R_AMNH_style.jpg
train,leuconedys,1,museum_style,Hoolock,leuconedys,KIZ011965,KIZ,p3,l1,M1,R,train/leuconedys/leuconedys-KIZ-AMNH-style/KIZ011965/Hoolock#leuconedys#KIZ011965#s#v#p3#l1#M1#R_AMNH_style.jpg
train,leuconedys,1,museum_style,Hoolock,leuconedys,KIZ011965,KIZ,p3,l1,M2,R,train/leuconedys/leuconedys-KIZ-AMNH-style/KIZ011965/Hoolock#leuconedys#KIZ011965#s#v#p3#l1#M2#R_AMNH_style.jpg
train,leuconedys,1,museum_style,Hoolock,leuconedys,KIZ014034,KIZ,p1,l1,M1,R,train/leuconedys/leuconedys-KIZ-AMNH-style/KIZ014034/Hoolock#leuconedys#KIZ014034#s#v#p1#l1#M1#R_AMNH_style.jpg
train,leuconedys,1,museum_style,Hoolock,leuconedys,KIZ014034,KIZ,p1,l1,M2,R,train/leuconedys/leuconedys-KIZ-AMNH-style/KIZ014034/Hoolock#leuconedys#KIZ014034#s#v#p1#l1#M2#R_AMNH_style.jpg
train,leuconedys,1,museum_style,Hoolock,leuconedys,KIZ014034,KIZ,p1,l1,M3,R,train/leuconedys/leuconedys-KIZ-AMNH-style/KIZ014034/Hoolock#leuconedys#KIZ014034#s#v#p1#l1#M3#R_AMNH_style.jpg
train,leuconedys,1,museum_style,Hoolock,leuconedys,KIZ014034,KIZ,p2,l1,M1,R,train/leuconedys/leuconedys-KIZ-AMNH-style/KIZ014034/Hoolock#leuconedys#KIZ014034#s#v#p2#l1#M1#R_AMNH_style.jpg
train,leuconedys,1,museum_style,Hoolock,leuconedys,KIZ014034,KIZ,p2,l1,M2,R,train/leuconedys/leuconedys-KIZ-AMNH-style/KIZ014034/Hoolock#leuconedys#KIZ014034#s#v#p2#l1#M2#R_AMNH_style.jpg
train,leuconedys,1,museum_style,Hoolock,leuconedys,KIZ014034,KIZ,p2,l1,M3,R,train/leuconedys/leuconedys-KIZ-AMNH-style/KIZ014034/Hoolock#leuconedys#KIZ014034#s#v#p2#l1#M3#R_AMNH_style.jpg
train,leuconedys,1,museum_style,Hoolock,leuconedys,KIZ014034,KIZ,p3,l1,M1,R,train/leuconedys/leuconedys-KIZ-AMNH-style/KIZ014034/Hoolock#leuconedys#KIZ014034#s#v#p3#l1#M1#R_AMNH_style.jpg
train,leuconedys,1,museum_style,Hoolock,leuconedys,KIZ014034,KIZ,p3,l1,M2,R,train/leuconedys/leuconedys-KIZ-AMNH-style/KIZ014034/Hoolock#leuconedys#KIZ014034#s#v#p3#l1#M2#R_AMNH_style.jpg
train,leuconedys,1,original,Hoolock,leuconedys,AMNH112667,AMNH,p1,l1,M1,R,train/leuconedys/leuconedys_AMNH112667/Hoolock#leuconedys#AMNH112667#s#v#p1#l1#M1#R#B.jpg
train,leuconedys,1,offline_augmented,Hoolock,leuconedys,AMNH112667,AMNH,p1,l1,M1,R,train/leuconedys/leuconedys_AMNH112667/Hoolock#leuconedys#AMNH112667#s#v#p1#l1#M1#R#B_aug_bright_sat.jpg
train,leuconedys,1,offline_augmented,Hoolock,leuconedys,AMNH112667,AMNH,p1,l1,M1,R,train/leuconedys/leuconedys_AMNH112667/Hoolock#leuconedys#AMNH112667#s#v#p1#l1#M1#R#B_aug_dark_con.jpg
train,leuconedys,1,offline_augmented,Hoolock,leuconedys,AMNH112667,AMNH,p1,l1,M1,R,train/leuconedys/leuconedys_AMNH112667/Hoolock#leuconedys#AMNH112667#s#v#p1#l1#M1#R#B_aug_hicon.jpg
train,leuconedys,1,offline_augmented,Hoolock,leuconedys,AMNH112667,AMNH,p1,l1,M1,R,train/leuconedys/leuconedys_AMNH112667/Hoolock#leuconedys#AMNH112667#s#v#p1#l1#M1#R#B_aug_vivid.jpg
train,leuconedys,1,offline_augmented,Hoolock,leuconedys,AMNH112667,AMNH,p1,l1,M1,R,train/leuconedys/leuconedys_AMNH112667/Hoolock#leuconedys#AMNH112667#s#v#p1#l1#M1#R#B_aug_warm.jpg
train,leuconedys,1,original,Hoolock,leuconedys,AMNH112667,AMNH,p1,l1,M2,R,train/leuconedys/leuconedys_AMNH112667/Hoolock#leuconedys#AMNH112667#s#v#p1#l1#M2#R#B.jpg
train,leuconedys,1,offline_augmented,Hoolock,leuconedys,AMNH112667,AMNH,p1,l1,M2,R,train/leuconedys/leuconedys_AMNH112667/Hoolock#leuconedys#AMNH112667#s#v#p1#l1#M2#R#B_aug_bright_sat.jpg
train,leuconedys,1,offline_augmented,Hoolock,leuconedys,AMNH112667,AMNH,p1,l1,M2,R,train/leuconedys/leuconedys_AMNH112667/Hoolock#leuconedys#AMNH112667#s#v#p1#l1#M2#R#B_aug_hicon.jpg
train,leuconedys,1,offline_augmented,Hoolock,leuconedys,AMNH112667,AMNH,p1,l1,M2,R,train/leuconedys/leuconedys_AMNH112667/Hoolock#leuconedys#AMNH112667#s#v#p1#l1#M2#R#B_aug_muted.jpg
train,leuconedys,1,offline_augmented,Hoolock,leuconedys,AMNH112667,AMNH,p1,l1,M2,R,train/leuconedys/leuconedys_AMNH112667/Hoolock#leuconedys#AMNH112667#s#v#p1#l1#M2#R#B_aug_soft.jpg
train,leuconedys,1,offline_augmented,Hoolock,leuconedys,AMNH112667,AMNH,p1,l1,M2,R,train/leuconedys/leuconedys_AMNH112667/Hoolock#leuconedys#AMNH112667#s#v#p1#l1#M2#R#B_aug_vivid.jpg
train,leuconedys,1,original,Hoolock,leuconedys,AMNH112667,AMNH,p1,l1,M3,R,train/leuconedys/leuconedys_AMNH112667/Hoolock#leuconedys#AMNH112667#s#v#p1#l1#M3#R.jpg
train,leuconedys,1,offline_augmented,Hoolock,leuconedys,AMNH112667,AMNH,p1,l1,M3,R,train/leuconedys/leuconedys_AMNH112667/Hoolock#leuconedys#AMNH112667#s#v#p1#l1#M3#R_aug_cool.jpg
train,leuconedys,1,offline_augmented,Hoolock,leuconedys,AMNH112667,AMNH,p1,l1,M3,R,train/leuconedys/leuconedys_AMNH112667/Hoolock#leuconedys#AMNH112667#s#v#p1#l1#M3#R_aug_dark_con.jpg
train,leuconedys,1,offline_augmented,Hoolock,leuconedys,AMNH112667,AMNH,p1,l1,M3,R,train/leuconedys/leuconedys_AMNH112667/Hoolock#leuconedys#AMNH112667#s#v#p1#l1#M3#R_aug_hicon.jpg
train,leuconedys,1,offline_augmented,Hoolock,leuconedys,AMNH112667,AMNH,p1,l1,M3,R,train/leuconedys/leuconedys_AMNH112667/Hoolock#leuconedys#AMNH112667#s#v#p1#l1#M3#R_aug_muted.jpg
train,leuconedys,1,offline_augmented,Hoolock,leuconedys,AMNH112667,AMNH,p1,l1,M3,R,train/leuconedys/leuconedys_AMNH112667/Hoolock#leuconedys#AMNH112667#s#v#p1#l1#M3#R_aug_warm.jpg
train,leuconedys,1,original,Hoolock,leuconedys,AMNH112667,AMNH,p3,l1,M2,L,train/leuconedys/leuconedys_AMNH112667/Hoolock#leuconedys#AMNH112667#s#v#p3#l1#M2#L.jpg
train,leuconedys,1,offline_augmented,Hoolock,leuconedys,AMNH112667,AMNH,p3,l1,M2,L,train/leuconedys/leuconedys_AMNH112667/Hoolock#leuconedys#AMNH112667#s#v#p3#l1#M2#L_aug_bright_sat.jpg
train,leuconedys,1,offline_augmented,Hoolock,leuconedys,AMNH112667,AMNH,p3,l1,M2,L,train/leuconedys/leuconedys_AMNH112667/Hoolock#leuconedys#AMNH112667#s#v#p3#l1#M2#L_aug_dark_con.jpg
train,leuconedys,1,offline_augmented,Hoolock,leuconedys,AMNH112667,AMNH,p3,l1,M2,L,train/leuconedys/leuconedys_AMNH112667/Hoolock#leuconedys#AMNH112667#s#v#p3#l1#M2#L_aug_hicon.jpg
train,leuconedys,1,offline_augmented,Hoolock,leuconedys,AMNH112667,AMNH,p3,l1,M2,L,train/leuconedys/leuconedys_AMNH112667/Hoolock#leuconedys#AMNH112667#s#v#p3#l1#M2#L_aug_muted.jpg
train,leuconedys,1,offline_augmented,Hoolock,leuconedys,AMNH112667,AMNH,p3,l1,M2,L,train/leuconedys/leuconedys_AMNH112667/Hoolock#leuconedys#AMNH112667#s#v#p3#l1#M2#L_aug_warm.jpg
train,leuconedys,1,original,Hoolock,leuconedys,AMNH112667,AMNH,p3,l1,M3,L,train/leuconedys/leuconedys_AMNH112667/Hoolock#leuconedys#AMNH112667#s#v#p3#l1#M3#L.jpg
train,leuconedys,1,offline_augmented,Hoolock,leuconedys,AMNH112667,AMNH,p3,l1,M3,L,train/leuconedys/leuconedys_AMNH112667/Hoolock#leuconedys#AMNH112667#s#v#p3#l1#M3#L_aug_cool.jpg
train,leuconedys,1,offline_augmented,Hoolock,leuconedys,AMNH112667,AMNH,p3,l1,M3,L,train/leuconedys/leuconedys_AMNH112667/Hoolock#leuconedys#AMNH112667#s#v#p3#l1#M3#L_aug_hicon.jpg
train,leuconedys,1,offline_augmented,Hoolock,leuconedys,AMNH112667,AMNH,p3,l1,M3,L,train/leuconedys/leuconedys_AMNH112667/Hoolock#leuconedys#AMNH112667#s#v#p3#l1#M3#L_aug_muted.jpg
train,leuconedys,1,offline_augmented,Hoolock,leuconedys,AMNH112667,AMNH,p3,l1,M3,L,train/leuconedys/leuconedys_AMNH112667/Hoolock#leuconedys#AMNH112667#s#v#p3#l1#M3#L_aug_soft.jpg
train,leuconedys,1,offline_augmented,Hoolock,leuconedys,AMNH112667,AMNH,p3,l1,M3,L,train/leuconedys/leuconedys_AMNH112667/Hoolock#leuconedys#AMNH112667#s#v#p3#l1#M3#L_aug_warm.jpg
train,leuconedys,1,original,Hoolock,leuconedys,AMNH112668,AMNH,p2,l1,M1,R,train/leuconedys/leuconedys_AMNH112668/Hoolock#leuconedys#AMNH112668#s#v#p2#l1#M1#R.jpg
train,leuconedys,1,offline_augmented,Hoolock,leuconedys,AMNH112668,AMNH,p2,l1,M1,R,train/leuconedys/leuconedys_AMNH112668/Hoolock#leuconedys#AMNH112668#s#v#p2#l1#M1#R_aug_bright_sat.jpg
train,leuconedys,1,offline_augmented,Hoolock,leuconedys,AMNH112668,AMNH,p2,l1,M1,R,train/leuconedys/leuconedys_AMNH112668/Hoolock#leuconedys#AMNH112668#s#v#p2#l1#M1#R_aug_dark_con.jpg
train,leuconedys,1,offline_augmented,Hoolock,leuconedys,AMNH112668,AMNH,p2,l1,M1,R,train/leuconedys/leuconedys_AMNH112668/Hoolock#leuconedys#AMNH112668#s#v#p2#l1#M1#R_aug_soft.jpg
train,leuconedys,1,offline_augmented,Hoolock,leuconedys,AMNH112668,AMNH,p2,l1,M1,R,train/leuconedys/leuconedys_AMNH112668/Hoolock#leuconedys#AMNH112668#s#v#p2#l1#M1#R_aug_vivid.jpg
train,leuconedys,1,offline_augmented,Hoolock,leuconedys,AMNH112668,AMNH,p2,l1,M1,R,train/leuconedys/leuconedys_AMNH112668/Hoolock#leuconedys#AMNH112668#s#v#p2#l1#M1#R_aug_warm.jpg
train,leuconedys,1,original,Hoolock,leuconedys,AMNH112668,AMNH,p2,l1,M2,R,train/leuconedys/leuconedys_AMNH112668/Hoolock#leuconedys#AMNH112668#s#v#p2#l1#M2#R.jpg
train,leuconedys,1,offline_augmented,Hoolock,leuconedys,AMNH112668,AMNH,p2,l1,M2,R,train/leuconedys/leuconedys_AMNH112668/Hoolock#leuconedys#AMNH112668#s#v#p2#l1#M2#R_aug_bright_sat.jpg
train,leuconedys,1,offline_augmented,Hoolock,leuconedys,AMNH112668,AMNH,p2,l1,M2,R,train/leuconedys/leuconedys_AMNH112668/Hoolock#leuconedys#AMNH112668#s#v#p2#l1#M2#R_aug_cool.jpg
train,leuconedys,1,offline_augmented,Hoolock,leuconedys,AMNH112668,AMNH,p2,l1,M2,R,train/leuconedys/leuconedys_AMNH112668/Hoolock#leuconedys#AMNH112668#s#v#p2#l1#M2#R_aug_dark_con.jpg
train,leuconedys,1,offline_augmented,Hoolock,leuconedys,AMNH112668,AMNH,p2,l1,M2,R,train/leuconedys/leuconedys_AMNH112668/Hoolock#leuconedys#AMNH112668#s#v#p2#l1#M2#R_aug_hicon.jpg
train,leuconedys,1,offline_augmented,Hoolock,leuconedys,AMNH112668,AMNH,p2,l1,M2,R,train/leuconedys/leuconedys_AMNH112668/Hoolock#leuconedys#AMNH112668#s#v#p2#l1#M2#R_aug_muted.jpg
train,leuconedys,1,original,Hoolock,leuconedys,AMNH112668,AMNH,p2,l1,M3,R,train/leuconedys/leuconedys_AMNH112668/Hoolock#leuconedys#AMNH112668#s#v#p2#l1#M3#R.jpg
train,leuconedys,1,offline_augmented,Hoolock,leuconedys,AMNH112668,AMNH,p2,l1,M3,R,train/leuconedys/leuconedys_AMNH112668/Hoolock#leuconedys#AMNH112668#s#v#p2#l1#M3#R_aug_bright_sat.jpg
train,leuconedys,1,offline_augmented,Hoolock,leuconedys,AMNH112668,AMNH,p2,l1,M3,R,train/leuconedys/leuconedys_AMNH112668/Hoolock#leuconedys#AMNH112668#s#v#p2#l1#M3#R_aug_cool.jpg
train,leuconedys,1,offline_augmented,Hoolock,leuconedys,AMNH112668,AMNH,p2,l1,M3,R,train/leuconedys/leuconedys_AMNH112668/Hoolock#leuconedys#AMNH112668#s#v#p2#l1#M3#R_aug_hicon.jpg
train,leuconedys,1,offline_augmented,Hoolock,leuconedys,AMNH112668,AMNH,p2,l1,M3,R,train/leuconedys/leuconedys_AMNH112668/Hoolock#leuconedys#AMNH112668#s#v#p2#l1#M3#R_aug_vivid.jpg
train,leuconedys,1,offline_augmented,Hoolock,leuconedys,AMNH112668,AMNH,p2,l1,M3,R,train/leuconedys/leuconedys_AMNH112668/Hoolock#leuconedys#AMNH112668#s#v#p2#l1#M3#R_aug_warm.jpg
train,leuconedys,1,original,Hoolock,leuconedys,AMNH112668,AMNH,p3,l1,M1,R,train/leuconedys/leuconedys_AMNH112668/Hoolock#leuconedys#AMNH112668#s#v#p3#l1#M1#R.jpg
train,leuconedys,1,offline_augmented,Hoolock,leuconedys,AMNH112668,AMNH,p3,l1,M1,R,train/leuconedys/leuconedys_AMNH112668/Hoolock#leuconedys#AMNH112668#s#v#p3#l1#M1#R_aug_cool.jpg
train,leuconedys,1,offline_augmented,Hoolock,leuconedys,AMNH112668,AMNH,p3,l1,M1,R,train/leuconedys/leuconedys_AMNH112668/Hoolock#leuconedys#AMNH112668#s#v#p3#l1#M1#R_aug_dark_con.jpg
train,leuconedys,1,offline_augmented,Hoolock,leuconedys,AMNH112668,AMNH,p3,l1,M1,R,train/leuconedys/leuconedys_AMNH112668/Hoolock#leuconedys#AMNH112668#s#v#p3#l1#M1#R_aug_hicon.jpg
train,leuconedys,1,offline_augmented,Hoolock,leuconedys,AMNH112668,AMNH,p3,l1,M1,R,train/leuconedys/leuconedys_AMNH112668/Hoolock#leuconedys#AMNH112668#s#v#p3#l1#M1#R_aug_muted.jpg
train,leuconedys,1,offline_augmented,Hoolock,leuconedys,AMNH112668,AMNH,p3,l1,M1,R,train/leuconedys/leuconedys_AMNH112668/Hoolock#leuconedys#AMNH112668#s#v#p3#l1#M1#R_aug_vivid.jpg
train,leuconedys,1,original,Hoolock,leuconedys,AMNH112668,AMNH,p3,l1,M2,R,train/leuconedys/leuconedys_AMNH112668/Hoolock#leuconedys#AMNH112668#s#v#p3#l1#M2#R.jpg
train,leuconedys,1,offline_augmented,Hoolock,leuconedys,AMNH112668,AMNH,p3,l1,M2,R,train/leuconedys/leuconedys_AMNH112668/Hoolock#leuconedys#AMNH112668#s#v#p3#l1#M2#R_aug_cool.jpg
train,leuconedys,1,offline_augmented,Hoolock,leuconedys,AMNH112668,AMNH,p3,l1,M2,R,train/leuconedys/leuconedys_AMNH112668/Hoolock#leuconedys#AMNH112668#s#v#p3#l1#M2#R_aug_dark_con.jpg
train,leuconedys,1,offline_augmented,Hoolock,leuconedys,AMNH112668,AMNH,p3,l1,M2,R,train/leuconedys/leuconedys_AMNH112668/Hoolock#leuconedys#AMNH112668#s#v#p3#l1#M2#R_aug_muted.jpg
train,leuconedys,1,offline_augmented,Hoolock,leuconedys,AMNH112668,AMNH,p3,l1,M2,R,train/leuconedys/leuconedys_AMNH112668/Hoolock#leuconedys#AMNH112668#s#v#p3#l1#M2#R_aug_soft.jpg
train,leuconedys,1,offline_augmented,Hoolock,leuconedys,AMNH112668,AMNH,p3,l1,M2,R,train/leuconedys/leuconedys_AMNH112668/Hoolock#leuconedys#AMNH112668#s#v#p3#l1#M2#R_aug_vivid.jpg
train,leuconedys,1,original,Hoolock,leuconedys,AMNH112668,AMNH,p3,l1,M3,R,train/leuconedys/leuconedys_AMNH112668/Hoolock#leuconedys#AMNH112668#s#v#p3#l1#M3#R.jpg
train,leuconedys,1,offline_augmented,Hoolock,leuconedys,AMNH112668,AMNH,p3,l1,M3,R,train/leuconedys/leuconedys_AMNH112668/Hoolock#leuconedys#AMNH112668#s#v#p3#l1#M3#R_aug_cool.jpg
train,leuconedys,1,offline_augmented,Hoolock,leuconedys,AMNH112668,AMNH,p3,l1,M3,R,train/leuconedys/leuconedys_AMNH112668/Hoolock#leuconedys#AMNH112668#s#v#p3#l1#M3#R_aug_dark_con.jpg
train,leuconedys,1,offline_augmented,Hoolock,leuconedys,AMNH112668,AMNH,p3,l1,M3,R,train/leuconedys/leuconedys_AMNH112668/Hoolock#leuconedys#AMNH112668#s#v#p3#l1#M3#R_aug_hicon.jpg
train,leuconedys,1,offline_augmented,Hoolock,leuconedys,AMNH112668,AMNH,p3,l1,M3,R,train/leuconedys/leuconedys_AMNH112668/Hoolock#leuconedys#AMNH112668#s#v#p3#l1#M3#R_aug_muted.jpg
train,leuconedys,1,offline_augmented,Hoolock,leuconedys,AMNH112668,AMNH,p3,l1,M3,R,train/leuconedys/leuconedys_AMNH112668/Hoolock#leuconedys#AMNH112668#s#v#p3#l1#M3#R_aug_vivid.jpg
train,leuconedys,1,original,Hoolock,leuconedys,AMNH112669,AMNH,p1,l1,M1,L,train/leuconedys/leuconedys_AMNH112669/Hoolock#leuconedys#AMNH112669#s#v#p1#l1#M1#L.jpg
train,leuconedys,1,offline_augmented,Hoolock,leuconedys,AMNH112669,AMNH,p1,l1,M1,L,train/leuconedys/leuconedys_AMNH112669/Hoolock#leuconedys#AMNH112669#s#v#p1#l1#M1#L_aug_bright_sat.jpg
train,leuconedys,1,offline_augmented,Hoolock,leuconedys,AMNH112669,AMNH,p1,l1,M1,L,train/leuconedys/leuconedys_AMNH112669/Hoolock#leuconedys#AMNH112669#s#v#p1#l1#M1#L_aug_dark_con.jpg
train,leuconedys,1,offline_augmented,Hoolock,leuconedys,AMNH112669,AMNH,p1,l1,M1,L,train/leuconedys/leuconedys_AMNH112669/Hoolock#leuconedys#AMNH112669#s#v#p1#l1#M1#L_aug_hicon.jpg
train,leuconedys,1,offline_augmented,Hoolock,leuconedys,AMNH112669,AMNH,p1,l1,M1,L,train/leuconedys/leuconedys_AMNH112669/Hoolock#leuconedys#AMNH112669#s#v#p1#l1#M1#L_aug_vivid.jpg
train,leuconedys,1,offline_augmented,Hoolock,leuconedys,AMNH112669,AMNH,p1,l1,M1,L,train/leuconedys/leuconedys_AMNH112669/Hoolock#leuconedys#AMNH112669#s#v#p1#l1#M1#L_aug_warm.jpg
train,leuconedys,1,original,Hoolock,leuconedys,AMNH112669,AMNH,p1,l1,M1,R,train/leuconedys/leuconedys_AMNH112669/Hoolock#leuconedys#AMNH112669#s#v#p1#l1#M1#R.jpg
train,leuconedys,1,offline_augmented,Hoolock,leuconedys,AMNH112669,AMNH,p1,l1,M1,R,train/leuconedys/leuconedys_AMNH112669/Hoolock#leuconedys#AMNH112669#s#v#p1#l1#M1#R_aug_bright_sat.jpg
train,leuconedys,1,offline_augmented,Hoolock,leuconedys,AMNH112669,AMNH,p1,l1,M1,R,train/leuconedys/leuconedys_AMNH112669/Hoolock#leuconedys#AMNH112669#s#v#p1#l1#M1#R_aug_cool.jpg
train,leuconedys,1,offline_augmented,Hoolock,leuconedys,AMNH112669,AMNH,p1,l1,M1,R,train/leuconedys/leuconedys_AMNH112669/Hoolock#leuconedys#AMNH112669#s#v#p1#l1#M1#R_aug_dark_con.jpg
train,leuconedys,1,offline_augmented,Hoolock,leuconedys,AMNH112669,AMNH,p1,l1,M1,R,train/leuconedys/leuconedys_AMNH112669/Hoolock#leuconedys#AMNH112669#s#v#p1#l1#M1#R_aug_soft.jpg
train,leuconedys,1,offline_augmented,Hoolock,leuconedys,AMNH112669,AMNH,p1,l1,M1,R,train/leuconedys/leuconedys_AMNH112669/Hoolock#leuconedys#AMNH112669#s#v#p1#l1#M1#R_aug_warm.jpg
train,leuconedys,1,original,Hoolock,leuconedys,AMNH112670,AMNH,p1,l1,M1,R,train/leuconedys/leuconedys_AMNH112670/Hoolock#leuconedys#AMNH112670#s#v#p1#l1#M1#R.jpg
train,leuconedys,1,offline_augmented,Hoolock,leuconedys,AMNH112670,AMNH,p1,l1,M1,R,train/leuconedys/leuconedys_AMNH112670/Hoolock#leuconedys#AMNH112670#s#v#p1#l1#M1#R_aug_bright_sat.jpg
train,leuconedys,1,offline_augmented,Hoolock,leuconedys,AMNH112670,AMNH,p1,l1,M1,R,train/leuconedys/leuconedys_AMNH112670/Hoolock#leuconedys#AMNH112670#s#v#p1#l1#M1#R_aug_cool.jpg
train,leuconedys,1,offline_augmented,Hoolock,leuconedys,AMNH112670,AMNH,p1,l1,M1,R,train/leuconedys/leuconedys_AMNH112670/Hoolock#leuconedys#AMNH112670#s#v#p1#l1#M1#R_aug_dark_con.jpg
train,leuconedys,1,offline_augmented,Hoolock,leuconedys,AMNH112670,AMNH,p1,l1,M1,R,train/leuconedys/leuconedys_AMNH112670/Hoolock#leuconedys#AMNH112670#s#v#p1#l1#M1#R_aug_muted.jpg
train,leuconedys,1,offline_augmented,Hoolock,leuconedys,AMNH112670,AMNH,p1,l1,M1,R,train/leuconedys/leuconedys_AMNH112670/Hoolock#leuconedys#AMNH112670#s#v#p1#l1#M1#R_aug_vivid.jpg
train,leuconedys,1,original,Hoolock,leuconedys,AMNH112670,AMNH,p1,l1,M2,R,train/leuconedys/leuconedys_AMNH112670/Hoolock#leuconedys#AMNH112670#s#v#p1#l1#M2#R.jpg
train,leuconedys,1,offline_augmented,Hoolock,leuconedys,AMNH112670,AMNH,p1,l1,M2,R,train/leuconedys/leuconedys_AMNH112670/Hoolock#leuconedys#AMNH112670#s#v#p1#l1#M2#R_aug_bright_sat.jpg
train,leuconedys,1,offline_augmented,Hoolock,leuconedys,AMNH112670,AMNH,p1,l1,M2,R,train/leuconedys/leuconedys_AMNH112670/Hoolock#leuconedys#AMNH112670#s#v#p1#l1#M2#R_aug_cool.jpg
train,leuconedys,1,offline_augmented,Hoolock,leuconedys,AMNH112670,AMNH,p1,l1,M2,R,train/leuconedys/leuconedys_AMNH112670/Hoolock#leuconedys#AMNH112670#s#v#p1#l1#M2#R_aug_dark_con.jpg
train,leuconedys,1,offline_augmented,Hoolock,leuconedys,AMNH112670,AMNH,p1,l1,M2,R,train/leuconedys/leuconedys_AMNH112670/Hoolock#leuconedys#AMNH112670#s#v#p1#l1#M2#R_aug_hicon.jpg
train,leuconedys,1,offline_augmented,Hoolock,leuconedys,AMNH112670,AMNH,p1,l1,M2,R,train/leuconedys/leuconedys_AMNH112670/Hoolock#leuconedys#AMNH112670#s#v#p1#l1#M2#R_aug_vivid.jpg
train,leuconedys,1,original,Hoolock,leuconedys,AMNH112670,AMNH,p2,l1,M1,R,train/leuconedys/leuconedys_AMNH112670/Hoolock#leuconedys#AMNH112670#s#v#p2#l1#M1#R.jpg
train,leuconedys,1,offline_augmented,Hoolock,leuconedys,AMNH112670,AMNH,p2,l1,M1,R,train/leuconedys/leuconedys_AMNH112670/Hoolock#leuconedys#AMNH112670#s#v#p2#l1#M1#R_aug_bright_sat.jpg
train,leuconedys,1,offline_augmented,Hoolock,leuconedys,AMNH112670,AMNH,p2,l1,M1,R,train/leuconedys/leuconedys_AMNH112670/Hoolock#leuconedys#AMNH112670#s#v#p2#l1#M1#R_aug_dark_con.jpg
train,leuconedys,1,offline_augmented,Hoolock,leuconedys,AMNH112670,AMNH,p2,l1,M1,R,train/leuconedys/leuconedys_AMNH112670/Hoolock#leuconedys#AMNH112670#s#v#p2#l1#M1#R_aug_hicon.jpg
train,leuconedys,1,offline_augmented,Hoolock,leuconedys,AMNH112670,AMNH,p2,l1,M1,R,train/leuconedys/leuconedys_AMNH112670/Hoolock#leuconedys#AMNH112670#s#v#p2#l1#M1#R_aug_muted.jpg
train,leuconedys,1,offline_augmented,Hoolock,leuconedys,AMNH112670,AMNH,p2,l1,M1,R,train/leuconedys/leuconedys_AMNH112670/Hoolock#leuconedys#AMNH112670#s#v#p2#l1#M1#R_aug_vivid.jpg
train,leuconedys,1,original,Hoolock,leuconedys,AMNH112670,AMNH,p2,l1,M2,R,train/leuconedys/leuconedys_AMNH112670/Hoolock#leuconedys#AMNH112670#s#v#p2#l1#M2#R.jpg
train,leuconedys,1,offline_augmented,Hoolock,leuconedys,AMNH112670,AMNH,p2,l1,M2,R,train/leuconedys/leuconedys_AMNH112670/Hoolock#leuconedys#AMNH112670#s#v#p2#l1#M2#R_aug_cool.jpg
train,leuconedys,1,offline_augmented,Hoolock,leuconedys,AMNH112670,AMNH,p2,l1,M2,R,train/leuconedys/leuconedys_AMNH112670/Hoolock#leuconedys#AMNH112670#s#v#p2#l1#M2#R_aug_muted.jpg
train,leuconedys,1,offline_augmented,Hoolock,leuconedys,AMNH112670,AMNH,p2,l1,M2,R,train/leuconedys/leuconedys_AMNH112670/Hoolock#leuconedys#AMNH112670#s#v#p2#l1#M2#R_aug_soft.jpg
train,leuconedys,1,offline_augmented,Hoolock,leuconedys,AMNH112670,AMNH,p2,l1,M2,R,train/leuconedys/leuconedys_AMNH112670/Hoolock#leuconedys#AMNH112670#s#v#p2#l1#M2#R_aug_vivid.jpg
train,leuconedys,1,offline_augmented,Hoolock,leuconedys,AMNH112670,AMNH,p2,l1,M2,R,train/leuconedys/leuconedys_AMNH112670/Hoolock#leuconedys#AMNH112670#s#v#p2#l1#M2#R_aug_warm.jpg
train,leuconedys,1,original,Hoolock,leuconedys,AMNH112670,AMNH,p2,l1,M3,R,train/leuconedys/leuconedys_AMNH112670/Hoolock#leuconedys#AMNH112670#s#v#p2#l1#M3#R.jpg
train,leuconedys,1,offline_augmented,Hoolock,leuconedys,AMNH112670,AMNH,p2,l1,M3,R,train/leuconedys/leuconedys_AMNH112670/Hoolock#leuconedys#AMNH112670#s#v#p2#l1#M3#R_aug_bright_sat.jpg
train,leuconedys,1,offline_augmented,Hoolock,leuconedys,AMNH112670,AMNH,p2,l1,M3,R,train/leuconedys/leuconedys_AMNH112670/Hoolock#leuconedys#AMNH112670#s#v#p2#l1#M3#R_aug_dark_con.jpg
train,leuconedys,1,offline_augmented,Hoolock,leuconedys,AMNH112670,AMNH,p2,l1,M3,R,train/leuconedys/leuconedys_AMNH112670/Hoolock#leuconedys#AMNH112670#s#v#p2#l1#M3#R_aug_muted.jpg
train,leuconedys,1,offline_augmented,Hoolock,leuconedys,AMNH112670,AMNH,p2,l1,M3,R,train/leuconedys/leuconedys_AMNH112670/Hoolock#leuconedys#AMNH112670#s#v#p2#l1#M3#R_aug_soft.jpg
train,leuconedys,1,offline_augmented,Hoolock,leuconedys,AMNH112670,AMNH,p2,l1,M3,R,train/leuconedys/leuconedys_AMNH112670/Hoolock#leuconedys#AMNH112670#s#v#p2#l1#M3#R_aug_vivid.jpg
train,leuconedys,1,original,Hoolock,leuconedys,AMNH112671,AMNH,p1,l1,M2,R,train/leuconedys/leuconedys_AMNH112671/Hoolock#leuconedys#AMNH112671#s#v#p1#l1#M2#R.jpg
train,leuconedys,1,offline_augmented,Hoolock,leuconedys,AMNH112671,AMNH,p1,l1,M2,R,train/leuconedys/leuconedys_AMNH112671/Hoolock#leuconedys#AMNH112671#s#v#p1#l1#M2#R_aug_bright_sat.jpg
train,leuconedys,1,offline_augmented,Hoolock,leuconedys,AMNH112671,AMNH,p1,l1,M2,R,train/leuconedys/leuconedys_AMNH112671/Hoolock#leuconedys#AMNH112671#s#v#p1#l1#M2#R_aug_cool.jpg
train,leuconedys,1,offline_augmented,Hoolock,leuconedys,AMNH112671,AMNH,p1,l1,M2,R,train/leuconedys/leuconedys_AMNH112671/Hoolock#leuconedys#AMNH112671#s#v#p1#l1#M2#R_aug_dark_con.jpg
train,leuconedys,1,offline_augmented,Hoolock,leuconedys,AMNH112671,AMNH,p1,l1,M2,R,train/leuconedys/leuconedys_AMNH112671/Hoolock#leuconedys#AMNH112671#s#v#p1#l1#M2#R_aug_hicon.jpg
train,leuconedys,1,offline_augmented,Hoolock,leuconedys,AMNH112671,AMNH,p1,l1,M2,R,train/leuconedys/leuconedys_AMNH112671/Hoolock#leuconedys#AMNH112671#s#v#p1#l1#M2#R_aug_soft.jpg
train,leuconedys,1,original,Hoolock,leuconedys,AMNH112671,AMNH,p1,l1,M3,R,train/leuconedys/leuconedys_AMNH112671/Hoolock#leuconedys#AMNH112671#s#v#p1#l1#M3#R.jpg
train,leuconedys,1,offline_augmented,Hoolock,leuconedys,AMNH112671,AMNH,p1,l1,M3,R,train/leuconedys/leuconedys_AMNH112671/Hoolock#leuconedys#AMNH112671#s#v#p1#l1#M3#R_aug_bright_sat.jpg
train,leuconedys,1,offline_augmented,Hoolock,leuconedys,AMNH112671,AMNH,p1,l1,M3,R,train/leuconedys/leuconedys_AMNH112671/Hoolock#leuconedys#AMNH112671#s#v#p1#l1#M3#R_aug_hicon.jpg
train,leuconedys,1,offline_augmented,Hoolock,leuconedys,AMNH112671,AMNH,p1,l1,M3,R,train/leuconedys/leuconedys_AMNH112671/Hoolock#leuconedys#AMNH112671#s#v#p1#l1#M3#R_aug_soft.jpg
train,leuconedys,1,offline_augmented,Hoolock,leuconedys,AMNH112671,AMNH,p1,l1,M3,R,train/leuconedys/leuconedys_AMNH112671/Hoolock#leuconedys#AMNH112671#s#v#p1#l1#M3#R_aug_vivid.jpg
train,leuconedys,1,offline_augmented,Hoolock,leuconedys,AMNH112671,AMNH,p1,l1,M3,R,train/leuconedys/leuconedys_AMNH112671/Hoolock#leuconedys#AMNH112671#s#v#p1#l1#M3#R_aug_warm.jpg
train,leuconedys,1,original,Hoolock,leuconedys,AMNH112674,AMNH,p1,l1,M2,L,train/leuconedys/leuconedys_AMNH112674/Hoolock#leuconedys#AMNH112674#s#v#p1#l1#M2#L.jpg
train,leuconedys,1,offline_augmented,Hoolock,leuconedys,AMNH112674,AMNH,p1,l1,M2,L,train/leuconedys/leuconedys_AMNH112674/Hoolock#leuconedys#AMNH112674#s#v#p1#l1#M2#L_aug_cool.jpg
train,leuconedys,1,offline_augmented,Hoolock,leuconedys,AMNH112674,AMNH,p1,l1,M2,L,train/leuconedys/leuconedys_AMNH112674/Hoolock#leuconedys#AMNH112674#s#v#p1#l1#M2#L_aug_dark_con.jpg
train,leuconedys,1,offline_augmented,Hoolock,leuconedys,AMNH112674,AMNH,p1,l1,M2,L,train/leuconedys/leuconedys_AMNH112674/Hoolock#leuconedys#AMNH112674#s#v#p1#l1#M2#L_aug_soft.jpg
train,leuconedys,1,offline_augmented,Hoolock,leuconedys,AMNH112674,AMNH,p1,l1,M2,L,train/leuconedys/leuconedys_AMNH112674/Hoolock#leuconedys#AMNH112674#s#v#p1#l1#M2#L_aug_vivid.jpg
train,leuconedys,1,offline_augmented,Hoolock,leuconedys,AMNH112674,AMNH,p1,l1,M2,L,train/leuconedys/leuconedys_AMNH112674/Hoolock#leuconedys#AMNH112674#s#v#p1#l1#M2#L_aug_warm.jpg
train,leuconedys,1,original,Hoolock,leuconedys,AMNH112674,AMNH,p1,l1,M3,L,train/leuconedys/leuconedys_AMNH112674/Hoolock#leuconedys#AMNH112674#s#v#p1#l1#M3#L.jpg
train,leuconedys,1,offline_augmented,Hoolock,leuconedys,AMNH112674,AMNH,p1,l1,M3,L,train/leuconedys/leuconedys_AMNH112674/Hoolock#leuconedys#AMNH112674#s#v#p1#l1#M3#L_aug_bright_sat.jpg
train,leuconedys,1,offline_augmented,Hoolock,leuconedys,AMNH112674,AMNH,p1,l1,M3,L,train/leuconedys/leuconedys_AMNH112674/Hoolock#leuconedys#AMNH112674#s#v#p1#l1#M3#L_aug_hicon.jpg
train,leuconedys,1,offline_augmented,Hoolock,leuconedys,AMNH112674,AMNH,p1,l1,M3,L,train/leuconedys/leuconedys_AMNH112674/Hoolock#leuconedys#AMNH112674#s#v#p1#l1#M3#L_aug_muted.jpg
train,leuconedys,1,offline_augmented,Hoolock,leuconedys,AMNH112674,AMNH,p1,l1,M3,L,train/leuconedys/leuconedys_AMNH112674/Hoolock#leuconedys#AMNH112674#s#v#p1#l1#M3#L_aug_soft.jpg
train,leuconedys,1,offline_augmented,Hoolock,leuconedys,AMNH112674,AMNH,p1,l1,M3,L,train/leuconedys/leuconedys_AMNH112674/Hoolock#leuconedys#AMNH112674#s#v#p1#l1#M3#L_aug_vivid.jpg
train,leuconedys,1,original,Hoolock,leuconedys,AMNH112674,AMNH,p2,l1,M3,L,train/leuconedys/leuconedys_AMNH112674/Hoolock#leuconedys#AMNH112674#s#v#p2#l1#M3#L.jpg
train,leuconedys,1,offline_augmented,Hoolock,leuconedys,AMNH112674,AMNH,p2,l1,M3,L,train/leuconedys/leuconedys_AMNH112674/Hoolock#leuconedys#AMNH112674#s#v#p2#l1#M3#L_aug_bright_sat.jpg
train,leuconedys,1,offline_augmented,Hoolock,leuconedys,AMNH112674,AMNH,p2,l1,M3,L,train/leuconedys/leuconedys_AMNH112674/Hoolock#leuconedys#AMNH112674#s#v#p2#l1#M3#L_aug_cool.jpg
train,leuconedys,1,offline_augmented,Hoolock,leuconedys,AMNH112674,AMNH,p2,l1,M3,L,train/leuconedys/leuconedys_AMNH112674/Hoolock#leuconedys#AMNH112674#s#v#p2#l1#M3#L_aug_dark_con.jpg
train,leuconedys,1,offline_augmented,Hoolock,leuconedys,AMNH112674,AMNH,p2,l1,M3,L,train/leuconedys/leuconedys_AMNH112674/Hoolock#leuconedys#AMNH112674#s#v#p2#l1#M3#L_aug_soft.jpg
train,leuconedys,1,offline_augmented,Hoolock,leuconedys,AMNH112674,AMNH,p2,l1,M3,L,train/leuconedys/leuconedys_AMNH112674/Hoolock#leuconedys#AMNH112674#s#v#p2#l1#M3#L_aug_warm.jpg
train,leuconedys,1,original,Hoolock,leuconedys,AMNH112679,AMNH,p1,l1,M1,L,train/leuconedys/leuconedys_AMNH112679/Hoolock#leuconedys#AMNH112679#s#v#p1#l1#M1#L.jpg
train,leuconedys,1,offline_augmented,Hoolock,leuconedys,AMNH112679,AMNH,p1,l1,M1,L,train/leuconedys/leuconedys_AMNH112679/Hoolock#leuconedys#AMNH112679#s#v#p1#l1#M1#L_aug_bright_sat.jpg
train,leuconedys,1,offline_augmented,Hoolock,leuconedys,AMNH112679,AMNH,p1,l1,M1,L,train/leuconedys/leuconedys_AMNH112679/Hoolock#leuconedys#AMNH112679#s#v#p1#l1#M1#L_aug_cool.jpg
train,leuconedys,1,offline_augmented,Hoolock,leuconedys,AMNH112679,AMNH,p1,l1,M1,L,train/leuconedys/leuconedys_AMNH112679/Hoolock#leuconedys#AMNH112679#s#v#p1#l1#M1#L_aug_dark_con.jpg
train,leuconedys,1,offline_augmented,Hoolock,leuconedys,AMNH112679,AMNH,p1,l1,M1,L,train/leuconedys/leuconedys_AMNH112679/Hoolock#leuconedys#AMNH112679#s#v#p1#l1#M1#L_aug_soft.jpg
train,leuconedys,1,offline_augmented,Hoolock,leuconedys,AMNH112679,AMNH,p1,l1,M1,L,train/leuconedys/leuconedys_AMNH112679/Hoolock#leuconedys#AMNH112679#s#v#p1#l1#M1#L_aug_warm.jpg
train,leuconedys,1,original,Hoolock,leuconedys,AMNH112679,AMNH,p1,l1,M2,L,train/leuconedys/leuconedys_AMNH112679/Hoolock#leuconedys#AMNH112679#s#v#p1#l1#M2#L.jpg
train,leuconedys,1,offline_augmented,Hoolock,leuconedys,AMNH112679,AMNH,p1,l1,M2,L,train/leuconedys/leuconedys_AMNH112679/Hoolock#leuconedys#AMNH112679#s#v#p1#l1#M2#L_aug_bright_sat.jpg
train,leuconedys,1,offline_augmented,Hoolock,leuconedys,AMNH112679,AMNH,p1,l1,M2,L,train/leuconedys/leuconedys_AMNH112679/Hoolock#leuconedys#AMNH112679#s#v#p1#l1#M2#L_aug_cool.jpg
train,leuconedys,1,offline_augmented,Hoolock,leuconedys,AMNH112679,AMNH,p1,l1,M2,L,train/leuconedys/leuconedys_AMNH112679/Hoolock#leuconedys#AMNH112679#s#v#p1#l1#M2#L_aug_dark_con.jpg
train,leuconedys,1,offline_augmented,Hoolock,leuconedys,AMNH112679,AMNH,p1,l1,M2,L,train/leuconedys/leuconedys_AMNH112679/Hoolock#leuconedys#AMNH112679#s#v#p1#l1#M2#L_aug_vivid.jpg
train,leuconedys,1,offline_augmented,Hoolock,leuconedys,AMNH112679,AMNH,p1,l1,M2,L,train/leuconedys/leuconedys_AMNH112679/Hoolock#leuconedys#AMNH112679#s#v#p1#l1#M2#L_aug_warm.jpg
train,leuconedys,1,original,Hoolock,leuconedys,AMNH112679,AMNH,p2,l1,M1,L,train/leuconedys/leuconedys_AMNH112679/Hoolock#leuconedys#AMNH112679#s#v#p2#l1#M1#L.jpg
train,leuconedys,1,offline_augmented,Hoolock,leuconedys,AMNH112679,AMNH,p2,l1,M1,L,train/leuconedys/leuconedys_AMNH112679/Hoolock#leuconedys#AMNH112679#s#v#p2#l1#M1#L_aug_bright_sat.jpg
train,leuconedys,1,offline_augmented,Hoolock,leuconedys,AMNH112679,AMNH,p2,l1,M1,L,train/leuconedys/leuconedys_AMNH112679/Hoolock#leuconedys#AMNH112679#s#v#p2#l1#M1#L_aug_dark_con.jpg
train,leuconedys,1,offline_augmented,Hoolock,leuconedys,AMNH112679,AMNH,p2,l1,M1,L,train/leuconedys/leuconedys_AMNH112679/Hoolock#leuconedys#AMNH112679#s#v#p2#l1#M1#L_aug_hicon.jpg
train,leuconedys,1,offline_augmented,Hoolock,leuconedys,AMNH112679,AMNH,p2,l1,M1,L,train/leuconedys/leuconedys_AMNH112679/Hoolock#leuconedys#AMNH112679#s#v#p2#l1#M1#L_aug_muted.jpg
train,leuconedys,1,offline_augmented,Hoolock,leuconedys,AMNH112679,AMNH,p2,l1,M1,L,train/leuconedys/leuconedys_AMNH112679/Hoolock#leuconedys#AMNH112679#s#v#p2#l1#M1#L_aug_warm.jpg
train,leuconedys,1,original,Hoolock,leuconedys,AMNH112679,AMNH,p2,l1,M2,L,train/leuconedys/leuconedys_AMNH112679/Hoolock#leuconedys#AMNH112679#s#v#p2#l1#M2#L.jpg
train,leuconedys,1,offline_augmented,Hoolock,leuconedys,AMNH112679,AMNH,p2,l1,M2,L,train/leuconedys/leuconedys_AMNH112679/Hoolock#leuconedys#AMNH112679#s#v#p2#l1#M2#L_aug_bright_sat.jpg
train,leuconedys,1,offline_augmented,Hoolock,leuconedys,AMNH112679,AMNH,p2,l1,M2,L,train/leuconedys/leuconedys_AMNH112679/Hoolock#leuconedys#AMNH112679#s#v#p2#l1#M2#L_aug_cool.jpg
train,leuconedys,1,offline_augmented,Hoolock,leuconedys,AMNH112679,AMNH,p2,l1,M2,L,train/leuconedys/leuconedys_AMNH112679/Hoolock#leuconedys#AMNH112679#s#v#p2#l1#M2#L_aug_dark_con.jpg
train,leuconedys,1,offline_augmented,Hoolock,leuconedys,AMNH112679,AMNH,p2,l1,M2,L,train/leuconedys/leuconedys_AMNH112679/Hoolock#leuconedys#AMNH112679#s#v#p2#l1#M2#L_aug_hicon.jpg
train,leuconedys,1,offline_augmented,Hoolock,leuconedys,AMNH112679,AMNH,p2,l1,M2,L,train/leuconedys/leuconedys_AMNH112679/Hoolock#leuconedys#AMNH112679#s#v#p2#l1#M2#L_aug_muted.jpg
train,leuconedys,1,original,Hoolock,leuconedys,AMNH112679,AMNH,p2,l1,M3,L,train/leuconedys/leuconedys_AMNH112679/Hoolock#leuconedys#AMNH112679#s#v#p2#l1#M3#L.jpg
train,leuconedys,1,offline_augmented,Hoolock,leuconedys,AMNH112679,AMNH,p2,l1,M3,L,train/leuconedys/leuconedys_AMNH112679/Hoolock#leuconedys#AMNH112679#s#v#p2#l1#M3#L_aug_bright_sat.jpg
train,leuconedys,1,offline_augmented,Hoolock,leuconedys,AMNH112679,AMNH,p2,l1,M3,L,train/leuconedys/leuconedys_AMNH112679/Hoolock#leuconedys#AMNH112679#s#v#p2#l1#M3#L_aug_hicon.jpg
train,leuconedys,1,offline_augmented,Hoolock,leuconedys,AMNH112679,AMNH,p2,l1,M3,L,train/leuconedys/leuconedys_AMNH112679/Hoolock#leuconedys#AMNH112679#s#v#p2#l1#M3#L_aug_muted.jpg
train,leuconedys,1,offline_augmented,Hoolock,leuconedys,AMNH112679,AMNH,p2,l1,M3,L,train/leuconedys/leuconedys_AMNH112679/Hoolock#leuconedys#AMNH112679#s#v#p2#l1#M3#L_aug_soft.jpg
train,leuconedys,1,offline_augmented,Hoolock,leuconedys,AMNH112679,AMNH,p2,l1,M3,L,train/leuconedys/leuconedys_AMNH112679/Hoolock#leuconedys#AMNH112679#s#v#p2#l1#M3#L_aug_warm.jpg
train,leuconedys,1,original,Hoolock,leuconedys,AMNH112679,AMNH,p3,l1,M3,L,train/leuconedys/leuconedys_AMNH112679/Hoolock#leuconedys#AMNH112679#s#v#p3#l1#M3#L.jpg
train,leuconedys,1,offline_augmented,Hoolock,leuconedys,AMNH112679,AMNH,p3,l1,M3,L,train/leuconedys/leuconedys_AMNH112679/Hoolock#leuconedys#AMNH112679#s#v#p3#l1#M3#L_aug_cool.jpg
train,leuconedys,1,offline_augmented,Hoolock,leuconedys,AMNH112679,AMNH,p3,l1,M3,L,train/leuconedys/leuconedys_AMNH112679/Hoolock#leuconedys#AMNH112679#s#v#p3#l1#M3#L_aug_muted.jpg
train,leuconedys,1,offline_augmented,Hoolock,leuconedys,AMNH112679,AMNH,p3,l1,M3,L,train/leuconedys/leuconedys_AMNH112679/Hoolock#leuconedys#AMNH112679#s#v#p3#l1#M3#L_aug_soft.jpg
train,leuconedys,1,offline_augmented,Hoolock,leuconedys,AMNH112679,AMNH,p3,l1,M3,L,train/leuconedys/leuconedys_AMNH112679/Hoolock#leuconedys#AMNH112679#s#v#p3#l1#M3#L_aug_vivid.jpg
train,leuconedys,1,offline_augmented,Hoolock,leuconedys,AMNH112679,AMNH,p3,l1,M3,L,train/leuconedys/leuconedys_AMNH112679/Hoolock#leuconedys#AMNH112679#s#v#p3#l1#M3#L_aug_warm.jpg
train,leuconedys,1,original,Hoolock,leuconedys,AMNH112680,AMNH,p1,l1,M2,R,train/leuconedys/leuconedys_AMNH112680/Hoolock#leuconedys#AMNH112680#s#v#p1#l1#M2#R.jpg
train,leuconedys,1,offline_augmented,Hoolock,leuconedys,AMNH112680,AMNH,p1,l1,M2,R,train/leuconedys/leuconedys_AMNH112680/Hoolock#leuconedys#AMNH112680#s#v#p1#l1#M2#R_aug_dark_con.jpg
train,leuconedys,1,offline_augmented,Hoolock,leuconedys,AMNH112680,AMNH,p1,l1,M2,R,train/leuconedys/leuconedys_AMNH112680/Hoolock#leuconedys#AMNH112680#s#v#p1#l1#M2#R_aug_hicon.jpg
train,leuconedys,1,offline_augmented,Hoolock,leuconedys,AMNH112680,AMNH,p1,l1,M2,R,train/leuconedys/leuconedys_AMNH112680/Hoolock#leuconedys#AMNH112680#s#v#p1#l1#M2#R_aug_muted.jpg
train,leuconedys,1,offline_augmented,Hoolock,leuconedys,AMNH112680,AMNH,p1,l1,M2,R,train/leuconedys/leuconedys_AMNH112680/Hoolock#leuconedys#AMNH112680#s#v#p1#l1#M2#R_aug_vivid.jpg
train,leuconedys,1,offline_augmented,Hoolock,leuconedys,AMNH112680,AMNH,p1,l1,M2,R,train/leuconedys/leuconedys_AMNH112680/Hoolock#leuconedys#AMNH112680#s#v#p1#l1#M2#R_aug_warm.jpg
train,leuconedys,1,original,Hoolock,leuconedys,AMNH112680,AMNH,p1,l1,M3,R,train/leuconedys/leuconedys_AMNH112680/Hoolock#leuconedys#AMNH112680#s#v#p1#l1#M3#R.jpg
train,leuconedys,1,offline_augmented,Hoolock,leuconedys,AMNH112680,AMNH,p1,l1,M3,R,train/leuconedys/leuconedys_AMNH112680/Hoolock#leuconedys#AMNH112680#s#v#p1#l1#M3#R_aug_bright_sat.jpg
train,leuconedys,1,offline_augmented,Hoolock,leuconedys,AMNH112680,AMNH,p1,l1,M3,R,train/leuconedys/leuconedys_AMNH112680/Hoolock#leuconedys#AMNH112680#s#v#p1#l1#M3#R_aug_dark_con.jpg
train,leuconedys,1,offline_augmented,Hoolock,leuconedys,AMNH112680,AMNH,p1,l1,M3,R,train/leuconedys/leuconedys_AMNH112680/Hoolock#leuconedys#AMNH112680#s#v#p1#l1#M3#R_aug_muted.jpg
train,leuconedys,1,offline_augmented,Hoolock,leuconedys,AMNH112680,AMNH,p1,l1,M3,R,train/leuconedys/leuconedys_AMNH112680/Hoolock#leuconedys#AMNH112680#s#v#p1#l1#M3#R_aug_soft.jpg
train,leuconedys,1,offline_augmented,Hoolock,leuconedys,AMNH112680,AMNH,p1,l1,M3,R,train/leuconedys/leuconedys_AMNH112680/Hoolock#leuconedys#AMNH112680#s#v#p1#l1#M3#R_aug_vivid.jpg
train,leuconedys,1,original,Hoolock,leuconedys,AMNH112680,AMNH,p2,l1,M3,R,train/leuconedys/leuconedys_AMNH112680/Hoolock#leuconedys#AMNH112680#s#v#p2#l1#M3#R.jpg
train,leuconedys,1,offline_augmented,Hoolock,leuconedys,AMNH112680,AMNH,p2,l1,M3,R,train/leuconedys/leuconedys_AMNH112680/Hoolock#leuconedys#AMNH112680#s#v#p2#l1#M3#R_aug_cool.jpg
train,leuconedys,1,offline_augmented,Hoolock,leuconedys,AMNH112680,AMNH,p2,l1,M3,R,train/leuconedys/leuconedys_AMNH112680/Hoolock#leuconedys#AMNH112680#s#v#p2#l1#M3#R_aug_dark_con.jpg
train,leuconedys,1,offline_augmented,Hoolock,leuconedys,AMNH112680,AMNH,p2,l1,M3,R,train/leuconedys/leuconedys_AMNH112680/Hoolock#leuconedys#AMNH112680#s#v#p2#l1#M3#R_aug_hicon.jpg
train,leuconedys,1,offline_augmented,Hoolock,leuconedys,AMNH112680,AMNH,p2,l1,M3,R,train/leuconedys/leuconedys_AMNH112680/Hoolock#leuconedys#AMNH112680#s#v#p2#l1#M3#R_aug_muted.jpg
train,leuconedys,1,offline_augmented,Hoolock,leuconedys,AMNH112680,AMNH,p2,l1,M3,R,train/leuconedys/leuconedys_AMNH112680/Hoolock#leuconedys#AMNH112680#s#v#p2#l1#M3#R_aug_soft.jpg
train,leuconedys,1,original,Hoolock,leuconedys,AMNH112681,AMNH,p1,l1,M1,R,train/leuconedys/leuconedys_AMNH112681/Hoolock#leuconedys#AMNH112681#s#v#p1#l1#M1#R#A.jpg
train,leuconedys,1,offline_augmented,Hoolock,leuconedys,AMNH112681,AMNH,p1,l1,M1,R,train/leuconedys/leuconedys_AMNH112681/Hoolock#leuconedys#AMNH112681#s#v#p1#l1#M1#R#A_aug_bright_sat.jpg
train,leuconedys,1,offline_augmented,Hoolock,leuconedys,AMNH112681,AMNH,p1,l1,M1,R,train/leuconedys/leuconedys_AMNH112681/Hoolock#leuconedys#AMNH112681#s#v#p1#l1#M1#R#A_aug_dark_con.jpg
train,leuconedys,1,offline_augmented,Hoolock,leuconedys,AMNH112681,AMNH,p1,l1,M1,R,train/leuconedys/leuconedys_AMNH112681/Hoolock#leuconedys#AMNH112681#s#v#p1#l1#M1#R#A_aug_hicon.jpg
train,leuconedys,1,offline_augmented,Hoolock,leuconedys,AMNH112681,AMNH,p1,l1,M1,R,train/leuconedys/leuconedys_AMNH112681/Hoolock#leuconedys#AMNH112681#s#v#p1#l1#M1#R#A_aug_soft.jpg
train,leuconedys,1,offline_augmented,Hoolock,leuconedys,AMNH112681,AMNH,p1,l1,M1,R,train/leuconedys/leuconedys_AMNH112681/Hoolock#leuconedys#AMNH112681#s#v#p1#l1#M1#R#A_aug_warm.jpg
train,leuconedys,1,original,Hoolock,leuconedys,AMNH112681,AMNH,p1,l1,M2,R,train/leuconedys/leuconedys_AMNH112681/Hoolock#leuconedys#AMNH112681#s#v#p1#l1#M2#R.jpg
train,leuconedys,1,offline_augmented,Hoolock,leuconedys,AMNH112681,AMNH,p1,l1,M2,R,train/leuconedys/leuconedys_AMNH112681/Hoolock#leuconedys#AMNH112681#s#v#p1#l1#M2#R_aug_cool.jpg
train,leuconedys,1,offline_augmented,Hoolock,leuconedys,AMNH112681,AMNH,p1,l1,M2,R,train/leuconedys/leuconedys_AMNH112681/Hoolock#leuconedys#AMNH112681#s#v#p1#l1#M2#R_aug_dark_con.jpg
train,leuconedys,1,offline_augmented,Hoolock,leuconedys,AMNH112681,AMNH,p1,l1,M2,R,train/leuconedys/leuconedys_AMNH112681/Hoolock#leuconedys#AMNH112681#s#v#p1#l1#M2#R_aug_hicon.jpg
train,leuconedys,1,offline_augmented,Hoolock,leuconedys,AMNH112681,AMNH,p1,l1,M2,R,train/leuconedys/leuconedys_AMNH112681/Hoolock#leuconedys#AMNH112681#s#v#p1#l1#M2#R_aug_muted.jpg
train,leuconedys,1,offline_augmented,Hoolock,leuconedys,AMNH112681,AMNH,p1,l1,M2,R,train/leuconedys/leuconedys_AMNH112681/Hoolock#leuconedys#AMNH112681#s#v#p1#l1#M2#R_aug_soft.jpg
train,leuconedys,1,original,Hoolock,leuconedys,AMNH112681,AMNH,p2,l1,M2,R,train/leuconedys/leuconedys_AMNH112681/Hoolock#leuconedys#AMNH112681#s#v#p2#l1#M2#R.jpg
train,leuconedys,1,offline_augmented,Hoolock,leuconedys,AMNH112681,AMNH,p2,l1,M2,R,train/leuconedys/leuconedys_AMNH112681/Hoolock#leuconedys#AMNH112681#s#v#p2#l1#M2#R_aug_bright_sat.jpg
train,leuconedys,1,offline_augmented,Hoolock,leuconedys,AMNH112681,AMNH,p2,l1,M2,R,train/leuconedys/leuconedys_AMNH112681/Hoolock#leuconedys#AMNH112681#s#v#p2#l1#M2#R_aug_cool.jpg
train,leuconedys,1,offline_augmented,Hoolock,leuconedys,AMNH112681,AMNH,p2,l1,M2,R,train/leuconedys/leuconedys_AMNH112681/Hoolock#leuconedys#AMNH112681#s#v#p2#l1#M2#R_aug_dark_con.jpg
train,leuconedys,1,offline_augmented,Hoolock,leuconedys,AMNH112681,AMNH,p2,l1,M2,R,train/leuconedys/leuconedys_AMNH112681/Hoolock#leuconedys#AMNH112681#s#v#p2#l1#M2#R_aug_hicon.jpg
train,leuconedys,1,offline_augmented,Hoolock,leuconedys,AMNH112681,AMNH,p2,l1,M2,R,train/leuconedys/leuconedys_AMNH112681/Hoolock#leuconedys#AMNH112681#s#v#p2#l1#M2#R_aug_muted.jpg
train,leuconedys,1,original,Hoolock,leuconedys,AMNH112681,AMNH,p3,l1,M2,R,train/leuconedys/leuconedys_AMNH112681/Hoolock#leuconedys#AMNH112681#s#v#p3#l1#M2#R.jpg
train,leuconedys,1,offline_augmented,Hoolock,leuconedys,AMNH112681,AMNH,p3,l1,M2,R,train/leuconedys/leuconedys_AMNH112681/Hoolock#leuconedys#AMNH112681#s#v#p3#l1#M2#R_aug_hicon.jpg
train,leuconedys,1,offline_augmented,Hoolock,leuconedys,AMNH112681,AMNH,p3,l1,M2,R,train/leuconedys/leuconedys_AMNH112681/Hoolock#leuconedys#AMNH112681#s#v#p3#l1#M2#R_aug_muted.jpg
train,leuconedys,1,offline_augmented,Hoolock,leuconedys,AMNH112681,AMNH,p3,l1,M2,R,train/leuconedys/leuconedys_AMNH112681/Hoolock#leuconedys#AMNH112681#s#v#p3#l1#M2#R_aug_soft.jpg
train,leuconedys,1,offline_augmented,Hoolock,leuconedys,AMNH112681,AMNH,p3,l1,M2,R,train/leuconedys/leuconedys_AMNH112681/Hoolock#leuconedys#AMNH112681#s#v#p3#l1#M2#R_aug_vivid.jpg
train,leuconedys,1,offline_augmented,Hoolock,leuconedys,AMNH112681,AMNH,p3,l1,M2,R,train/leuconedys/leuconedys_AMNH112681/Hoolock#leuconedys#AMNH112681#s#v#p3#l1#M2#R_aug_warm.jpg
train,leuconedys,1,original,Hoolock,leuconedys,AMNH112681,AMNH,p3,l1,M3,R,train/leuconedys/leuconedys_AMNH112681/Hoolock#leuconedys#AMNH112681#s#v#p3#l1#M3#R.jpg
train,leuconedys,1,offline_augmented,Hoolock,leuconedys,AMNH112681,AMNH,p3,l1,M3,R,train/leuconedys/leuconedys_AMNH112681/Hoolock#leuconedys#AMNH112681#s#v#p3#l1#M3#R_aug_bright_sat.jpg
train,leuconedys,1,offline_augmented,Hoolock,leuconedys,AMNH112681,AMNH,p3,l1,M3,R,train/leuconedys/leuconedys_AMNH112681/Hoolock#leuconedys#AMNH112681#s#v#p3#l1#M3#R_aug_dark_con.jpg
train,leuconedys,1,offline_augmented,Hoolock,leuconedys,AMNH112681,AMNH,p3,l1,M3,R,train/leuconedys/leuconedys_AMNH112681/Hoolock#leuconedys#AMNH112681#s#v#p3#l1#M3#R_aug_soft.jpg
train,leuconedys,1,offline_augmented,Hoolock,leuconedys,AMNH112681,AMNH,p3,l1,M3,R,train/leuconedys/leuconedys_AMNH112681/Hoolock#leuconedys#AMNH112681#s#v#p3#l1#M3#R_aug_vivid.jpg
train,leuconedys,1,offline_augmented,Hoolock,leuconedys,AMNH112681,AMNH,p3,l1,M3,R,train/leuconedys/leuconedys_AMNH112681/Hoolock#leuconedys#AMNH112681#s#v#p3#l1#M3#R_aug_warm.jpg
train,leuconedys,1,original,Hoolock,leuconedys,AMNH112684,AMNH,p1,l1,M2,L,train/leuconedys/leuconedys_AMNH112684/Hoolock#leuconedys#AMNH112684#s#v#p1#l1#M2#L.jpg
train,leuconedys,1,offline_augmented,Hoolock,leuconedys,AMNH112684,AMNH,p1,l1,M2,L,train/leuconedys/leuconedys_AMNH112684/Hoolock#leuconedys#AMNH112684#s#v#p1#l1#M2#L_aug_cool.jpg
train,leuconedys,1,offline_augmented,Hoolock,leuconedys,AMNH112684,AMNH,p1,l1,M2,L,train/leuconedys/leuconedys_AMNH112684/Hoolock#leuconedys#AMNH112684#s#v#p1#l1#M2#L_aug_dark_con.jpg
train,leuconedys,1,offline_augmented,Hoolock,leuconedys,AMNH112684,AMNH,p1,l1,M2,L,train/leuconedys/leuconedys_AMNH112684/Hoolock#leuconedys#AMNH112684#s#v#p1#l1#M2#L_aug_hicon.jpg
train,leuconedys,1,offline_augmented,Hoolock,leuconedys,AMNH112684,AMNH,p1,l1,M2,L,train/leuconedys/leuconedys_AMNH112684/Hoolock#leuconedys#AMNH112684#s#v#p1#l1#M2#L_aug_soft.jpg
train,leuconedys,1,offline_augmented,Hoolock,leuconedys,AMNH112684,AMNH,p1,l1,M2,L,train/leuconedys/leuconedys_AMNH112684/Hoolock#leuconedys#AMNH112684#s#v#p1#l1#M2#L_aug_vivid.jpg
train,leuconedys,1,original,Hoolock,leuconedys,AMNH112684,AMNH,p1,l1,M3,L,train/leuconedys/leuconedys_AMNH112684/Hoolock#leuconedys#AMNH112684#s#v#p1#l1#M3#L#B.jpg
train,leuconedys,1,offline_augmented,Hoolock,leuconedys,AMNH112684,AMNH,p1,l1,M3,L,train/leuconedys/leuconedys_AMNH112684/Hoolock#leuconedys#AMNH112684#s#v#p1#l1#M3#L#B_aug_cool.jpg
train,leuconedys,1,offline_augmented,Hoolock,leuconedys,AMNH112684,AMNH,p1,l1,M3,L,train/leuconedys/leuconedys_AMNH112684/Hoolock#leuconedys#AMNH112684#s#v#p1#l1#M3#L#B_aug_hicon.jpg
train,leuconedys,1,offline_augmented,Hoolock,leuconedys,AMNH112684,AMNH,p1,l1,M3,L,train/leuconedys/leuconedys_AMNH112684/Hoolock#leuconedys#AMNH112684#s#v#p1#l1#M3#L#B_aug_soft.jpg
train,leuconedys,1,offline_augmented,Hoolock,leuconedys,AMNH112684,AMNH,p1,l1,M3,L,train/leuconedys/leuconedys_AMNH112684/Hoolock#leuconedys#AMNH112684#s#v#p1#l1#M3#L#B_aug_vivid.jpg
train,leuconedys,1,offline_augmented,Hoolock,leuconedys,AMNH112684,AMNH,p1,l1,M3,L,train/leuconedys/leuconedys_AMNH112684/Hoolock#leuconedys#AMNH112684#s#v#p1#l1#M3#L#B_aug_warm.jpg
train,leuconedys,1,original,Hoolock,leuconedys,AMNH112684,AMNH,p2,l1,M2,R,train/leuconedys/leuconedys_AMNH112684/Hoolock#leuconedys#AMNH112684#s#v#p2#l1#M2#R.jpg
train,leuconedys,1,offline_augmented,Hoolock,leuconedys,AMNH112684,AMNH,p2,l1,M2,R,train/leuconedys/leuconedys_AMNH112684/Hoolock#leuconedys#AMNH112684#s#v#p2#l1#M2#R_aug_cool.jpg
train,leuconedys,1,offline_augmented,Hoolock,leuconedys,AMNH112684,AMNH,p2,l1,M2,R,train/leuconedys/leuconedys_AMNH112684/Hoolock#leuconedys#AMNH112684#s#v#p2#l1#M2#R_aug_dark_con.jpg
train,leuconedys,1,offline_augmented,Hoolock,leuconedys,AMNH112684,AMNH,p2,l1,M2,R,train/leuconedys/leuconedys_AMNH112684/Hoolock#leuconedys#AMNH112684#s#v#p2#l1#M2#R_aug_muted.jpg
train,leuconedys,1,offline_augmented,Hoolock,leuconedys,AMNH112684,AMNH,p2,l1,M2,R,train/leuconedys/leuconedys_AMNH112684/Hoolock#leuconedys#AMNH112684#s#v#p2#l1#M2#R_aug_soft.jpg
train,leuconedys,1,offline_augmented,Hoolock,leuconedys,AMNH112684,AMNH,p2,l1,M2,R,train/leuconedys/leuconedys_AMNH112684/Hoolock#leuconedys#AMNH112684#s#v#p2#l1#M2#R_aug_warm.jpg
train,leuconedys,1,original,Hoolock,leuconedys,AMNH112684,AMNH,p2,l1,M3,R,train/leuconedys/leuconedys_AMNH112684/Hoolock#leuconedys#AMNH112684#s#v#p2#l1#M3#R#B.jpg
train,leuconedys,1,offline_augmented,Hoolock,leuconedys,AMNH112684,AMNH,p2,l1,M3,R,train/leuconedys/leuconedys_AMNH112684/Hoolock#leuconedys#AMNH112684#s#v#p2#l1#M3#R#B_aug_dark_con.jpg
train,leuconedys,1,offline_augmented,Hoolock,leuconedys,AMNH112684,AMNH,p2,l1,M3,R,train/leuconedys/leuconedys_AMNH112684/Hoolock#leuconedys#AMNH112684#s#v#p2#l1#M3#R#B_aug_hicon.jpg
train,leuconedys,1,offline_augmented,Hoolock,leuconedys,AMNH112684,AMNH,p2,l1,M3,R,train/leuconedys/leuconedys_AMNH112684/Hoolock#leuconedys#AMNH112684#s#v#p2#l1#M3#R#B_aug_soft.jpg
train,leuconedys,1,offline_augmented,Hoolock,leuconedys,AMNH112684,AMNH,p2,l1,M3,R,train/leuconedys/leuconedys_AMNH112684/Hoolock#leuconedys#AMNH112684#s#v#p2#l1#M3#R#B_aug_vivid.jpg
train,leuconedys,1,offline_augmented,Hoolock,leuconedys,AMNH112684,AMNH,p2,l1,M3,R,train/leuconedys/leuconedys_AMNH112684/Hoolock#leuconedys#AMNH112684#s#v#p2#l1#M3#R#B_aug_warm.jpg
train,leuconedys,1,original,Hoolock,leuconedys,AMNH112685,AMNH,p1,l1,M2,R,train/leuconedys/leuconedys_AMNH112685/Hoolock#leuconedys#AMNH112685#s#v#p1#l1#M2#R.jpg
train,leuconedys,1,offline_augmented,Hoolock,leuconedys,AMNH112685,AMNH,p1,l1,M2,R,train/leuconedys/leuconedys_AMNH112685/Hoolock#leuconedys#AMNH112685#s#v#p1#l1#M2#R_aug_bright_sat.jpg
train,leuconedys,1,offline_augmented,Hoolock,leuconedys,AMNH112685,AMNH,p1,l1,M2,R,train/leuconedys/leuconedys_AMNH112685/Hoolock#leuconedys#AMNH112685#s#v#p1#l1#M2#R_aug_cool.jpg
train,leuconedys,1,offline_augmented,Hoolock,leuconedys,AMNH112685,AMNH,p1,l1,M2,R,train/leuconedys/leuconedys_AMNH112685/Hoolock#leuconedys#AMNH112685#s#v#p1#l1#M2#R_aug_hicon.jpg
train,leuconedys,1,offline_augmented,Hoolock,leuconedys,AMNH112685,AMNH,p1,l1,M2,R,train/leuconedys/leuconedys_AMNH112685/Hoolock#leuconedys#AMNH112685#s#v#p1#l1#M2#R_aug_vivid.jpg
train,leuconedys,1,offline_augmented,Hoolock,leuconedys,AMNH112685,AMNH,p1,l1,M2,R,train/leuconedys/leuconedys_AMNH112685/Hoolock#leuconedys#AMNH112685#s#v#p1#l1#M2#R_aug_warm.jpg
train,leuconedys,1,original,Hoolock,leuconedys,AMNH112685,AMNH,p2,l1,M1,R,train/leuconedys/leuconedys_AMNH112685/Hoolock#leuconedys#AMNH112685#s#v#p2#l1#M1#R.jpg
train,leuconedys,1,offline_augmented,Hoolock,leuconedys,AMNH112685,AMNH,p2,l1,M1,R,train/leuconedys/leuconedys_AMNH112685/Hoolock#leuconedys#AMNH112685#s#v#p2#l1#M1#R_aug_bright_sat.jpg
train,leuconedys,1,offline_augmented,Hoolock,leuconedys,AMNH112685,AMNH,p2,l1,M1,R,train/leuconedys/leuconedys_AMNH112685/Hoolock#leuconedys#AMNH112685#s#v#p2#l1#M1#R_aug_hicon.jpg
train,leuconedys,1,offline_augmented,Hoolock,leuconedys,AMNH112685,AMNH,p2,l1,M1,R,train/leuconedys/leuconedys_AMNH112685/Hoolock#leuconedys#AMNH112685#s#v#p2#l1#M1#R_aug_muted.jpg
train,leuconedys,1,offline_augmented,Hoolock,leuconedys,AMNH112685,AMNH,p2,l1,M1,R,train/leuconedys/leuconedys_AMNH112685/Hoolock#leuconedys#AMNH112685#s#v#p2#l1#M1#R_aug_soft.jpg
train,leuconedys,1,offline_augmented,Hoolock,leuconedys,AMNH112685,AMNH,p2,l1,M1,R,train/leuconedys/leuconedys_AMNH112685/Hoolock#leuconedys#AMNH112685#s#v#p2#l1#M1#R_aug_warm.jpg
train,leuconedys,1,original,Hoolock,leuconedys,AMNH112685,AMNH,p2,l1,M2,R,train/leuconedys/leuconedys_AMNH112685/Hoolock#leuconedys#AMNH112685#s#v#p2#l1#M2#R.jpg
train,leuconedys,1,offline_augmented,Hoolock,leuconedys,AMNH112685,AMNH,p2,l1,M2,R,train/leuconedys/leuconedys_AMNH112685/Hoolock#leuconedys#AMNH112685#s#v#p2#l1#M2#R_aug_bright_sat.jpg
train,leuconedys,1,offline_augmented,Hoolock,leuconedys,AMNH112685,AMNH,p2,l1,M2,R,train/leuconedys/leuconedys_AMNH112685/Hoolock#leuconedys#AMNH112685#s#v#p2#l1#M2#R_aug_muted.jpg
train,leuconedys,1,offline_augmented,Hoolock,leuconedys,AMNH112685,AMNH,p2,l1,M2,R,train/leuconedys/leuconedys_AMNH112685/Hoolock#leuconedys#AMNH112685#s#v#p2#l1#M2#R_aug_soft.jpg
train,leuconedys,1,offline_augmented,Hoolock,leuconedys,AMNH112685,AMNH,p2,l1,M2,R,train/leuconedys/leuconedys_AMNH112685/Hoolock#leuconedys#AMNH112685#s#v#p2#l1#M2#R_aug_vivid.jpg
train,leuconedys,1,offline_augmented,Hoolock,leuconedys,AMNH112685,AMNH,p2,l1,M2,R,train/leuconedys/leuconedys_AMNH112685/Hoolock#leuconedys#AMNH112685#s#v#p2#l1#M2#R_aug_warm.jpg
train,leuconedys,1,original,Hoolock,leuconedys,AMNH112687,AMNH,p1,l1,M1,L,train/leuconedys/leuconedys_AMNH112687/Hoolock#leuconedys#AMNH112687#s#v#p1#l1#M1#L.jpg
train,leuconedys,1,offline_augmented,Hoolock,leuconedys,AMNH112687,AMNH,p1,l1,M1,L,train/leuconedys/leuconedys_AMNH112687/Hoolock#leuconedys#AMNH112687#s#v#p1#l1#M1#L_aug_cool.jpg
train,leuconedys,1,offline_augmented,Hoolock,leuconedys,AMNH112687,AMNH,p1,l1,M1,L,train/leuconedys/leuconedys_AMNH112687/Hoolock#leuconedys#AMNH112687#s#v#p1#l1#M1#L_aug_dark_con.jpg
train,leuconedys,1,offline_augmented,Hoolock,leuconedys,AMNH112687,AMNH,p1,l1,M1,L,train/leuconedys/leuconedys_AMNH112687/Hoolock#leuconedys#AMNH112687#s#v#p1#l1#M1#L_aug_hicon.jpg
train,leuconedys,1,offline_augmented,Hoolock,leuconedys,AMNH112687,AMNH,p1,l1,M1,L,train/leuconedys/leuconedys_AMNH112687/Hoolock#leuconedys#AMNH112687#s#v#p1#l1#M1#L_aug_muted.jpg
train,leuconedys,1,offline_augmented,Hoolock,leuconedys,AMNH112687,AMNH,p1,l1,M1,L,train/leuconedys/leuconedys_AMNH112687/Hoolock#leuconedys#AMNH112687#s#v#p1#l1#M1#L_aug_vivid.jpg
train,leuconedys,1,original,Hoolock,leuconedys,AMNH112687,AMNH,p1,l1,M2,L,train/leuconedys/leuconedys_AMNH112687/Hoolock#leuconedys#AMNH112687#s#v#p1#l1#M2#L.jpg
train,leuconedys,1,offline_augmented,Hoolock,leuconedys,AMNH112687,AMNH,p1,l1,M2,L,train/leuconedys/leuconedys_AMNH112687/Hoolock#leuconedys#AMNH112687#s#v#p1#l1#M2#L_aug_bright_sat.jpg
train,leuconedys,1,offline_augmented,Hoolock,leuconedys,AMNH112687,AMNH,p1,l1,M2,L,train/leuconedys/leuconedys_AMNH112687/Hoolock#leuconedys#AMNH112687#s#v#p1#l1#M2#L_aug_dark_con.jpg
train,leuconedys,1,offline_augmented,Hoolock,leuconedys,AMNH112687,AMNH,p1,l1,M2,L,train/leuconedys/leuconedys_AMNH112687/Hoolock#leuconedys#AMNH112687#s#v#p1#l1#M2#L_aug_muted.jpg
train,leuconedys,1,offline_augmented,Hoolock,leuconedys,AMNH112687,AMNH,p1,l1,M2,L,train/leuconedys/leuconedys_AMNH112687/Hoolock#leuconedys#AMNH112687#s#v#p1#l1#M2#L_aug_soft.jpg
train,leuconedys,1,offline_augmented,Hoolock,leuconedys,AMNH112687,AMNH,p1,l1,M2,L,train/leuconedys/leuconedys_AMNH112687/Hoolock#leuconedys#AMNH112687#s#v#p1#l1#M2#L_aug_warm.jpg
train,leuconedys,1,original,Hoolock,leuconedys,AMNH112687,AMNH,p2,l1,M1,L,train/leuconedys/leuconedys_AMNH112687/Hoolock#leuconedys#AMNH112687#s#v#p2#l1#M1#L.jpg
train,leuconedys,1,offline_augmented,Hoolock,leuconedys,AMNH112687,AMNH,p2,l1,M1,L,train/leuconedys/leuconedys_AMNH112687/Hoolock#leuconedys#AMNH112687#s#v#p2#l1#M1#L_aug_bright_sat.jpg
train,leuconedys,1,offline_augmented,Hoolock,leuconedys,AMNH112687,AMNH,p2,l1,M1,L,train/leuconedys/leuconedys_AMNH112687/Hoolock#leuconedys#AMNH112687#s#v#p2#l1#M1#L_aug_cool.jpg
train,leuconedys,1,offline_augmented,Hoolock,leuconedys,AMNH112687,AMNH,p2,l1,M1,L,train/leuconedys/leuconedys_AMNH112687/Hoolock#leuconedys#AMNH112687#s#v#p2#l1#M1#L_aug_hicon.jpg
train,leuconedys,1,offline_augmented,Hoolock,leuconedys,AMNH112687,AMNH,p2,l1,M1,L,train/leuconedys/leuconedys_AMNH112687/Hoolock#leuconedys#AMNH112687#s#v#p2#l1#M1#L_aug_muted.jpg
train,leuconedys,1,offline_augmented,Hoolock,leuconedys,AMNH112687,AMNH,p2,l1,M1,L,train/leuconedys/leuconedys_AMNH112687/Hoolock#leuconedys#AMNH112687#s#v#p2#l1#M1#L_aug_warm.jpg
train,leuconedys,1,original,Hoolock,leuconedys,AMNH112711,AMNH,p1,l1,M1,R,train/leuconedys/leuconedys_AMNH112711/Hoolock#leuconedys#AMNH112711#s#v#p1#l1#M1#R#A.jpg
train,leuconedys,1,offline_augmented,Hoolock,leuconedys,AMNH112711,AMNH,p1,l1,M1,R,train/leuconedys/leuconedys_AMNH112711/Hoolock#leuconedys#AMNH112711#s#v#p1#l1#M1#R#A_aug_cool.jpg
train,leuconedys,1,offline_augmented,Hoolock,leuconedys,AMNH112711,AMNH,p1,l1,M1,R,train/leuconedys/leuconedys_AMNH112711/Hoolock#leuconedys#AMNH112711#s#v#p1#l1#M1#R#A_aug_hicon.jpg
train,leuconedys,1,offline_augmented,Hoolock,leuconedys,AMNH112711,AMNH,p1,l1,M1,R,train/leuconedys/leuconedys_AMNH112711/Hoolock#leuconedys#AMNH112711#s#v#p1#l1#M1#R#A_aug_muted.jpg
train,leuconedys,1,offline_augmented,Hoolock,leuconedys,AMNH112711,AMNH,p1,l1,M1,R,train/leuconedys/leuconedys_AMNH112711/Hoolock#leuconedys#AMNH112711#s#v#p1#l1#M1#R#A_aug_vivid.jpg
train,leuconedys,1,offline_augmented,Hoolock,leuconedys,AMNH112711,AMNH,p1,l1,M1,R,train/leuconedys/leuconedys_AMNH112711/Hoolock#leuconedys#AMNH112711#s#v#p1#l1#M1#R#A_aug_warm.jpg
train,leuconedys,1,original,Hoolock,leuconedys,AMNH112711,AMNH,p1,l1,M2,R,train/leuconedys/leuconedys_AMNH112711/Hoolock#leuconedys#AMNH112711#s#v#p1#l1#M2#R.jpg
train,leuconedys,1,offline_augmented,Hoolock,leuconedys,AMNH112711,AMNH,p1,l1,M2,R,train/leuconedys/leuconedys_AMNH112711/Hoolock#leuconedys#AMNH112711#s#v#p1#l1#M2#R_aug_cool.jpg
train,leuconedys,1,offline_augmented,Hoolock,leuconedys,AMNH112711,AMNH,p1,l1,M2,R,train/leuconedys/leuconedys_AMNH112711/Hoolock#leuconedys#AMNH112711#s#v#p1#l1#M2#R_aug_dark_con.jpg
train,leuconedys,1,offline_augmented,Hoolock,leuconedys,AMNH112711,AMNH,p1,l1,M2,R,train/leuconedys/leuconedys_AMNH112711/Hoolock#leuconedys#AMNH112711#s#v#p1#l1#M2#R_aug_hicon.jpg
train,leuconedys,1,offline_augmented,Hoolock,leuconedys,AMNH112711,AMNH,p1,l1,M2,R,train/leuconedys/leuconedys_AMNH112711/Hoolock#leuconedys#AMNH112711#s#v#p1#l1#M2#R_aug_muted.jpg
train,leuconedys,1,offline_augmented,Hoolock,leuconedys,AMNH112711,AMNH,p1,l1,M2,R,train/leuconedys/leuconedys_AMNH112711/Hoolock#leuconedys#AMNH112711#s#v#p1#l1#M2#R_aug_vivid.jpg
train,leuconedys,1,original,Hoolock,leuconedys,AMNH112711,AMNH,p1,l1,M3,R,train/leuconedys/leuconedys_AMNH112711/Hoolock#leuconedys#AMNH112711#s#v#p1#l1#M3#R.jpg
train,leuconedys,1,offline_augmented,Hoolock,leuconedys,AMNH112711,AMNH,p1,l1,M3,R,train/leuconedys/leuconedys_AMNH112711/Hoolock#leuconedys#AMNH112711#s#v#p1#l1#M3#R_aug_bright_sat.jpg
train,leuconedys,1,offline_augmented,Hoolock,leuconedys,AMNH112711,AMNH,p1,l1,M3,R,train/leuconedys/leuconedys_AMNH112711/Hoolock#leuconedys#AMNH112711#s#v#p1#l1#M3#R_aug_cool.jpg
train,leuconedys,1,offline_augmented,Hoolock,leuconedys,AMNH112711,AMNH,p1,l1,M3,R,train/leuconedys/leuconedys_AMNH112711/Hoolock#leuconedys#AMNH112711#s#v#p1#l1#M3#R_aug_dark_con.jpg
train,leuconedys,1,offline_augmented,Hoolock,leuconedys,AMNH112711,AMNH,p1,l1,M3,R,train/leuconedys/leuconedys_AMNH112711/Hoolock#leuconedys#AMNH112711#s#v#p1#l1#M3#R_aug_hicon.jpg
train,leuconedys,1,offline_augmented,Hoolock,leuconedys,AMNH112711,AMNH,p1,l1,M3,R,train/leuconedys/leuconedys_AMNH112711/Hoolock#leuconedys#AMNH112711#s#v#p1#l1#M3#R_aug_vivid.jpg
train,leuconedys,1,original,Hoolock,leuconedys,AMNH112711,AMNH,p2,l1,M2,R,train/leuconedys/leuconedys_AMNH112711/Hoolock#leuconedys#AMNH112711#s#v#p2#l1#M2#R.jpg
train,leuconedys,1,offline_augmented,Hoolock,leuconedys,AMNH112711,AMNH,p2,l1,M2,R,train/leuconedys/leuconedys_AMNH112711/Hoolock#leuconedys#AMNH112711#s#v#p2#l1#M2#R_aug_cool.jpg
train,leuconedys,1,offline_augmented,Hoolock,leuconedys,AMNH112711,AMNH,p2,l1,M2,R,train/leuconedys/leuconedys_AMNH112711/Hoolock#leuconedys#AMNH112711#s#v#p2#l1#M2#R_aug_dark_con.jpg
train,leuconedys,1,offline_augmented,Hoolock,leuconedys,AMNH112711,AMNH,p2,l1,M2,R,train/leuconedys/leuconedys_AMNH112711/Hoolock#leuconedys#AMNH112711#s#v#p2#l1#M2#R_aug_hicon.jpg
train,leuconedys,1,offline_augmented,Hoolock,leuconedys,AMNH112711,AMNH,p2,l1,M2,R,train/leuconedys/leuconedys_AMNH112711/Hoolock#leuconedys#AMNH112711#s#v#p2#l1#M2#R_aug_muted.jpg
train,leuconedys,1,offline_augmented,Hoolock,leuconedys,AMNH112711,AMNH,p2,l1,M2,R,train/leuconedys/leuconedys_AMNH112711/Hoolock#leuconedys#AMNH112711#s#v#p2#l1#M2#R_aug_vivid.jpg
train,leuconedys,1,original,Hoolock,leuconedys,AMNH112711,AMNH,p2,l1,M3,R,train/leuconedys/leuconedys_AMNH112711/Hoolock#leuconedys#AMNH112711#s#v#p2#l1#M3#R.jpg
train,leuconedys,1,offline_augmented,Hoolock,leuconedys,AMNH112711,AMNH,p2,l1,M3,R,train/leuconedys/leuconedys_AMNH112711/Hoolock#leuconedys#AMNH112711#s#v#p2#l1#M3#R_aug_cool.jpg
train,leuconedys,1,offline_augmented,Hoolock,leuconedys,AMNH112711,AMNH,p2,l1,M3,R,train/leuconedys/leuconedys_AMNH112711/Hoolock#leuconedys#AMNH112711#s#v#p2#l1#M3#R_aug_dark_con.jpg
train,leuconedys,1,offline_augmented,Hoolock,leuconedys,AMNH112711,AMNH,p2,l1,M3,R,train/leuconedys/leuconedys_AMNH112711/Hoolock#leuconedys#AMNH112711#s#v#p2#l1#M3#R_aug_hicon.jpg
train,leuconedys,1,offline_augmented,Hoolock,leuconedys,AMNH112711,AMNH,p2,l1,M3,R,train/leuconedys/leuconedys_AMNH112711/Hoolock#leuconedys#AMNH112711#s#v#p2#l1#M3#R_aug_muted.jpg
train,leuconedys,1,offline_augmented,Hoolock,leuconedys,AMNH112711,AMNH,p2,l1,M3,R,train/leuconedys/leuconedys_AMNH112711/Hoolock#leuconedys#AMNH112711#s#v#p2#l1#M3#R_aug_warm.jpg
train,leuconedys,1,original,Hoolock,leuconedys,AMNH112711,AMNH,p3,l1,M2,R,train/leuconedys/leuconedys_AMNH112711/Hoolock#leuconedys#AMNH112711#s#v#p3#l1#M2#R.jpg
train,leuconedys,1,offline_augmented,Hoolock,leuconedys,AMNH112711,AMNH,p3,l1,M2,R,train/leuconedys/leuconedys_AMNH112711/Hoolock#leuconedys#AMNH112711#s#v#p3#l1#M2#R_aug_bright_sat.jpg
train,leuconedys,1,offline_augmented,Hoolock,leuconedys,AMNH112711,AMNH,p3,l1,M2,R,train/leuconedys/leuconedys_AMNH112711/Hoolock#leuconedys#AMNH112711#s#v#p3#l1#M2#R_aug_cool.jpg
train,leuconedys,1,offline_augmented,Hoolock,leuconedys,AMNH112711,AMNH,p3,l1,M2,R,train/leuconedys/leuconedys_AMNH112711/Hoolock#leuconedys#AMNH112711#s#v#p3#l1#M2#R_aug_soft.jpg
train,leuconedys,1,offline_augmented,Hoolock,leuconedys,AMNH112711,AMNH,p3,l1,M2,R,train/leuconedys/leuconedys_AMNH112711/Hoolock#leuconedys#AMNH112711#s#v#p3#l1#M2#R_aug_vivid.jpg
train,leuconedys,1,offline_augmented,Hoolock,leuconedys,AMNH112711,AMNH,p3,l1,M2,R,train/leuconedys/leuconedys_AMNH112711/Hoolock#leuconedys#AMNH112711#s#v#p3#l1#M2#R_aug_warm.jpg
train,leuconedys,1,original,Hoolock,leuconedys,AMNH112711,AMNH,p3,l1,M3,R,train/leuconedys/leuconedys_AMNH112711/Hoolock#leuconedys#AMNH112711#s#v#p3#l1#M3#R.jpg
train,leuconedys,1,offline_augmented,Hoolock,leuconedys,AMNH112711,AMNH,p3,l1,M3,R,train/leuconedys/leuconedys_AMNH112711/Hoolock#leuconedys#AMNH112711#s#v#p3#l1#M3#R_aug_bright_sat.jpg
train,leuconedys,1,offline_augmented,Hoolock,leuconedys,AMNH112711,AMNH,p3,l1,M3,R,train/leuconedys/leuconedys_AMNH112711/Hoolock#leuconedys#AMNH112711#s#v#p3#l1#M3#R_aug_dark_con.jpg
train,leuconedys,1,offline_augmented,Hoolock,leuconedys,AMNH112711,AMNH,p3,l1,M3,R,train/leuconedys/leuconedys_AMNH112711/Hoolock#leuconedys#AMNH112711#s#v#p3#l1#M3#R_aug_hicon.jpg
train,leuconedys,1,offline_augmented,Hoolock,leuconedys,AMNH112711,AMNH,p3,l1,M3,R,train/leuconedys/leuconedys_AMNH112711/Hoolock#leuconedys#AMNH112711#s#v#p3#l1#M3#R_aug_soft.jpg
train,leuconedys,1,offline_augmented,Hoolock,leuconedys,AMNH112711,AMNH,p3,l1,M3,R,train/leuconedys/leuconedys_AMNH112711/Hoolock#leuconedys#AMNH112711#s#v#p3#l1#M3#R_aug_vivid.jpg
train,leuconedys,1,original,Hoolock,leuconedys,AMNH112715,AMNH,p1,l1,M1,R,train/leuconedys/leuconedys_AMNH112715/Hoolock#leuconedys#AMNH112715#s#v#p1#l1#M1#R#B.jpg
train,leuconedys,1,offline_augmented,Hoolock,leuconedys,AMNH112715,AMNH,p1,l1,M1,R,train/leuconedys/leuconedys_AMNH112715/Hoolock#leuconedys#AMNH112715#s#v#p1#l1#M1#R#B_aug_cool.jpg
train,leuconedys,1,offline_augmented,Hoolock,leuconedys,AMNH112715,AMNH,p1,l1,M1,R,train/leuconedys/leuconedys_AMNH112715/Hoolock#leuconedys#AMNH112715#s#v#p1#l1#M1#R#B_aug_muted.jpg
train,leuconedys,1,offline_augmented,Hoolock,leuconedys,AMNH112715,AMNH,p1,l1,M1,R,train/leuconedys/leuconedys_AMNH112715/Hoolock#leuconedys#AMNH112715#s#v#p1#l1#M1#R#B_aug_soft.jpg
train,leuconedys,1,offline_augmented,Hoolock,leuconedys,AMNH112715,AMNH,p1,l1,M1,R,train/leuconedys/leuconedys_AMNH112715/Hoolock#leuconedys#AMNH112715#s#v#p1#l1#M1#R#B_aug_vivid.jpg
train,leuconedys,1,offline_augmented,Hoolock,leuconedys,AMNH112715,AMNH,p1,l1,M1,R,train/leuconedys/leuconedys_AMNH112715/Hoolock#leuconedys#AMNH112715#s#v#p1#l1#M1#R#B_aug_warm.jpg
train,leuconedys,1,original,Hoolock,leuconedys,AMNH112715,AMNH,p1,l1,M2,R,train/leuconedys/leuconedys_AMNH112715/Hoolock#leuconedys#AMNH112715#s#v#p1#l1#M2#R#B.jpg
train,leuconedys,1,offline_augmented,Hoolock,leuconedys,AMNH112715,AMNH,p1,l1,M2,R,train/leuconedys/leuconedys_AMNH112715/Hoolock#leuconedys#AMNH112715#s#v#p1#l1#M2#R#B_aug_hicon.jpg
train,leuconedys,1,offline_augmented,Hoolock,leuconedys,AMNH112715,AMNH,p1,l1,M2,R,train/leuconedys/leuconedys_AMNH112715/Hoolock#leuconedys#AMNH112715#s#v#p1#l1#M2#R#B_aug_muted.jpg
train,leuconedys,1,offline_augmented,Hoolock,leuconedys,AMNH112715,AMNH,p1,l1,M2,R,train/leuconedys/leuconedys_AMNH112715/Hoolock#leuconedys#AMNH112715#s#v#p1#l1#M2#R#B_aug_soft.jpg
train,leuconedys,1,offline_augmented,Hoolock,leuconedys,AMNH112715,AMNH,p1,l1,M2,R,train/leuconedys/leuconedys_AMNH112715/Hoolock#leuconedys#AMNH112715#s#v#p1#l1#M2#R#B_aug_vivid.jpg
train,leuconedys,1,offline_augmented,Hoolock,leuconedys,AMNH112715,AMNH,p1,l1,M2,R,train/leuconedys/leuconedys_AMNH112715/Hoolock#leuconedys#AMNH112715#s#v#p1#l1#M2#R#B_aug_warm.jpg
train,leuconedys,1,original,Hoolock,leuconedys,AMNH112716,AMNH,p1,l1,M1,L,train/leuconedys/leuconedys_AMNH112716/Hoolock#leuconedys#AMNH112716#s#v#p1#l1#M1#L#B.jpg
train,leuconedys,1,offline_augmented,Hoolock,leuconedys,AMNH112716,AMNH,p1,l1,M1,L,train/leuconedys/leuconedys_AMNH112716/Hoolock#leuconedys#AMNH112716#s#v#p1#l1#M1#L#B_aug_cool.jpg
train,leuconedys,1,offline_augmented,Hoolock,leuconedys,AMNH112716,AMNH,p1,l1,M1,L,train/leuconedys/leuconedys_AMNH112716/Hoolock#leuconedys#AMNH112716#s#v#p1#l1#M1#L#B_aug_dark_con.jpg
train,leuconedys,1,offline_augmented,Hoolock,leuconedys,AMNH112716,AMNH,p1,l1,M1,L,train/leuconedys/leuconedys_AMNH112716/Hoolock#leuconedys#AMNH112716#s#v#p1#l1#M1#L#B_aug_hicon.jpg
train,leuconedys,1,offline_augmented,Hoolock,leuconedys,AMNH112716,AMNH,p1,l1,M1,L,train/leuconedys/leuconedys_AMNH112716/Hoolock#leuconedys#AMNH112716#s#v#p1#l1#M1#L#B_aug_vivid.jpg
train,leuconedys,1,offline_augmented,Hoolock,leuconedys,AMNH112716,AMNH,p1,l1,M1,L,train/leuconedys/leuconedys_AMNH112716/Hoolock#leuconedys#AMNH112716#s#v#p1#l1#M1#L#B_aug_warm.jpg
train,leuconedys,1,original,Hoolock,leuconedys,AMNH112716,AMNH,p1,l1,M2,L,train/leuconedys/leuconedys_AMNH112716/Hoolock#leuconedys#AMNH112716#s#v#p1#l1#M2#L.jpg
train,leuconedys,1,offline_augmented,Hoolock,leuconedys,AMNH112716,AMNH,p1,l1,M2,L,train/leuconedys/leuconedys_AMNH112716/Hoolock#leuconedys#AMNH112716#s#v#p1#l1#M2#L_aug_cool.jpg
train,leuconedys,1,offline_augmented,Hoolock,leuconedys,AMNH112716,AMNH,p1,l1,M2,L,train/leuconedys/leuconedys_AMNH112716/Hoolock#leuconedys#AMNH112716#s#v#p1#l1#M2#L_aug_hicon.jpg
train,leuconedys,1,offline_augmented,Hoolock,leuconedys,AMNH112716,AMNH,p1,l1,M2,L,train/leuconedys/leuconedys_AMNH112716/Hoolock#leuconedys#AMNH112716#s#v#p1#l1#M2#L_aug_muted.jpg
train,leuconedys,1,offline_augmented,Hoolock,leuconedys,AMNH112716,AMNH,p1,l1,M2,L,train/leuconedys/leuconedys_AMNH112716/Hoolock#leuconedys#AMNH112716#s#v#p1#l1#M2#L_aug_soft.jpg
train,leuconedys,1,offline_augmented,Hoolock,leuconedys,AMNH112716,AMNH,p1,l1,M2,L,train/leuconedys/leuconedys_AMNH112716/Hoolock#leuconedys#AMNH112716#s#v#p1#l1#M2#L_aug_warm.jpg
train,leuconedys,1,original,Hoolock,leuconedys,AMNH112716,AMNH,p2,l1,M2,L,train/leuconedys/leuconedys_AMNH112716/Hoolock#leuconedys#AMNH112716#s#v#p2#l1#M2#L.jpg
train,leuconedys,1,offline_augmented,Hoolock,leuconedys,AMNH112716,AMNH,p2,l1,M2,L,train/leuconedys/leuconedys_AMNH112716/Hoolock#leuconedys#AMNH112716#s#v#p2#l1#M2#L_aug_bright_sat.jpg
train,leuconedys,1,offline_augmented,Hoolock,leuconedys,AMNH112716,AMNH,p2,l1,M2,L,train/leuconedys/leuconedys_AMNH112716/Hoolock#leuconedys#AMNH112716#s#v#p2#l1#M2#L_aug_cool.jpg
train,leuconedys,1,offline_augmented,Hoolock,leuconedys,AMNH112716,AMNH,p2,l1,M2,L,train/leuconedys/leuconedys_AMNH112716/Hoolock#leuconedys#AMNH112716#s#v#p2#l1#M2#L_aug_hicon.jpg
train,leuconedys,1,offline_augmented,Hoolock,leuconedys,AMNH112716,AMNH,p2,l1,M2,L,train/leuconedys/leuconedys_AMNH112716/Hoolock#leuconedys#AMNH112716#s#v#p2#l1#M2#L_aug_soft.jpg
train,leuconedys,1,offline_augmented,Hoolock,leuconedys,AMNH112716,AMNH,p2,l1,M2,L,train/leuconedys/leuconedys_AMNH112716/Hoolock#leuconedys#AMNH112716#s#v#p2#l1#M2#L_aug_warm.jpg
train,leuconedys,1,original,Hoolock,leuconedys,AMNH112716,AMNH,p2,l1,M3,L,train/leuconedys/leuconedys_AMNH112716/Hoolock#leuconedys#AMNH112716#s#v#p2#l1#M3#L.jpg
train,leuconedys,1,offline_augmented,Hoolock,leuconedys,AMNH112716,AMNH,p2,l1,M3,L,train/leuconedys/leuconedys_AMNH112716/Hoolock#leuconedys#AMNH112716#s#v#p2#l1#M3#L_aug_bright_sat.jpg
train,leuconedys,1,offline_augmented,Hoolock,leuconedys,AMNH112716,AMNH,p2,l1,M3,L,train/leuconedys/leuconedys_AMNH112716/Hoolock#leuconedys#AMNH112716#s#v#p2#l1#M3#L_aug_hicon.jpg
train,leuconedys,1,offline_augmented,Hoolock,leuconedys,AMNH112716,AMNH,p2,l1,M3,L,train/leuconedys/leuconedys_AMNH112716/Hoolock#leuconedys#AMNH112716#s#v#p2#l1#M3#L_aug_soft.jpg
train,leuconedys,1,offline_augmented,Hoolock,leuconedys,AMNH112716,AMNH,p2,l1,M3,L,train/leuconedys/leuconedys_AMNH112716/Hoolock#leuconedys#AMNH112716#s#v#p2#l1#M3#L_aug_vivid.jpg
train,leuconedys,1,offline_augmented,Hoolock,leuconedys,AMNH112716,AMNH,p2,l1,M3,L,train/leuconedys/leuconedys_AMNH112716/Hoolock#leuconedys#AMNH112716#s#v#p2#l1#M3#L_aug_warm.jpg
train,leuconedys,1,original,Hoolock,leuconedys,AMNH112717,AMNH,p1,l1,M2,R,train/leuconedys/leuconedys_AMNH112717/Hoolock#leuconedys#AMNH112717#s#v#p1#l1#M2#R.jpg
train,leuconedys,1,offline_augmented,Hoolock,leuconedys,AMNH112717,AMNH,p1,l1,M2,R,train/leuconedys/leuconedys_AMNH112717/Hoolock#leuconedys#AMNH112717#s#v#p1#l1#M2#R_aug_bright_sat.jpg
train,leuconedys,1,offline_augmented,Hoolock,leuconedys,AMNH112717,AMNH,p1,l1,M2,R,train/leuconedys/leuconedys_AMNH112717/Hoolock#leuconedys#AMNH112717#s#v#p1#l1#M2#R_aug_cool.jpg
train,leuconedys,1,offline_augmented,Hoolock,leuconedys,AMNH112717,AMNH,p1,l1,M2,R,train/leuconedys/leuconedys_AMNH112717/Hoolock#leuconedys#AMNH112717#s#v#p1#l1#M2#R_aug_dark_con.jpg
train,leuconedys,1,offline_augmented,Hoolock,leuconedys,AMNH112717,AMNH,p1,l1,M2,R,train/leuconedys/leuconedys_AMNH112717/Hoolock#leuconedys#AMNH112717#s#v#p1#l1#M2#R_aug_soft.jpg
train,leuconedys,1,offline_augmented,Hoolock,leuconedys,AMNH112717,AMNH,p1,l1,M2,R,train/leuconedys/leuconedys_AMNH112717/Hoolock#leuconedys#AMNH112717#s#v#p1#l1#M2#R_aug_vivid.jpg
train,leuconedys,1,original,Hoolock,leuconedys,AMNH112717,AMNH,p2,l1,M1,R,train/leuconedys/leuconedys_AMNH112717/Hoolock#leuconedys#AMNH112717#s#v#p2#l1#M1#R.jpg
train,leuconedys,1,offline_augmented,Hoolock,leuconedys,AMNH112717,AMNH,p2,l1,M1,R,train/leuconedys/leuconedys_AMNH112717/Hoolock#leuconedys#AMNH112717#s#v#p2#l1#M1#R_aug_bright_sat.jpg
train,leuconedys,1,offline_augmented,Hoolock,leuconedys,AMNH112717,AMNH,p2,l1,M1,R,train/leuconedys/leuconedys_AMNH112717/Hoolock#leuconedys#AMNH112717#s#v#p2#l1#M1#R_aug_cool.jpg
train,leuconedys,1,offline_augmented,Hoolock,leuconedys,AMNH112717,AMNH,p2,l1,M1,R,train/leuconedys/leuconedys_AMNH112717/Hoolock#leuconedys#AMNH112717#s#v#p2#l1#M1#R_aug_dark_con.jpg
train,leuconedys,1,offline_augmented,Hoolock,leuconedys,AMNH112717,AMNH,p2,l1,M1,R,train/leuconedys/leuconedys_AMNH112717/Hoolock#leuconedys#AMNH112717#s#v#p2#l1#M1#R_aug_muted.jpg
train,leuconedys,1,offline_augmented,Hoolock,leuconedys,AMNH112717,AMNH,p2,l1,M1,R,train/leuconedys/leuconedys_AMNH112717/Hoolock#leuconedys#AMNH112717#s#v#p2#l1#M1#R_aug_warm.jpg
train,leuconedys,1,original,Hoolock,leuconedys,AMNH112717,AMNH,p2,l1,M2,R,train/leuconedys/leuconedys_AMNH112717/Hoolock#leuconedys#AMNH112717#s#v#p2#l1#M2#R.jpg
train,leuconedys,1,offline_augmented,Hoolock,leuconedys,AMNH112717,AMNH,p2,l1,M2,R,train/leuconedys/leuconedys_AMNH112717/Hoolock#leuconedys#AMNH112717#s#v#p2#l1#M2#R_aug_bright_sat.jpg
train,leuconedys,1,offline_augmented,Hoolock,leuconedys,AMNH112717,AMNH,p2,l1,M2,R,train/leuconedys/leuconedys_AMNH112717/Hoolock#leuconedys#AMNH112717#s#v#p2#l1#M2#R_aug_cool.jpg
train,leuconedys,1,offline_augmented,Hoolock,leuconedys,AMNH112717,AMNH,p2,l1,M2,R,train/leuconedys/leuconedys_AMNH112717/Hoolock#leuconedys#AMNH112717#s#v#p2#l1#M2#R_aug_dark_con.jpg
train,leuconedys,1,offline_augmented,Hoolock,leuconedys,AMNH112717,AMNH,p2,l1,M2,R,train/leuconedys/leuconedys_AMNH112717/Hoolock#leuconedys#AMNH112717#s#v#p2#l1#M2#R_aug_vivid.jpg
train,leuconedys,1,offline_augmented,Hoolock,leuconedys,AMNH112717,AMNH,p2,l1,M2,R,train/leuconedys/leuconedys_AMNH112717/Hoolock#leuconedys#AMNH112717#s#v#p2#l1#M2#R_aug_warm.jpg
train,leuconedys,1,original,Hoolock,leuconedys,AMNH112717,AMNH,p2,l1,M3,R,train/leuconedys/leuconedys_AMNH112717/Hoolock#leuconedys#AMNH112717#s#v#p2#l1#M3#R.jpg
train,leuconedys,1,offline_augmented,Hoolock,leuconedys,AMNH112717,AMNH,p2,l1,M3,R,train/leuconedys/leuconedys_AMNH112717/Hoolock#leuconedys#AMNH112717#s#v#p2#l1#M3#R_aug_bright_sat.jpg
train,leuconedys,1,offline_augmented,Hoolock,leuconedys,AMNH112717,AMNH,p2,l1,M3,R,train/leuconedys/leuconedys_AMNH112717/Hoolock#leuconedys#AMNH112717#s#v#p2#l1#M3#R_aug_cool.jpg
train,leuconedys,1,offline_augmented,Hoolock,leuconedys,AMNH112717,AMNH,p2,l1,M3,R,train/leuconedys/leuconedys_AMNH112717/Hoolock#leuconedys#AMNH112717#s#v#p2#l1#M3#R_aug_dark_con.jpg
train,leuconedys,1,offline_augmented,Hoolock,leuconedys,AMNH112717,AMNH,p2,l1,M3,R,train/leuconedys/leuconedys_AMNH112717/Hoolock#leuconedys#AMNH112717#s#v#p2#l1#M3#R_aug_hicon.jpg
train,leuconedys,1,offline_augmented,Hoolock,leuconedys,AMNH112717,AMNH,p2,l1,M3,R,train/leuconedys/leuconedys_AMNH112717/Hoolock#leuconedys#AMNH112717#s#v#p2#l1#M3#R_aug_warm.jpg
train,leuconedys,1,original,Hoolock,leuconedys,AMNH112717,AMNH,p3,l1,M1,R,train/leuconedys/leuconedys_AMNH112717/Hoolock#leuconedys#AMNH112717#s#v#p3#l1#M1#R.jpg
train,leuconedys,1,offline_augmented,Hoolock,leuconedys,AMNH112717,AMNH,p3,l1,M1,R,train/leuconedys/leuconedys_AMNH112717/Hoolock#leuconedys#AMNH112717#s#v#p3#l1#M1#R_aug_bright_sat.jpg
train,leuconedys,1,offline_augmented,Hoolock,leuconedys,AMNH112717,AMNH,p3,l1,M1,R,train/leuconedys/leuconedys_AMNH112717/Hoolock#leuconedys#AMNH112717#s#v#p3#l1#M1#R_aug_cool.jpg
train,leuconedys,1,offline_augmented,Hoolock,leuconedys,AMNH112717,AMNH,p3,l1,M1,R,train/leuconedys/leuconedys_AMNH112717/Hoolock#leuconedys#AMNH112717#s#v#p3#l1#M1#R_aug_dark_con.jpg
train,leuconedys,1,offline_augmented,Hoolock,leuconedys,AMNH112717,AMNH,p3,l1,M1,R,train/leuconedys/leuconedys_AMNH112717/Hoolock#leuconedys#AMNH112717#s#v#p3#l1#M1#R_aug_hicon.jpg
train,leuconedys,1,offline_augmented,Hoolock,leuconedys,AMNH112717,AMNH,p3,l1,M1,R,train/leuconedys/leuconedys_AMNH112717/Hoolock#leuconedys#AMNH112717#s#v#p3#l1#M1#R_aug_muted.jpg
train,leuconedys,1,original,Hoolock,leuconedys,AMNH112721,AMNH,p1,l1,M1,R,train/leuconedys/leuconedys_AMNH112721/Hoolock#leuconedys#AMNH112721#s#v#p1#l1#M1#R.jpg
train,leuconedys,1,offline_augmented,Hoolock,leuconedys,AMNH112721,AMNH,p1,l1,M1,R,train/leuconedys/leuconedys_AMNH112721/Hoolock#leuconedys#AMNH112721#s#v#p1#l1#M1#R_aug_bright_sat.jpg
train,leuconedys,1,offline_augmented,Hoolock,leuconedys,AMNH112721,AMNH,p1,l1,M1,R,train/leuconedys/leuconedys_AMNH112721/Hoolock#leuconedys#AMNH112721#s#v#p1#l1#M1#R_aug_dark_con.jpg
train,leuconedys,1,offline_augmented,Hoolock,leuconedys,AMNH112721,AMNH,p1,l1,M1,R,train/leuconedys/leuconedys_AMNH112721/Hoolock#leuconedys#AMNH112721#s#v#p1#l1#M1#R_aug_muted.jpg
train,leuconedys,1,offline_augmented,Hoolock,leuconedys,AMNH112721,AMNH,p1,l1,M1,R,train/leuconedys/leuconedys_AMNH112721/Hoolock#leuconedys#AMNH112721#s#v#p1#l1#M1#R_aug_soft.jpg
train,leuconedys,1,offline_augmented,Hoolock,leuconedys,AMNH112721,AMNH,p1,l1,M1,R,train/leuconedys/leuconedys_AMNH112721/Hoolock#leuconedys#AMNH112721#s#v#p1#l1#M1#R_aug_warm.jpg
train,leuconedys,1,original,Hoolock,leuconedys,AMNH112721,AMNH,p1,l1,M2,R,train/leuconedys/leuconedys_AMNH112721/Hoolock#leuconedys#AMNH112721#s#v#p1#l1#M2#R.jpg
train,leuconedys,1,offline_augmented,Hoolock,leuconedys,AMNH112721,AMNH,p1,l1,M2,R,train/leuconedys/leuconedys_AMNH112721/Hoolock#leuconedys#AMNH112721#s#v#p1#l1#M2#R_aug_bright_sat.jpg
train,leuconedys,1,offline_augmented,Hoolock,leuconedys,AMNH112721,AMNH,p1,l1,M2,R,train/leuconedys/leuconedys_AMNH112721/Hoolock#leuconedys#AMNH112721#s#v#p1#l1#M2#R_aug_dark_con.jpg
train,leuconedys,1,offline_augmented,Hoolock,leuconedys,AMNH112721,AMNH,p1,l1,M2,R,train/leuconedys/leuconedys_AMNH112721/Hoolock#leuconedys#AMNH112721#s#v#p1#l1#M2#R_aug_hicon.jpg
train,leuconedys,1,offline_augmented,Hoolock,leuconedys,AMNH112721,AMNH,p1,l1,M2,R,train/leuconedys/leuconedys_AMNH112721/Hoolock#leuconedys#AMNH112721#s#v#p1#l1#M2#R_aug_soft.jpg
train,leuconedys,1,offline_augmented,Hoolock,leuconedys,AMNH112721,AMNH,p1,l1,M2,R,train/leuconedys/leuconedys_AMNH112721/Hoolock#leuconedys#AMNH112721#s#v#p1#l1#M2#R_aug_warm.jpg
train,leuconedys,1,original,Hoolock,leuconedys,AMNH112721,AMNH,p2,,M1,R,train/leuconedys/leuconedys_AMNH112721/Hoolock#leuconedys#AMNH112721#s#v#p2#M1#R.jpg
train,leuconedys,1,offline_augmented,Hoolock,leuconedys,AMNH112721,AMNH,p2,,M1,R,train/leuconedys/leuconedys_AMNH112721/Hoolock#leuconedys#AMNH112721#s#v#p2#M1#R_aug_bright_sat.jpg
train,leuconedys,1,offline_augmented,Hoolock,leuconedys,AMNH112721,AMNH,p2,,M1,R,train/leuconedys/leuconedys_AMNH112721/Hoolock#leuconedys#AMNH112721#s#v#p2#M1#R_aug_cool.jpg
train,leuconedys,1,offline_augmented,Hoolock,leuconedys,AMNH112721,AMNH,p2,,M1,R,train/leuconedys/leuconedys_AMNH112721/Hoolock#leuconedys#AMNH112721#s#v#p2#M1#R_aug_dark_con.jpg
train,leuconedys,1,offline_augmented,Hoolock,leuconedys,AMNH112721,AMNH,p2,,M1,R,train/leuconedys/leuconedys_AMNH112721/Hoolock#leuconedys#AMNH112721#s#v#p2#M1#R_aug_muted.jpg
train,leuconedys,1,offline_augmented,Hoolock,leuconedys,AMNH112721,AMNH,p2,,M1,R,train/leuconedys/leuconedys_AMNH112721/Hoolock#leuconedys#AMNH112721#s#v#p2#M1#R_aug_soft.jpg
train,leuconedys,1,original,Hoolock,leuconedys,AMNH112721,AMNH,p2,,M2,R,train/leuconedys/leuconedys_AMNH112721/Hoolock#leuconedys#AMNH112721#s#v#p2#M2#R.jpg
train,leuconedys,1,offline_augmented,Hoolock,leuconedys,AMNH112721,AMNH,p2,,M2,R,train/leuconedys/leuconedys_AMNH112721/Hoolock#leuconedys#AMNH112721#s#v#p2#M2#R_aug_bright_sat.jpg
train,leuconedys,1,offline_augmented,Hoolock,leuconedys,AMNH112721,AMNH,p2,,M2,R,train/leuconedys/leuconedys_AMNH112721/Hoolock#leuconedys#AMNH112721#s#v#p2#M2#R_aug_hicon.jpg
train,leuconedys,1,offline_augmented,Hoolock,leuconedys,AMNH112721,AMNH,p2,,M2,R,train/leuconedys/leuconedys_AMNH112721/Hoolock#leuconedys#AMNH112721#s#v#p2#M2#R_aug_soft.jpg
train,leuconedys,1,offline_augmented,Hoolock,leuconedys,AMNH112721,AMNH,p2,,M2,R,train/leuconedys/leuconedys_AMNH112721/Hoolock#leuconedys#AMNH112721#s#v#p2#M2#R_aug_vivid.jpg
train,leuconedys,1,offline_augmented,Hoolock,leuconedys,AMNH112721,AMNH,p2,,M2,R,train/leuconedys/leuconedys_AMNH112721/Hoolock#leuconedys#AMNH112721#s#v#p2#M2#R_aug_warm.jpg
train,leuconedys,1,original,Hoolock,leuconedys,AMNH112960,AMNH,p1,l1,M1,R,train/leuconedys/leuconedys_AMNH112960/Hoolock#leuconedys#AMNH112960#s#v#p1#l1#M1#R#A.jpg
train,leuconedys,1,offline_augmented,Hoolock,leuconedys,AMNH112960,AMNH,p1,l1,M1,R,train/leuconedys/leuconedys_AMNH112960/Hoolock#leuconedys#AMNH112960#s#v#p1#l1#M1#R#A_aug_bright_sat.jpg
train,leuconedys,1,offline_augmented,Hoolock,leuconedys,AMNH112960,AMNH,p1,l1,M1,R,train/leuconedys/leuconedys_AMNH112960/Hoolock#leuconedys#AMNH112960#s#v#p1#l1#M1#R#A_aug_cool.jpg
train,leuconedys,1,offline_augmented,Hoolock,leuconedys,AMNH112960,AMNH,p1,l1,M1,R,train/leuconedys/leuconedys_AMNH112960/Hoolock#leuconedys#AMNH112960#s#v#p1#l1#M1#R#A_aug_dark_con.jpg
train,leuconedys,1,offline_augmented,Hoolock,leuconedys,AMNH112960,AMNH,p1,l1,M1,R,train/leuconedys/leuconedys_AMNH112960/Hoolock#leuconedys#AMNH112960#s#v#p1#l1#M1#R#A_aug_hicon.jpg
train,leuconedys,1,offline_augmented,Hoolock,leuconedys,AMNH112960,AMNH,p1,l1,M1,R,train/leuconedys/leuconedys_AMNH112960/Hoolock#leuconedys#AMNH112960#s#v#p1#l1#M1#R#A_aug_vivid.jpg
train,leuconedys,1,original,Hoolock,leuconedys,AMNH112960,AMNH,p1,l1,M2,R,train/leuconedys/leuconedys_AMNH112960/Hoolock#leuconedys#AMNH112960#s#v#p1#l1#M2#R.jpg
train,leuconedys,1,offline_augmented,Hoolock,leuconedys,AMNH112960,AMNH,p1,l1,M2,R,train/leuconedys/leuconedys_AMNH112960/Hoolock#leuconedys#AMNH112960#s#v#p1#l1#M2#R_aug_bright_sat.jpg
train,leuconedys,1,offline_augmented,Hoolock,leuconedys,AMNH112960,AMNH,p1,l1,M2,R,train/leuconedys/leuconedys_AMNH112960/Hoolock#leuconedys#AMNH112960#s#v#p1#l1#M2#R_aug_dark_con.jpg
train,leuconedys,1,offline_augmented,Hoolock,leuconedys,AMNH112960,AMNH,p1,l1,M2,R,train/leuconedys/leuconedys_AMNH112960/Hoolock#leuconedys#AMNH112960#s#v#p1#l1#M2#R_aug_muted.jpg
train,leuconedys,1,offline_augmented,Hoolock,leuconedys,AMNH112960,AMNH,p1,l1,M2,R,train/leuconedys/leuconedys_AMNH112960/Hoolock#leuconedys#AMNH112960#s#v#p1#l1#M2#R_aug_soft.jpg
train,leuconedys,1,offline_augmented,Hoolock,leuconedys,AMNH112960,AMNH,p1,l1,M2,R,train/leuconedys/leuconedys_AMNH112960/Hoolock#leuconedys#AMNH112960#s#v#p1#l1#M2#R_aug_warm.jpg
train,leuconedys,1,original,Hoolock,leuconedys,AMNH112960,AMNH,p1,l1,M3,R,train/leuconedys/leuconedys_AMNH112960/Hoolock#leuconedys#AMNH112960#s#v#p1#l1#M3#R.jpg
train,leuconedys,1,offline_augmented,Hoolock,leuconedys,AMNH112960,AMNH,p1,l1,M3,R,train/leuconedys/leuconedys_AMNH112960/Hoolock#leuconedys#AMNH112960#s#v#p1#l1#M3#R_aug_bright_sat.jpg
train,leuconedys,1,offline_augmented,Hoolock,leuconedys,AMNH112960,AMNH,p1,l1,M3,R,train/leuconedys/leuconedys_AMNH112960/Hoolock#leuconedys#AMNH112960#s#v#p1#l1#M3#R_aug_cool.jpg
train,leuconedys,1,offline_augmented,Hoolock,leuconedys,AMNH112960,AMNH,p1,l1,M3,R,train/leuconedys/leuconedys_AMNH112960/Hoolock#leuconedys#AMNH112960#s#v#p1#l1#M3#R_aug_dark_con.jpg
train,leuconedys,1,offline_augmented,Hoolock,leuconedys,AMNH112960,AMNH,p1,l1,M3,R,train/leuconedys/leuconedys_AMNH112960/Hoolock#leuconedys#AMNH112960#s#v#p1#l1#M3#R_aug_hicon.jpg
train,leuconedys,1,offline_augmented,Hoolock,leuconedys,AMNH112960,AMNH,p1,l1,M3,R,train/leuconedys/leuconedys_AMNH112960/Hoolock#leuconedys#AMNH112960#s#v#p1#l1#M3#R_aug_soft.jpg
train,leuconedys,1,original,Hoolock,leuconedys,AMNH112960,AMNH,p3,l1,M1,R,train/leuconedys/leuconedys_AMNH112960/Hoolock#leuconedys#AMNH112960#s#v#p3#l1#M1#R#A.jpg
train,leuconedys,1,offline_augmented,Hoolock,leuconedys,AMNH112960,AMNH,p3,l1,M1,R,train/leuconedys/leuconedys_AMNH112960/Hoolock#leuconedys#AMNH112960#s#v#p3#l1#M1#R#A_aug_bright_sat.jpg
train,leuconedys,1,offline_augmented,Hoolock,leuconedys,AMNH112960,AMNH,p3,l1,M1,R,train/leuconedys/leuconedys_AMNH112960/Hoolock#leuconedys#AMNH112960#s#v#p3#l1#M1#R#A_aug_cool.jpg
train,leuconedys,1,offline_augmented,Hoolock,leuconedys,AMNH112960,AMNH,p3,l1,M1,R,train/leuconedys/leuconedys_AMNH112960/Hoolock#leuconedys#AMNH112960#s#v#p3#l1#M1#R#A_aug_muted.jpg
train,leuconedys,1,offline_augmented,Hoolock,leuconedys,AMNH112960,AMNH,p3,l1,M1,R,train/leuconedys/leuconedys_AMNH112960/Hoolock#leuconedys#AMNH112960#s#v#p3#l1#M1#R#A_aug_soft.jpg
train,leuconedys,1,offline_augmented,Hoolock,leuconedys,AMNH112960,AMNH,p3,l1,M1,R,train/leuconedys/leuconedys_AMNH112960/Hoolock#leuconedys#AMNH112960#s#v#p3#l1#M1#R#A_aug_warm.jpg
train,leuconedys,1,original,Hoolock,leuconedys,AMNH112960,AMNH,p3,l1,M2,R,train/leuconedys/leuconedys_AMNH112960/Hoolock#leuconedys#AMNH112960#s#v#p3#l1#M2#R.jpg
train,leuconedys,1,offline_augmented,Hoolock,leuconedys,AMNH112960,AMNH,p3,l1,M2,R,train/leuconedys/leuconedys_AMNH112960/Hoolock#leuconedys#AMNH112960#s#v#p3#l1#M2#R_aug_bright_sat.jpg
train,leuconedys,1,offline_augmented,Hoolock,leuconedys,AMNH112960,AMNH,p3,l1,M2,R,train/leuconedys/leuconedys_AMNH112960/Hoolock#leuconedys#AMNH112960#s#v#p3#l1#M2#R_aug_muted.jpg
train,leuconedys,1,offline_augmented,Hoolock,leuconedys,AMNH112960,AMNH,p3,l1,M2,R,train/leuconedys/leuconedys_AMNH112960/Hoolock#leuconedys#AMNH112960#s#v#p3#l1#M2#R_aug_soft.jpg
train,leuconedys,1,offline_augmented,Hoolock,leuconedys,AMNH112960,AMNH,p3,l1,M2,R,train/leuconedys/leuconedys_AMNH112960/Hoolock#leuconedys#AMNH112960#s#v#p3#l1#M2#R_aug_vivid.jpg
train,leuconedys,1,offline_augmented,Hoolock,leuconedys,AMNH112960,AMNH,p3,l1,M2,R,train/leuconedys/leuconedys_AMNH112960/Hoolock#leuconedys#AMNH112960#s#v#p3#l1#M2#R_aug_warm.jpg
train,leuconedys,1,original,Hoolock,leuconedys,AMNH112960,AMNH,p3,l1,M3,R,train/leuconedys/leuconedys_AMNH112960/Hoolock#leuconedys#AMNH112960#s#v#p3#l1#M3#R.jpg
train,leuconedys,1,offline_augmented,Hoolock,leuconedys,AMNH112960,AMNH,p3,l1,M3,R,train/leuconedys/leuconedys_AMNH112960/Hoolock#leuconedys#AMNH112960#s#v#p3#l1#M3#R_aug_bright_sat.jpg
train,leuconedys,1,offline_augmented,Hoolock,leuconedys,AMNH112960,AMNH,p3,l1,M3,R,train/leuconedys/leuconedys_AMNH112960/Hoolock#leuconedys#AMNH112960#s#v#p3#l1#M3#R_aug_dark_con.jpg
train,leuconedys,1,offline_augmented,Hoolock,leuconedys,AMNH112960,AMNH,p3,l1,M3,R,train/leuconedys/leuconedys_AMNH112960/Hoolock#leuconedys#AMNH112960#s#v#p3#l1#M3#R_aug_hicon.jpg
train,leuconedys,1,offline_augmented,Hoolock,leuconedys,AMNH112960,AMNH,p3,l1,M3,R,train/leuconedys/leuconedys_AMNH112960/Hoolock#leuconedys#AMNH112960#s#v#p3#l1#M3#R_aug_soft.jpg
train,leuconedys,1,offline_augmented,Hoolock,leuconedys,AMNH112960,AMNH,p3,l1,M3,R,train/leuconedys/leuconedys_AMNH112960/Hoolock#leuconedys#AMNH112960#s#v#p3#l1#M3#R_aug_vivid.jpg
train,leuconedys,1,original,Hoolock,leuconedys,AMNH112965,AMNH,p1,l1,M1,R,train/leuconedys/leuconedys_AMNH112965/Hoolock#leuconedys#AMNH112965#s#v#p1#l1#M1#R.jpg
train,leuconedys,1,offline_augmented,Hoolock,leuconedys,AMNH112965,AMNH,p1,l1,M1,R,train/leuconedys/leuconedys_AMNH112965/Hoolock#leuconedys#AMNH112965#s#v#p1#l1#M1#R_aug_bright_sat.jpg
train,leuconedys,1,offline_augmented,Hoolock,leuconedys,AMNH112965,AMNH,p1,l1,M1,R,train/leuconedys/leuconedys_AMNH112965/Hoolock#leuconedys#AMNH112965#s#v#p1#l1#M1#R_aug_dark_con.jpg
train,leuconedys,1,offline_augmented,Hoolock,leuconedys,AMNH112965,AMNH,p1,l1,M1,R,train/leuconedys/leuconedys_AMNH112965/Hoolock#leuconedys#AMNH112965#s#v#p1#l1#M1#R_aug_muted.jpg
train,leuconedys,1,offline_augmented,Hoolock,leuconedys,AMNH112965,AMNH,p1,l1,M1,R,train/leuconedys/leuconedys_AMNH112965/Hoolock#leuconedys#AMNH112965#s#v#p1#l1#M1#R_aug_soft.jpg
train,leuconedys,1,offline_augmented,Hoolock,leuconedys,AMNH112965,AMNH,p1,l1,M1,R,train/leuconedys/leuconedys_AMNH112965/Hoolock#leuconedys#AMNH112965#s#v#p1#l1#M1#R_aug_vivid.jpg
train,leuconedys,1,original,Hoolock,leuconedys,IOZ26671,IOZ,p1,l1,M1,R,train/leuconedys/leuconedys_IOZ26671/Hoolock#leuconedys#IOZ26671#s#v#p1#l1#M1#R#B.jpg
train,leuconedys,1,offline_augmented,Hoolock,leuconedys,IOZ26671,IOZ,p1,l1,M1,R,train/leuconedys/leuconedys_IOZ26671/Hoolock#leuconedys#IOZ26671#s#v#p1#l1#M1#R#B_aug_bright_sat.jpg
train,leuconedys,1,offline_augmented,Hoolock,leuconedys,IOZ26671,IOZ,p1,l1,M1,R,train/leuconedys/leuconedys_IOZ26671/Hoolock#leuconedys#IOZ26671#s#v#p1#l1#M1#R#B_aug_cool.jpg
train,leuconedys,1,offline_augmented,Hoolock,leuconedys,IOZ26671,IOZ,p1,l1,M1,R,train/leuconedys/leuconedys_IOZ26671/Hoolock#leuconedys#IOZ26671#s#v#p1#l1#M1#R#B_aug_dark_con.jpg
train,leuconedys,1,offline_augmented,Hoolock,leuconedys,IOZ26671,IOZ,p1,l1,M1,R,train/leuconedys/leuconedys_IOZ26671/Hoolock#leuconedys#IOZ26671#s#v#p1#l1#M1#R#B_aug_hicon.jpg
train,leuconedys,1,offline_augmented,Hoolock,leuconedys,IOZ26671,IOZ,p1,l1,M1,R,train/leuconedys/leuconedys_IOZ26671/Hoolock#leuconedys#IOZ26671#s#v#p1#l1#M1#R#B_aug_soft.jpg
train,leuconedys,1,original,Hoolock,leuconedys,IOZ26671,IOZ,p1,l1,M2,R,train/leuconedys/leuconedys_IOZ26671/Hoolock#leuconedys#IOZ26671#s#v#p1#l1#M2#R.jpg
train,leuconedys,1,offline_augmented,Hoolock,leuconedys,IOZ26671,IOZ,p1,l1,M2,R,train/leuconedys/leuconedys_IOZ26671/Hoolock#leuconedys#IOZ26671#s#v#p1#l1#M2#R_aug_bright_sat.jpg
train,leuconedys,1,offline_augmented,Hoolock,leuconedys,IOZ26671,IOZ,p1,l1,M2,R,train/leuconedys/leuconedys_IOZ26671/Hoolock#leuconedys#IOZ26671#s#v#p1#l1#M2#R_aug_cool.jpg
train,leuconedys,1,offline_augmented,Hoolock,leuconedys,IOZ26671,IOZ,p1,l1,M2,R,train/leuconedys/leuconedys_IOZ26671/Hoolock#leuconedys#IOZ26671#s#v#p1#l1#M2#R_aug_soft.jpg
train,leuconedys,1,offline_augmented,Hoolock,leuconedys,IOZ26671,IOZ,p1,l1,M2,R,train/leuconedys/leuconedys_IOZ26671/Hoolock#leuconedys#IOZ26671#s#v#p1#l1#M2#R_aug_vivid.jpg
train,leuconedys,1,offline_augmented,Hoolock,leuconedys,IOZ26671,IOZ,p1,l1,M2,R,train/leuconedys/leuconedys_IOZ26671/Hoolock#leuconedys#IOZ26671#s#v#p1#l1#M2#R_aug_warm.jpg
train,leuconedys,1,original,Hoolock,leuconedys,IOZ26671,IOZ,p2,l1,M2,R,train/leuconedys/leuconedys_IOZ26671/Hoolock#leuconedys#IOZ26671#s#v#p2#l1#M2#R.jpg
train,leuconedys,1,offline_augmented,Hoolock,leuconedys,IOZ26671,IOZ,p2,l1,M2,R,train/leuconedys/leuconedys_IOZ26671/Hoolock#leuconedys#IOZ26671#s#v#p2#l1#M2#R_aug_bright_sat.jpg
train,leuconedys,1,offline_augmented,Hoolock,leuconedys,IOZ26671,IOZ,p2,l1,M2,R,train/leuconedys/leuconedys_IOZ26671/Hoolock#leuconedys#IOZ26671#s#v#p2#l1#M2#R_aug_cool.jpg
train,leuconedys,1,offline_augmented,Hoolock,leuconedys,IOZ26671,IOZ,p2,l1,M2,R,train/leuconedys/leuconedys_IOZ26671/Hoolock#leuconedys#IOZ26671#s#v#p2#l1#M2#R_aug_dark_con.jpg
train,leuconedys,1,offline_augmented,Hoolock,leuconedys,IOZ26671,IOZ,p2,l1,M2,R,train/leuconedys/leuconedys_IOZ26671/Hoolock#leuconedys#IOZ26671#s#v#p2#l1#M2#R_aug_muted.jpg
train,leuconedys,1,offline_augmented,Hoolock,leuconedys,IOZ26671,IOZ,p2,l1,M2,R,train/leuconedys/leuconedys_IOZ26671/Hoolock#leuconedys#IOZ26671#s#v#p2#l1#M2#R_aug_warm.jpg
train,leuconedys,1,original,Hoolock,leuconedys,KIZ011345,KIZ,p1,l1,M1,R,train/leuconedys/leuconedys_KIZ011345/Hoolock#leuconedys#KIZ011345#s#v#p1#l1#M1#R#A.jpg
train,leuconedys,1,offline_augmented,Hoolock,leuconedys,KIZ011345,KIZ,p1,l1,M1,R,train/leuconedys/leuconedys_KIZ011345/Hoolock#leuconedys#KIZ011345#s#v#p1#l1#M1#R#A_aug_bright_sat.jpg
train,leuconedys,1,offline_augmented,Hoolock,leuconedys,KIZ011345,KIZ,p1,l1,M1,R,train/leuconedys/leuconedys_KIZ011345/Hoolock#leuconedys#KIZ011345#s#v#p1#l1#M1#R#A_aug_dark_con.jpg
train,leuconedys,1,offline_augmented,Hoolock,leuconedys,KIZ011345,KIZ,p1,l1,M1,R,train/leuconedys/leuconedys_KIZ011345/Hoolock#leuconedys#KIZ011345#s#v#p1#l1#M1#R#A_aug_hicon.jpg
train,leuconedys,1,offline_augmented,Hoolock,leuconedys,KIZ011345,KIZ,p1,l1,M1,R,train/leuconedys/leuconedys_KIZ011345/Hoolock#leuconedys#KIZ011345#s#v#p1#l1#M1#R#A_aug_muted.jpg
train,leuconedys,1,offline_augmented,Hoolock,leuconedys,KIZ011345,KIZ,p1,l1,M1,R,train/leuconedys/leuconedys_KIZ011345/Hoolock#leuconedys#KIZ011345#s#v#p1#l1#M1#R#A_aug_soft.jpg
train,leuconedys,1,original,Hoolock,leuconedys,KIZ011345,KIZ,p2,l1,M1,R,train/leuconedys/leuconedys_KIZ011345/Hoolock#leuconedys#KIZ011345#s#v#p2#l1#M1#R#A.jpg
train,leuconedys,1,offline_augmented,Hoolock,leuconedys,KIZ011345,KIZ,p2,l1,M1,R,train/leuconedys/leuconedys_KIZ011345/Hoolock#leuconedys#KIZ011345#s#v#p2#l1#M1#R#A_aug_bright_sat.jpg
train,leuconedys,1,offline_augmented,Hoolock,leuconedys,KIZ011345,KIZ,p2,l1,M1,R,train/leuconedys/leuconedys_KIZ011345/Hoolock#leuconedys#KIZ011345#s#v#p2#l1#M1#R#A_aug_cool.jpg
train,leuconedys,1,offline_augmented,Hoolock,leuconedys,KIZ011345,KIZ,p2,l1,M1,R,train/leuconedys/leuconedys_KIZ011345/Hoolock#leuconedys#KIZ011345#s#v#p2#l1#M1#R#A_aug_hicon.jpg
train,leuconedys,1,offline_augmented,Hoolock,leuconedys,KIZ011345,KIZ,p2,l1,M1,R,train/leuconedys/leuconedys_KIZ011345/Hoolock#leuconedys#KIZ011345#s#v#p2#l1#M1#R#A_aug_muted.jpg
train,leuconedys,1,offline_augmented,Hoolock,leuconedys,KIZ011345,KIZ,p2,l1,M1,R,train/leuconedys/leuconedys_KIZ011345/Hoolock#leuconedys#KIZ011345#s#v#p2#l1#M1#R#A_aug_vivid.jpg
train,leuconedys,1,original,Hoolock,leuconedys,KIZ011796,KIZ,p1,l1,M1,R,train/leuconedys/leuconedys_KIZ011796/Hoolock#leuconedys#KIZ011796#s#v#p1#l1#M1#R.jpg
train,leuconedys,1,offline_augmented,Hoolock,leuconedys,KIZ011796,KIZ,p1,l1,M1,R,train/leuconedys/leuconedys_KIZ011796/Hoolock#leuconedys#KIZ011796#s#v#p1#l1#M1#R_aug_cool.jpg
train,leuconedys,1,offline_augmented,Hoolock,leuconedys,KIZ011796,KIZ,p1,l1,M1,R,train/leuconedys/leuconedys_KIZ011796/Hoolock#leuconedys#KIZ011796#s#v#p1#l1#M1#R_aug_muted.jpg
train,leuconedys,1,offline_augmented,Hoolock,leuconedys,KIZ011796,KIZ,p1,l1,M1,R,train/leuconedys/leuconedys_KIZ011796/Hoolock#leuconedys#KIZ011796#s#v#p1#l1#M1#R_aug_soft.jpg
train,leuconedys,1,offline_augmented,Hoolock,leuconedys,KIZ011796,KIZ,p1,l1,M1,R,train/leuconedys/leuconedys_KIZ011796/Hoolock#leuconedys#KIZ011796#s#v#p1#l1#M1#R_aug_vivid.jpg
train,leuconedys,1,offline_augmented,Hoolock,leuconedys,KIZ011796,KIZ,p1,l1,M1,R,train/leuconedys/leuconedys_KIZ011796/Hoolock#leuconedys#KIZ011796#s#v#p1#l1#M1#R_aug_warm.jpg
train,leuconedys,1,original,Hoolock,leuconedys,KIZ011796,KIZ,p2,l1,M1,R,train/leuconedys/leuconedys_KIZ011796/Hoolock#leuconedys#KIZ011796#s#v#p2#l1#M1#R.jpg
train,leuconedys,1,offline_augmented,Hoolock,leuconedys,KIZ011796,KIZ,p2,l1,M1,R,train/leuconedys/leuconedys_KIZ011796/Hoolock#leuconedys#KIZ011796#s#v#p2#l1#M1#R_aug_cool.jpg
train,leuconedys,1,offline_augmented,Hoolock,leuconedys,KIZ011796,KIZ,p2,l1,M1,R,train/leuconedys/leuconedys_KIZ011796/Hoolock#leuconedys#KIZ011796#s#v#p2#l1#M1#R_aug_hicon.jpg
train,leuconedys,1,offline_augmented,Hoolock,leuconedys,KIZ011796,KIZ,p2,l1,M1,R,train/leuconedys/leuconedys_KIZ011796/Hoolock#leuconedys#KIZ011796#s#v#p2#l1#M1#R_aug_muted.jpg
train,leuconedys,1,offline_augmented,Hoolock,leuconedys,KIZ011796,KIZ,p2,l1,M1,R,train/leuconedys/leuconedys_KIZ011796/Hoolock#leuconedys#KIZ011796#s#v#p2#l1#M1#R_aug_soft.jpg
train,leuconedys,1,offline_augmented,Hoolock,leuconedys,KIZ011796,KIZ,p2,l1,M1,R,train/leuconedys/leuconedys_KIZ011796/Hoolock#leuconedys#KIZ011796#s#v#p2#l1#M1#R_aug_warm.jpg
train,leuconedys,1,original,Hoolock,leuconedys,KIZ011957,KIZ,p1,l1,M3,L,train/leuconedys/leuconedys_KIZ011957/Hoolock#leuconedys#KIZ011957#s#v#p1#l1#M3#L.jpg
train,leuconedys,1,offline_augmented,Hoolock,leuconedys,KIZ011957,KIZ,p1,l1,M3,L,train/leuconedys/leuconedys_KIZ011957/Hoolock#leuconedys#KIZ011957#s#v#p1#l1#M3#L_aug_bright_sat.jpg
train,leuconedys,1,offline_augmented,Hoolock,leuconedys,KIZ011957,KIZ,p1,l1,M3,L,train/leuconedys/leuconedys_KIZ011957/Hoolock#leuconedys#KIZ011957#s#v#p1#l1#M3#L_aug_cool.jpg
train,leuconedys,1,offline_augmented,Hoolock,leuconedys,KIZ011957,KIZ,p1,l1,M3,L,train/leuconedys/leuconedys_KIZ011957/Hoolock#leuconedys#KIZ011957#s#v#p1#l1#M3#L_aug_dark_con.jpg
train,leuconedys,1,offline_augmented,Hoolock,leuconedys,KIZ011957,KIZ,p1,l1,M3,L,train/leuconedys/leuconedys_KIZ011957/Hoolock#leuconedys#KIZ011957#s#v#p1#l1#M3#L_aug_hicon.jpg
train,leuconedys,1,offline_augmented,Hoolock,leuconedys,KIZ011957,KIZ,p1,l1,M3,L,train/leuconedys/leuconedys_KIZ011957/Hoolock#leuconedys#KIZ011957#s#v#p1#l1#M3#L_aug_vivid.jpg
train,leuconedys,1,original,Hoolock,leuconedys,KIZ011957,KIZ,p2,l1,M1,R,train/leuconedys/leuconedys_KIZ011957/Hoolock#leuconedys#KIZ011957#s#v#p2#l1#M1#R#B.jpg
train,leuconedys,1,offline_augmented,Hoolock,leuconedys,KIZ011957,KIZ,p2,l1,M1,R,train/leuconedys/leuconedys_KIZ011957/Hoolock#leuconedys#KIZ011957#s#v#p2#l1#M1#R#B_aug_cool.jpg
train,leuconedys,1,offline_augmented,Hoolock,leuconedys,KIZ011957,KIZ,p2,l1,M1,R,train/leuconedys/leuconedys_KIZ011957/Hoolock#leuconedys#KIZ011957#s#v#p2#l1#M1#R#B_aug_dark_con.jpg
train,leuconedys,1,offline_augmented,Hoolock,leuconedys,KIZ011957,KIZ,p2,l1,M1,R,train/leuconedys/leuconedys_KIZ011957/Hoolock#leuconedys#KIZ011957#s#v#p2#l1#M1#R#B_aug_hicon.jpg
train,leuconedys,1,offline_augmented,Hoolock,leuconedys,KIZ011957,KIZ,p2,l1,M1,R,train/leuconedys/leuconedys_KIZ011957/Hoolock#leuconedys#KIZ011957#s#v#p2#l1#M1#R#B_aug_muted.jpg
train,leuconedys,1,offline_augmented,Hoolock,leuconedys,KIZ011957,KIZ,p2,l1,M1,R,train/leuconedys/leuconedys_KIZ011957/Hoolock#leuconedys#KIZ011957#s#v#p2#l1#M1#R#B_aug_vivid.jpg
train,leuconedys,1,original,Hoolock,leuconedys,KIZ011957,KIZ,p2,l1,M2,R,train/leuconedys/leuconedys_KIZ011957/Hoolock#leuconedys#KIZ011957#s#v#p2#l1#M2#R.jpg
train,leuconedys,1,offline_augmented,Hoolock,leuconedys,KIZ011957,KIZ,p2,l1,M2,R,train/leuconedys/leuconedys_KIZ011957/Hoolock#leuconedys#KIZ011957#s#v#p2#l1#M2#R_aug_bright_sat.jpg
train,leuconedys,1,offline_augmented,Hoolock,leuconedys,KIZ011957,KIZ,p2,l1,M2,R,train/leuconedys/leuconedys_KIZ011957/Hoolock#leuconedys#KIZ011957#s#v#p2#l1#M2#R_aug_dark_con.jpg
train,leuconedys,1,offline_augmented,Hoolock,leuconedys,KIZ011957,KIZ,p2,l1,M2,R,train/leuconedys/leuconedys_KIZ011957/Hoolock#leuconedys#KIZ011957#s#v#p2#l1#M2#R_aug_hicon.jpg
train,leuconedys,1,offline_augmented,Hoolock,leuconedys,KIZ011957,KIZ,p2,l1,M2,R,train/leuconedys/leuconedys_KIZ011957/Hoolock#leuconedys#KIZ011957#s#v#p2#l1#M2#R_aug_muted.jpg
train,leuconedys,1,offline_augmented,Hoolock,leuconedys,KIZ011957,KIZ,p2,l1,M2,R,train/leuconedys/leuconedys_KIZ011957/Hoolock#leuconedys#KIZ011957#s#v#p2#l1#M2#R_aug_vivid.jpg
train,leuconedys,1,original,Hoolock,leuconedys,KIZ011957,KIZ,p3,l1,M1,R,train/leuconedys/leuconedys_KIZ011957/Hoolock#leuconedys#KIZ011957#s#v#p3#l1#M1#R#B.jpg
train,leuconedys,1,offline_augmented,Hoolock,leuconedys,KIZ011957,KIZ,p3,l1,M1,R,train/leuconedys/leuconedys_KIZ011957/Hoolock#leuconedys#KIZ011957#s#v#p3#l1#M1#R#B_aug_dark_con.jpg
train,leuconedys,1,offline_augmented,Hoolock,leuconedys,KIZ011957,KIZ,p3,l1,M1,R,train/leuconedys/leuconedys_KIZ011957/Hoolock#leuconedys#KIZ011957#s#v#p3#l1#M1#R#B_aug_hicon.jpg
train,leuconedys,1,offline_augmented,Hoolock,leuconedys,KIZ011957,KIZ,p3,l1,M1,R,train/leuconedys/leuconedys_KIZ011957/Hoolock#leuconedys#KIZ011957#s#v#p3#l1#M1#R#B_aug_muted.jpg
train,leuconedys,1,offline_augmented,Hoolock,leuconedys,KIZ011957,KIZ,p3,l1,M1,R,train/leuconedys/leuconedys_KIZ011957/Hoolock#leuconedys#KIZ011957#s#v#p3#l1#M1#R#B_aug_soft.jpg
train,leuconedys,1,offline_augmented,Hoolock,leuconedys,KIZ011957,KIZ,p3,l1,M1,R,train/leuconedys/leuconedys_KIZ011957/Hoolock#leuconedys#KIZ011957#s#v#p3#l1#M1#R#B_aug_vivid.jpg
train,leuconedys,1,original,Hoolock,leuconedys,KIZ011957,KIZ,p3,l1,M2,R,train/leuconedys/leuconedys_KIZ011957/Hoolock#leuconedys#KIZ011957#s#v#p3#l1#M2#R.jpg
train,leuconedys,1,offline_augmented,Hoolock,leuconedys,KIZ011957,KIZ,p3,l1,M2,R,train/leuconedys/leuconedys_KIZ011957/Hoolock#leuconedys#KIZ011957#s#v#p3#l1#M2#R_aug_bright_sat.jpg
train,leuconedys,1,offline_augmented,Hoolock,leuconedys,KIZ011957,KIZ,p3,l1,M2,R,train/leuconedys/leuconedys_KIZ011957/Hoolock#leuconedys#KIZ011957#s#v#p3#l1#M2#R_aug_dark_con.jpg
train,leuconedys,1,offline_augmented,Hoolock,leuconedys,KIZ011957,KIZ,p3,l1,M2,R,train/leuconedys/leuconedys_KIZ011957/Hoolock#leuconedys#KIZ011957#s#v#p3#l1#M2#R_aug_muted.jpg
train,leuconedys,1,offline_augmented,Hoolock,leuconedys,KIZ011957,KIZ,p3,l1,M2,R,train/leuconedys/leuconedys_KIZ011957/Hoolock#leuconedys#KIZ011957#s#v#p3#l1#M2#R_aug_soft.jpg
train,leuconedys,1,offline_augmented,Hoolock,leuconedys,KIZ011957,KIZ,p3,l1,M2,R,train/leuconedys/leuconedys_KIZ011957/Hoolock#leuconedys#KIZ011957#s#v#p3#l1#M2#R_aug_warm.jpg
train,leuconedys,1,original,Hoolock,leuconedys,KIZ011958,KIZ,p1,l1,M2,R,train/leuconedys/leuconedys_KIZ011958/Hoolock#leuconedys#KIZ011958#s#v#p1#l1#M2#R#A.jpg
train,leuconedys,1,offline_augmented,Hoolock,leuconedys,KIZ011958,KIZ,p1,l1,M2,R,train/leuconedys/leuconedys_KIZ011958/Hoolock#leuconedys#KIZ011958#s#v#p1#l1#M2#R#A_aug_cool.jpg
train,leuconedys,1,offline_augmented,Hoolock,leuconedys,KIZ011958,KIZ,p1,l1,M2,R,train/leuconedys/leuconedys_KIZ011958/Hoolock#leuconedys#KIZ011958#s#v#p1#l1#M2#R#A_aug_dark_con.jpg
train,leuconedys,1,offline_augmented,Hoolock,leuconedys,KIZ011958,KIZ,p1,l1,M2,R,train/leuconedys/leuconedys_KIZ011958/Hoolock#leuconedys#KIZ011958#s#v#p1#l1#M2#R#A_aug_muted.jpg
train,leuconedys,1,offline_augmented,Hoolock,leuconedys,KIZ011958,KIZ,p1,l1,M2,R,train/leuconedys/leuconedys_KIZ011958/Hoolock#leuconedys#KIZ011958#s#v#p1#l1#M2#R#A_aug_soft.jpg
train,leuconedys,1,offline_augmented,Hoolock,leuconedys,KIZ011958,KIZ,p1,l1,M2,R,train/leuconedys/leuconedys_KIZ011958/Hoolock#leuconedys#KIZ011958#s#v#p1#l1#M2#R#A_aug_vivid.jpg
train,leuconedys,1,original,Hoolock,leuconedys,KIZ011958,KIZ,p1,l1,M3,R,train/leuconedys/leuconedys_KIZ011958/Hoolock#leuconedys#KIZ011958#s#v#p1#l1#M3#R#B.jpg
train,leuconedys,1,offline_augmented,Hoolock,leuconedys,KIZ011958,KIZ,p1,l1,M3,R,train/leuconedys/leuconedys_KIZ011958/Hoolock#leuconedys#KIZ011958#s#v#p1#l1#M3#R#B_aug_bright_sat.jpg
train,leuconedys,1,offline_augmented,Hoolock,leuconedys,KIZ011958,KIZ,p1,l1,M3,R,train/leuconedys/leuconedys_KIZ011958/Hoolock#leuconedys#KIZ011958#s#v#p1#l1#M3#R#B_aug_cool.jpg
train,leuconedys,1,offline_augmented,Hoolock,leuconedys,KIZ011958,KIZ,p1,l1,M3,R,train/leuconedys/leuconedys_KIZ011958/Hoolock#leuconedys#KIZ011958#s#v#p1#l1#M3#R#B_aug_hicon.jpg
train,leuconedys,1,offline_augmented,Hoolock,leuconedys,KIZ011958,KIZ,p1,l1,M3,R,train/leuconedys/leuconedys_KIZ011958/Hoolock#leuconedys#KIZ011958#s#v#p1#l1#M3#R#B_aug_soft.jpg
train,leuconedys,1,offline_augmented,Hoolock,leuconedys,KIZ011958,KIZ,p1,l1,M3,R,train/leuconedys/leuconedys_KIZ011958/Hoolock#leuconedys#KIZ011958#s#v#p1#l1#M3#R#B_aug_vivid.jpg
train,leuconedys,1,original,Hoolock,leuconedys,KIZ011958,KIZ,p2,l1,M2,R,train/leuconedys/leuconedys_KIZ011958/Hoolock#leuconedys#KIZ011958#s#v#p2#l1#M2#R#A.jpg
train,leuconedys,1,offline_augmented,Hoolock,leuconedys,KIZ011958,KIZ,p2,l1,M2,R,train/leuconedys/leuconedys_KIZ011958/Hoolock#leuconedys#KIZ011958#s#v#p2#l1#M2#R#A_aug_bright_sat.jpg
train,leuconedys,1,offline_augmented,Hoolock,leuconedys,KIZ011958,KIZ,p2,l1,M2,R,train/leuconedys/leuconedys_KIZ011958/Hoolock#leuconedys#KIZ011958#s#v#p2#l1#M2#R#A_aug_dark_con.jpg
train,leuconedys,1,offline_augmented,Hoolock,leuconedys,KIZ011958,KIZ,p2,l1,M2,R,train/leuconedys/leuconedys_KIZ011958/Hoolock#leuconedys#KIZ011958#s#v#p2#l1#M2#R#A_aug_muted.jpg
train,leuconedys,1,offline_augmented,Hoolock,leuconedys,KIZ011958,KIZ,p2,l1,M2,R,train/leuconedys/leuconedys_KIZ011958/Hoolock#leuconedys#KIZ011958#s#v#p2#l1#M2#R#A_aug_vivid.jpg
train,leuconedys,1,offline_augmented,Hoolock,leuconedys,KIZ011958,KIZ,p2,l1,M2,R,train/leuconedys/leuconedys_KIZ011958/Hoolock#leuconedys#KIZ011958#s#v#p2#l1#M2#R#A_aug_warm.jpg
train,leuconedys,1,original,Hoolock,leuconedys,KIZ011958,KIZ,p3,l1,M2,R,train/leuconedys/leuconedys_KIZ011958/Hoolock#leuconedys#KIZ011958#s#v#p3#l1#M2#R#A.jpg
train,leuconedys,1,offline_augmented,Hoolock,leuconedys,KIZ011958,KIZ,p3,l1,M2,R,train/leuconedys/leuconedys_KIZ011958/Hoolock#leuconedys#KIZ011958#s#v#p3#l1#M2#R#A_aug_cool.jpg
train,leuconedys,1,offline_augmented,Hoolock,leuconedys,KIZ011958,KIZ,p3,l1,M2,R,train/leuconedys/leuconedys_KIZ011958/Hoolock#leuconedys#KIZ011958#s#v#p3#l1#M2#R#A_aug_hicon.jpg
train,leuconedys,1,offline_augmented,Hoolock,leuconedys,KIZ011958,KIZ,p3,l1,M2,R,train/leuconedys/leuconedys_KIZ011958/Hoolock#leuconedys#KIZ011958#s#v#p3#l1#M2#R#A_aug_soft.jpg
train,leuconedys,1,offline_augmented,Hoolock,leuconedys,KIZ011958,KIZ,p3,l1,M2,R,train/leuconedys/leuconedys_KIZ011958/Hoolock#leuconedys#KIZ011958#s#v#p3#l1#M2#R#A_aug_vivid.jpg
train,leuconedys,1,offline_augmented,Hoolock,leuconedys,KIZ011958,KIZ,p3,l1,M2,R,train/leuconedys/leuconedys_KIZ011958/Hoolock#leuconedys#KIZ011958#s#v#p3#l1#M2#R#A_aug_warm.jpg
train,leuconedys,1,original,Hoolock,leuconedys,KIZ011960,KIZ,p1,l1,M1,L,train/leuconedys/leuconedys_KIZ011960/Hoolock#leuconedys#KIZ011960#s#v#p1#l1#M1#L#B.jpg
train,leuconedys,1,offline_augmented,Hoolock,leuconedys,KIZ011960,KIZ,p1,l1,M1,L,train/leuconedys/leuconedys_KIZ011960/Hoolock#leuconedys#KIZ011960#s#v#p1#l1#M1#L#B_aug_bright_sat.jpg
train,leuconedys,1,offline_augmented,Hoolock,leuconedys,KIZ011960,KIZ,p1,l1,M1,L,train/leuconedys/leuconedys_KIZ011960/Hoolock#leuconedys#KIZ011960#s#v#p1#l1#M1#L#B_aug_dark_con.jpg
train,leuconedys,1,offline_augmented,Hoolock,leuconedys,KIZ011960,KIZ,p1,l1,M1,L,train/leuconedys/leuconedys_KIZ011960/Hoolock#leuconedys#KIZ011960#s#v#p1#l1#M1#L#B_aug_hicon.jpg
train,leuconedys,1,offline_augmented,Hoolock,leuconedys,KIZ011960,KIZ,p1,l1,M1,L,train/leuconedys/leuconedys_KIZ011960/Hoolock#leuconedys#KIZ011960#s#v#p1#l1#M1#L#B_aug_muted.jpg
train,leuconedys,1,offline_augmented,Hoolock,leuconedys,KIZ011960,KIZ,p1,l1,M1,L,train/leuconedys/leuconedys_KIZ011960/Hoolock#leuconedys#KIZ011960#s#v#p1#l1#M1#L#B_aug_vivid.jpg
train,leuconedys,1,original,Hoolock,leuconedys,KIZ011960,KIZ,p1,l1,M2,L,train/leuconedys/leuconedys_KIZ011960/Hoolock#leuconedys#KIZ011960#s#v#p1#l1#M2#L.jpg
train,leuconedys,1,offline_augmented,Hoolock,leuconedys,KIZ011960,KIZ,p1,l1,M2,L,train/leuconedys/leuconedys_KIZ011960/Hoolock#leuconedys#KIZ011960#s#v#p1#l1#M2#L_aug_bright_sat.jpg
train,leuconedys,1,offline_augmented,Hoolock,leuconedys,KIZ011960,KIZ,p1,l1,M2,L,train/leuconedys/leuconedys_KIZ011960/Hoolock#leuconedys#KIZ011960#s#v#p1#l1#M2#L_aug_cool.jpg
train,leuconedys,1,offline_augmented,Hoolock,leuconedys,KIZ011960,KIZ,p1,l1,M2,L,train/leuconedys/leuconedys_KIZ011960/Hoolock#leuconedys#KIZ011960#s#v#p1#l1#M2#L_aug_dark_con.jpg
train,leuconedys,1,offline_augmented,Hoolock,leuconedys,KIZ011960,KIZ,p1,l1,M2,L,train/leuconedys/leuconedys_KIZ011960/Hoolock#leuconedys#KIZ011960#s#v#p1#l1#M2#L_aug_muted.jpg
train,leuconedys,1,offline_augmented,Hoolock,leuconedys,KIZ011960,KIZ,p1,l1,M2,L,train/leuconedys/leuconedys_KIZ011960/Hoolock#leuconedys#KIZ011960#s#v#p1#l1#M2#L_aug_warm.jpg
train,leuconedys,1,original,Hoolock,leuconedys,KIZ011960,KIZ,p1,l1,M3,L,train/leuconedys/leuconedys_KIZ011960/Hoolock#leuconedys#KIZ011960#s#v#p1#l1#M3#L.jpg
train,leuconedys,1,offline_augmented,Hoolock,leuconedys,KIZ011960,KIZ,p1,l1,M3,L,train/leuconedys/leuconedys_KIZ011960/Hoolock#leuconedys#KIZ011960#s#v#p1#l1#M3#L_aug_bright_sat.jpg
train,leuconedys,1,offline_augmented,Hoolock,leuconedys,KIZ011960,KIZ,p1,l1,M3,L,train/leuconedys/leuconedys_KIZ011960/Hoolock#leuconedys#KIZ011960#s#v#p1#l1#M3#L_aug_dark_con.jpg
train,leuconedys,1,offline_augmented,Hoolock,leuconedys,KIZ011960,KIZ,p1,l1,M3,L,train/leuconedys/leuconedys_KIZ011960/Hoolock#leuconedys#KIZ011960#s#v#p1#l1#M3#L_aug_muted.jpg
train,leuconedys,1,offline_augmented,Hoolock,leuconedys,KIZ011960,KIZ,p1,l1,M3,L,train/leuconedys/leuconedys_KIZ011960/Hoolock#leuconedys#KIZ011960#s#v#p1#l1#M3#L_aug_soft.jpg
train,leuconedys,1,offline_augmented,Hoolock,leuconedys,KIZ011960,KIZ,p1,l1,M3,L,train/leuconedys/leuconedys_KIZ011960/Hoolock#leuconedys#KIZ011960#s#v#p1#l1#M3#L_aug_vivid.jpg
train,leuconedys,1,original,Hoolock,leuconedys,KIZ011960,KIZ,p2,l1,M1,L,train/leuconedys/leuconedys_KIZ011960/Hoolock#leuconedys#KIZ011960#s#v#p2#l1#M1#L#B.jpg
train,leuconedys,1,offline_augmented,Hoolock,leuconedys,KIZ011960,KIZ,p2,l1,M1,L,train/leuconedys/leuconedys_KIZ011960/Hoolock#leuconedys#KIZ011960#s#v#p2#l1#M1#L#B_aug_cool.jpg
train,leuconedys,1,offline_augmented,Hoolock,leuconedys,KIZ011960,KIZ,p2,l1,M1,L,train/leuconedys/leuconedys_KIZ011960/Hoolock#leuconedys#KIZ011960#s#v#p2#l1#M1#L#B_aug_hicon.jpg
train,leuconedys,1,offline_augmented,Hoolock,leuconedys,KIZ011960,KIZ,p2,l1,M1,L,train/leuconedys/leuconedys_KIZ011960/Hoolock#leuconedys#KIZ011960#s#v#p2#l1#M1#L#B_aug_muted.jpg
train,leuconedys,1,offline_augmented,Hoolock,leuconedys,KIZ011960,KIZ,p2,l1,M1,L,train/leuconedys/leuconedys_KIZ011960/Hoolock#leuconedys#KIZ011960#s#v#p2#l1#M1#L#B_aug_vivid.jpg
train,leuconedys,1,offline_augmented,Hoolock,leuconedys,KIZ011960,KIZ,p2,l1,M1,L,train/leuconedys/leuconedys_KIZ011960/Hoolock#leuconedys#KIZ011960#s#v#p2#l1#M1#L#B_aug_warm.jpg
train,leuconedys,1,original,Hoolock,leuconedys,KIZ011960,KIZ,p2,l1,M2,L,train/leuconedys/leuconedys_KIZ011960/Hoolock#leuconedys#KIZ011960#s#v#p2#l1#M2#L.jpg
train,leuconedys,1,offline_augmented,Hoolock,leuconedys,KIZ011960,KIZ,p2,l1,M2,L,train/leuconedys/leuconedys_KIZ011960/Hoolock#leuconedys#KIZ011960#s#v#p2#l1#M2#L_aug_hicon.jpg
train,leuconedys,1,offline_augmented,Hoolock,leuconedys,KIZ011960,KIZ,p2,l1,M2,L,train/leuconedys/leuconedys_KIZ011960/Hoolock#leuconedys#KIZ011960#s#v#p2#l1#M2#L_aug_muted.jpg
train,leuconedys,1,offline_augmented,Hoolock,leuconedys,KIZ011960,KIZ,p2,l1,M2,L,train/leuconedys/leuconedys_KIZ011960/Hoolock#leuconedys#KIZ011960#s#v#p2#l1#M2#L_aug_soft.jpg
train,leuconedys,1,offline_augmented,Hoolock,leuconedys,KIZ011960,KIZ,p2,l1,M2,L,train/leuconedys/leuconedys_KIZ011960/Hoolock#leuconedys#KIZ011960#s#v#p2#l1#M2#L_aug_vivid.jpg
train,leuconedys,1,offline_augmented,Hoolock,leuconedys,KIZ011960,KIZ,p2,l1,M2,L,train/leuconedys/leuconedys_KIZ011960/Hoolock#leuconedys#KIZ011960#s#v#p2#l1#M2#L_aug_warm.jpg
train,leuconedys,1,original,Hoolock,leuconedys,KIZ011960,KIZ,p2,l1,M3,L,train/leuconedys/leuconedys_KIZ011960/Hoolock#leuconedys#KIZ011960#s#v#p2#l1#M3#L.jpg
train,leuconedys,1,offline_augmented,Hoolock,leuconedys,KIZ011960,KIZ,p2,l1,M3,L,train/leuconedys/leuconedys_KIZ011960/Hoolock#leuconedys#KIZ011960#s#v#p2#l1#M3#L_aug_bright_sat.jpg
train,leuconedys,1,offline_augmented,Hoolock,leuconedys,KIZ011960,KIZ,p2,l1,M3,L,train/leuconedys/leuconedys_KIZ011960/Hoolock#leuconedys#KIZ011960#s#v#p2#l1#M3#L_aug_dark_con.jpg
train,leuconedys,1,offline_augmented,Hoolock,leuconedys,KIZ011960,KIZ,p2,l1,M3,L,train/leuconedys/leuconedys_KIZ011960/Hoolock#leuconedys#KIZ011960#s#v#p2#l1#M3#L_aug_hicon.jpg
train,leuconedys,1,offline_augmented,Hoolock,leuconedys,KIZ011960,KIZ,p2,l1,M3,L,train/leuconedys/leuconedys_KIZ011960/Hoolock#leuconedys#KIZ011960#s#v#p2#l1#M3#L_aug_soft.jpg
train,leuconedys,1,offline_augmented,Hoolock,leuconedys,KIZ011960,KIZ,p2,l1,M3,L,train/leuconedys/leuconedys_KIZ011960/Hoolock#leuconedys#KIZ011960#s#v#p2#l1#M3#L_aug_vivid.jpg
train,leuconedys,1,original,Hoolock,leuconedys,KIZ011960,KIZ,p3,l1,M1,L,train/leuconedys/leuconedys_KIZ011960/Hoolock#leuconedys#KIZ011960#s#v#p3#l1#M1#L#B.jpg
train,leuconedys,1,offline_augmented,Hoolock,leuconedys,KIZ011960,KIZ,p3,l1,M1,L,train/leuconedys/leuconedys_KIZ011960/Hoolock#leuconedys#KIZ011960#s#v#p3#l1#M1#L#B_aug_bright_sat.jpg
train,leuconedys,1,offline_augmented,Hoolock,leuconedys,KIZ011960,KIZ,p3,l1,M1,L,train/leuconedys/leuconedys_KIZ011960/Hoolock#leuconedys#KIZ011960#s#v#p3#l1#M1#L#B_aug_cool.jpg
train,leuconedys,1,offline_augmented,Hoolock,leuconedys,KIZ011960,KIZ,p3,l1,M1,L,train/leuconedys/leuconedys_KIZ011960/Hoolock#leuconedys#KIZ011960#s#v#p3#l1#M1#L#B_aug_hicon.jpg
train,leuconedys,1,offline_augmented,Hoolock,leuconedys,KIZ011960,KIZ,p3,l1,M1,L,train/leuconedys/leuconedys_KIZ011960/Hoolock#leuconedys#KIZ011960#s#v#p3#l1#M1#L#B_aug_muted.jpg
train,leuconedys,1,offline_augmented,Hoolock,leuconedys,KIZ011960,KIZ,p3,l1,M1,L,train/leuconedys/leuconedys_KIZ011960/Hoolock#leuconedys#KIZ011960#s#v#p3#l1#M1#L#B_aug_soft.jpg
train,leuconedys,1,original,Hoolock,leuconedys,KIZ011960,KIZ,p3,l1,M2,L,train/leuconedys/leuconedys_KIZ011960/Hoolock#leuconedys#KIZ011960#s#v#p3#l1#M2#L.jpg
train,leuconedys,1,offline_augmented,Hoolock,leuconedys,KIZ011960,KIZ,p3,l1,M2,L,train/leuconedys/leuconedys_KIZ011960/Hoolock#leuconedys#KIZ011960#s#v#p3#l1#M2#L_aug_dark_con.jpg
train,leuconedys,1,offline_augmented,Hoolock,leuconedys,KIZ011960,KIZ,p3,l1,M2,L,train/leuconedys/leuconedys_KIZ011960/Hoolock#leuconedys#KIZ011960#s#v#p3#l1#M2#L_aug_hicon.jpg
train,leuconedys,1,offline_augmented,Hoolock,leuconedys,KIZ011960,KIZ,p3,l1,M2,L,train/leuconedys/leuconedys_KIZ011960/Hoolock#leuconedys#KIZ011960#s#v#p3#l1#M2#L_aug_muted.jpg
train,leuconedys,1,offline_augmented,Hoolock,leuconedys,KIZ011960,KIZ,p3,l1,M2,L,train/leuconedys/leuconedys_KIZ011960/Hoolock#leuconedys#KIZ011960#s#v#p3#l1#M2#L_aug_soft.jpg
train,leuconedys,1,offline_augmented,Hoolock,leuconedys,KIZ011960,KIZ,p3,l1,M2,L,train/leuconedys/leuconedys_KIZ011960/Hoolock#leuconedys#KIZ011960#s#v#p3#l1#M2#L_aug_warm.jpg
train,leuconedys,1,original,Hoolock,leuconedys,KIZ011960,KIZ,p3,l1,M3,L,train/leuconedys/leuconedys_KIZ011960/Hoolock#leuconedys#KIZ011960#s#v#p3#l1#M3#L.jpg
train,leuconedys,1,offline_augmented,Hoolock,leuconedys,KIZ011960,KIZ,p3,l1,M3,L,train/leuconedys/leuconedys_KIZ011960/Hoolock#leuconedys#KIZ011960#s#v#p3#l1#M3#L_aug_bright_sat.jpg
train,leuconedys,1,offline_augmented,Hoolock,leuconedys,KIZ011960,KIZ,p3,l1,M3,L,train/leuconedys/leuconedys_KIZ011960/Hoolock#leuconedys#KIZ011960#s#v#p3#l1#M3#L_aug_cool.jpg
train,leuconedys,1,offline_augmented,Hoolock,leuconedys,KIZ011960,KIZ,p3,l1,M3,L,train/leuconedys/leuconedys_KIZ011960/Hoolock#leuconedys#KIZ011960#s#v#p3#l1#M3#L_aug_dark_con.jpg
train,leuconedys,1,offline_augmented,Hoolock,leuconedys,KIZ011960,KIZ,p3,l1,M3,L,train/leuconedys/leuconedys_KIZ011960/Hoolock#leuconedys#KIZ011960#s#v#p3#l1#M3#L_aug_soft.jpg
train,leuconedys,1,offline_augmented,Hoolock,leuconedys,KIZ011960,KIZ,p3,l1,M3,L,train/leuconedys/leuconedys_KIZ011960/Hoolock#leuconedys#KIZ011960#s#v#p3#l1#M3#L_aug_warm.jpg
train,leuconedys,1,original,Hoolock,leuconedys,KIZ011961,KIZ,p1,l1,M2,R,train/leuconedys/leuconedys_KIZ011961/Hoolock#leuconedys#KIZ011961#s#v#p1#l1#M2#R#A.jpg
train,leuconedys,1,offline_augmented,Hoolock,leuconedys,KIZ011961,KIZ,p1,l1,M2,R,train/leuconedys/leuconedys_KIZ011961/Hoolock#leuconedys#KIZ011961#s#v#p1#l1#M2#R#A_aug_bright_sat.jpg
train,leuconedys,1,offline_augmented,Hoolock,leuconedys,KIZ011961,KIZ,p1,l1,M2,R,train/leuconedys/leuconedys_KIZ011961/Hoolock#leuconedys#KIZ011961#s#v#p1#l1#M2#R#A_aug_cool.jpg
train,leuconedys,1,offline_augmented,Hoolock,leuconedys,KIZ011961,KIZ,p1,l1,M2,R,train/leuconedys/leuconedys_KIZ011961/Hoolock#leuconedys#KIZ011961#s#v#p1#l1#M2#R#A_aug_soft.jpg
train,leuconedys,1,offline_augmented,Hoolock,leuconedys,KIZ011961,KIZ,p1,l1,M2,R,train/leuconedys/leuconedys_KIZ011961/Hoolock#leuconedys#KIZ011961#s#v#p1#l1#M2#R#A_aug_vivid.jpg
train,leuconedys,1,offline_augmented,Hoolock,leuconedys,KIZ011961,KIZ,p1,l1,M2,R,train/leuconedys/leuconedys_KIZ011961/Hoolock#leuconedys#KIZ011961#s#v#p1#l1#M2#R#A_aug_warm.jpg
train,leuconedys,1,original,Hoolock,leuconedys,KIZ011961,KIZ,p1,l1,M3,R,train/leuconedys/leuconedys_KIZ011961/Hoolock#leuconedys#KIZ011961#s#v#p1#l1#M3#R.jpg
train,leuconedys,1,offline_augmented,Hoolock,leuconedys,KIZ011961,KIZ,p1,l1,M3,R,train/leuconedys/leuconedys_KIZ011961/Hoolock#leuconedys#KIZ011961#s#v#p1#l1#M3#R_aug_bright_sat.jpg
train,leuconedys,1,offline_augmented,Hoolock,leuconedys,KIZ011961,KIZ,p1,l1,M3,R,train/leuconedys/leuconedys_KIZ011961/Hoolock#leuconedys#KIZ011961#s#v#p1#l1#M3#R_aug_muted.jpg
train,leuconedys,1,offline_augmented,Hoolock,leuconedys,KIZ011961,KIZ,p1,l1,M3,R,train/leuconedys/leuconedys_KIZ011961/Hoolock#leuconedys#KIZ011961#s#v#p1#l1#M3#R_aug_soft.jpg
train,leuconedys,1,offline_augmented,Hoolock,leuconedys,KIZ011961,KIZ,p1,l1,M3,R,train/leuconedys/leuconedys_KIZ011961/Hoolock#leuconedys#KIZ011961#s#v#p1#l1#M3#R_aug_vivid.jpg
train,leuconedys,1,offline_augmented,Hoolock,leuconedys,KIZ011961,KIZ,p1,l1,M3,R,train/leuconedys/leuconedys_KIZ011961/Hoolock#leuconedys#KIZ011961#s#v#p1#l1#M3#R_aug_warm.jpg
train,leuconedys,1,original,Hoolock,leuconedys,KIZ011961,KIZ,p2,l1,M1,R,train/leuconedys/leuconedys_KIZ011961/Hoolock#leuconedys#KIZ011961#s#v#p2#l1#M1#R#A.jpg
train,leuconedys,1,offline_augmented,Hoolock,leuconedys,KIZ011961,KIZ,p2,l1,M1,R,train/leuconedys/leuconedys_KIZ011961/Hoolock#leuconedys#KIZ011961#s#v#p2#l1#M1#R#A_aug_bright_sat.jpg
train,leuconedys,1,offline_augmented,Hoolock,leuconedys,KIZ011961,KIZ,p2,l1,M1,R,train/leuconedys/leuconedys_KIZ011961/Hoolock#leuconedys#KIZ011961#s#v#p2#l1#M1#R#A_aug_dark_con.jpg
train,leuconedys,1,offline_augmented,Hoolock,leuconedys,KIZ011961,KIZ,p2,l1,M1,R,train/leuconedys/leuconedys_KIZ011961/Hoolock#leuconedys#KIZ011961#s#v#p2#l1#M1#R#A_aug_soft.jpg
train,leuconedys,1,offline_augmented,Hoolock,leuconedys,KIZ011961,KIZ,p2,l1,M1,R,train/leuconedys/leuconedys_KIZ011961/Hoolock#leuconedys#KIZ011961#s#v#p2#l1#M1#R#A_aug_vivid.jpg
train,leuconedys,1,offline_augmented,Hoolock,leuconedys,KIZ011961,KIZ,p2,l1,M1,R,train/leuconedys/leuconedys_KIZ011961/Hoolock#leuconedys#KIZ011961#s#v#p2#l1#M1#R#A_aug_warm.jpg
train,leuconedys,1,original,Hoolock,leuconedys,KIZ011961,KIZ,p2,l1,M2,R,train/leuconedys/leuconedys_KIZ011961/Hoolock#leuconedys#KIZ011961#s#v#p2#l1#M2#R#A.jpg
train,leuconedys,1,offline_augmented,Hoolock,leuconedys,KIZ011961,KIZ,p2,l1,M2,R,train/leuconedys/leuconedys_KIZ011961/Hoolock#leuconedys#KIZ011961#s#v#p2#l1#M2#R#A_aug_bright_sat.jpg
train,leuconedys,1,offline_augmented,Hoolock,leuconedys,KIZ011961,KIZ,p2,l1,M2,R,train/leuconedys/leuconedys_KIZ011961/Hoolock#leuconedys#KIZ011961#s#v#p2#l1#M2#R#A_aug_dark_con.jpg
train,leuconedys,1,offline_augmented,Hoolock,leuconedys,KIZ011961,KIZ,p2,l1,M2,R,train/leuconedys/leuconedys_KIZ011961/Hoolock#leuconedys#KIZ011961#s#v#p2#l1#M2#R#A_aug_hicon.jpg
train,leuconedys,1,offline_augmented,Hoolock,leuconedys,KIZ011961,KIZ,p2,l1,M2,R,train/leuconedys/leuconedys_KIZ011961/Hoolock#leuconedys#KIZ011961#s#v#p2#l1#M2#R#A_aug_muted.jpg
train,leuconedys,1,offline_augmented,Hoolock,leuconedys,KIZ011961,KIZ,p2,l1,M2,R,train/leuconedys/leuconedys_KIZ011961/Hoolock#leuconedys#KIZ011961#s#v#p2#l1#M2#R#A_aug_vivid.jpg
train,leuconedys,1,original,Hoolock,leuconedys,KIZ011961,KIZ,p2,l1,M3,R,train/leuconedys/leuconedys_KIZ011961/Hoolock#leuconedys#KIZ011961#s#v#p2#l1#M3#R.jpg
train,leuconedys,1,offline_augmented,Hoolock,leuconedys,KIZ011961,KIZ,p2,l1,M3,R,train/leuconedys/leuconedys_KIZ011961/Hoolock#leuconedys#KIZ011961#s#v#p2#l1#M3#R_aug_bright_sat.jpg
train,leuconedys,1,offline_augmented,Hoolock,leuconedys,KIZ011961,KIZ,p2,l1,M3,R,train/leuconedys/leuconedys_KIZ011961/Hoolock#leuconedys#KIZ011961#s#v#p2#l1#M3#R_aug_cool.jpg
train,leuconedys,1,offline_augmented,Hoolock,leuconedys,KIZ011961,KIZ,p2,l1,M3,R,train/leuconedys/leuconedys_KIZ011961/Hoolock#leuconedys#KIZ011961#s#v#p2#l1#M3#R_aug_dark_con.jpg
train,leuconedys,1,offline_augmented,Hoolock,leuconedys,KIZ011961,KIZ,p2,l1,M3,R,train/leuconedys/leuconedys_KIZ011961/Hoolock#leuconedys#KIZ011961#s#v#p2#l1#M3#R_aug_muted.jpg
train,leuconedys,1,offline_augmented,Hoolock,leuconedys,KIZ011961,KIZ,p2,l1,M3,R,train/leuconedys/leuconedys_KIZ011961/Hoolock#leuconedys#KIZ011961#s#v#p2#l1#M3#R_aug_soft.jpg
train,leuconedys,1,original,Hoolock,leuconedys,KIZ011961,KIZ,p3,l1,M1,R,train/leuconedys/leuconedys_KIZ011961/Hoolock#leuconedys#KIZ011961#s#v#p3#l1#M1#R#A.jpg
train,leuconedys,1,offline_augmented,Hoolock,leuconedys,KIZ011961,KIZ,p3,l1,M1,R,train/leuconedys/leuconedys_KIZ011961/Hoolock#leuconedys#KIZ011961#s#v#p3#l1#M1#R#A_aug_bright_sat.jpg
train,leuconedys,1,offline_augmented,Hoolock,leuconedys,KIZ011961,KIZ,p3,l1,M1,R,train/leuconedys/leuconedys_KIZ011961/Hoolock#leuconedys#KIZ011961#s#v#p3#l1#M1#R#A_aug_cool.jpg
train,leuconedys,1,offline_augmented,Hoolock,leuconedys,KIZ011961,KIZ,p3,l1,M1,R,train/leuconedys/leuconedys_KIZ011961/Hoolock#leuconedys#KIZ011961#s#v#p3#l1#M1#R#A_aug_dark_con.jpg
train,leuconedys,1,offline_augmented,Hoolock,leuconedys,KIZ011961,KIZ,p3,l1,M1,R,train/leuconedys/leuconedys_KIZ011961/Hoolock#leuconedys#KIZ011961#s#v#p3#l1#M1#R#A_aug_vivid.jpg
train,leuconedys,1,offline_augmented,Hoolock,leuconedys,KIZ011961,KIZ,p3,l1,M1,R,train/leuconedys/leuconedys_KIZ011961/Hoolock#leuconedys#KIZ011961#s#v#p3#l1#M1#R#A_aug_warm.jpg
train,leuconedys,1,original,Hoolock,leuconedys,KIZ011961,KIZ,p3,l1,M2,R,train/leuconedys/leuconedys_KIZ011961/Hoolock#leuconedys#KIZ011961#s#v#p3#l1#M2#R#A.jpg
train,leuconedys,1,offline_augmented,Hoolock,leuconedys,KIZ011961,KIZ,p3,l1,M2,R,train/leuconedys/leuconedys_KIZ011961/Hoolock#leuconedys#KIZ011961#s#v#p3#l1#M2#R#A_aug_cool.jpg
train,leuconedys,1,offline_augmented,Hoolock,leuconedys,KIZ011961,KIZ,p3,l1,M2,R,train/leuconedys/leuconedys_KIZ011961/Hoolock#leuconedys#KIZ011961#s#v#p3#l1#M2#R#A_aug_dark_con.jpg
train,leuconedys,1,offline_augmented,Hoolock,leuconedys,KIZ011961,KIZ,p3,l1,M2,R,train/leuconedys/leuconedys_KIZ011961/Hoolock#leuconedys#KIZ011961#s#v#p3#l1#M2#R#A_aug_muted.jpg
train,leuconedys,1,offline_augmented,Hoolock,leuconedys,KIZ011961,KIZ,p3,l1,M2,R,train/leuconedys/leuconedys_KIZ011961/Hoolock#leuconedys#KIZ011961#s#v#p3#l1#M2#R#A_aug_soft.jpg
train,leuconedys,1,offline_augmented,Hoolock,leuconedys,KIZ011961,KIZ,p3,l1,M2,R,train/leuconedys/leuconedys_KIZ011961/Hoolock#leuconedys#KIZ011961#s#v#p3#l1#M2#R#A_aug_warm.jpg
train,leuconedys,1,original,Hoolock,leuconedys,KIZ011962,KIZ,p1,l1,M2,R,train/leuconedys/leuconedys_KIZ011962/Hoolock#leuconedys#KIZ011962#s#v#p1#l1#M2#R.jpg
train,leuconedys,1,offline_augmented,Hoolock,leuconedys,KIZ011962,KIZ,p1,l1,M2,R,train/leuconedys/leuconedys_KIZ011962/Hoolock#leuconedys#KIZ011962#s#v#p1#l1#M2#R_aug_bright_sat.jpg
train,leuconedys,1,offline_augmented,Hoolock,leuconedys,KIZ011962,KIZ,p1,l1,M2,R,train/leuconedys/leuconedys_KIZ011962/Hoolock#leuconedys#KIZ011962#s#v#p1#l1#M2#R_aug_hicon.jpg
train,leuconedys,1,offline_augmented,Hoolock,leuconedys,KIZ011962,KIZ,p1,l1,M2,R,train/leuconedys/leuconedys_KIZ011962/Hoolock#leuconedys#KIZ011962#s#v#p1#l1#M2#R_aug_muted.jpg
train,leuconedys,1,offline_augmented,Hoolock,leuconedys,KIZ011962,KIZ,p1,l1,M2,R,train/leuconedys/leuconedys_KIZ011962/Hoolock#leuconedys#KIZ011962#s#v#p1#l1#M2#R_aug_vivid.jpg
train,leuconedys,1,offline_augmented,Hoolock,leuconedys,KIZ011962,KIZ,p1,l1,M2,R,train/leuconedys/leuconedys_KIZ011962/Hoolock#leuconedys#KIZ011962#s#v#p1#l1#M2#R_aug_warm.jpg
train,leuconedys,1,original,Hoolock,leuconedys,KIZ011962,KIZ,p1,l1,M3,R,train/leuconedys/leuconedys_KIZ011962/Hoolock#leuconedys#KIZ011962#s#v#p1#l1#M3#R.jpg
train,leuconedys,1,offline_augmented,Hoolock,leuconedys,KIZ011962,KIZ,p1,l1,M3,R,train/leuconedys/leuconedys_KIZ011962/Hoolock#leuconedys#KIZ011962#s#v#p1#l1#M3#R_aug_bright_sat.jpg
train,leuconedys,1,offline_augmented,Hoolock,leuconedys,KIZ011962,KIZ,p1,l1,M3,R,train/leuconedys/leuconedys_KIZ011962/Hoolock#leuconedys#KIZ011962#s#v#p1#l1#M3#R_aug_cool.jpg
train,leuconedys,1,offline_augmented,Hoolock,leuconedys,KIZ011962,KIZ,p1,l1,M3,R,train/leuconedys/leuconedys_KIZ011962/Hoolock#leuconedys#KIZ011962#s#v#p1#l1#M3#R_aug_muted.jpg
train,leuconedys,1,offline_augmented,Hoolock,leuconedys,KIZ011962,KIZ,p1,l1,M3,R,train/leuconedys/leuconedys_KIZ011962/Hoolock#leuconedys#KIZ011962#s#v#p1#l1#M3#R_aug_soft.jpg
train,leuconedys,1,offline_augmented,Hoolock,leuconedys,KIZ011962,KIZ,p1,l1,M3,R,train/leuconedys/leuconedys_KIZ011962/Hoolock#leuconedys#KIZ011962#s#v#p1#l1#M3#R_aug_warm.jpg
train,leuconedys,1,original,Hoolock,leuconedys,KIZ011962,KIZ,p2,l1,M1,R,train/leuconedys/leuconedys_KIZ011962/Hoolock#leuconedys#KIZ011962#s#v#p2#l1#M1#R#A.jpg
train,leuconedys,1,offline_augmented,Hoolock,leuconedys,KIZ011962,KIZ,p2,l1,M1,R,train/leuconedys/leuconedys_KIZ011962/Hoolock#leuconedys#KIZ011962#s#v#p2#l1#M1#R#A_aug_dark_con.jpg
train,leuconedys,1,offline_augmented,Hoolock,leuconedys,KIZ011962,KIZ,p2,l1,M1,R,train/leuconedys/leuconedys_KIZ011962/Hoolock#leuconedys#KIZ011962#s#v#p2#l1#M1#R#A_aug_muted.jpg
train,leuconedys,1,offline_augmented,Hoolock,leuconedys,KIZ011962,KIZ,p2,l1,M1,R,train/leuconedys/leuconedys_KIZ011962/Hoolock#leuconedys#KIZ011962#s#v#p2#l1#M1#R#A_aug_soft.jpg
train,leuconedys,1,offline_augmented,Hoolock,leuconedys,KIZ011962,KIZ,p2,l1,M1,R,train/leuconedys/leuconedys_KIZ011962/Hoolock#leuconedys#KIZ011962#s#v#p2#l1#M1#R#A_aug_vivid.jpg
train,leuconedys,1,offline_augmented,Hoolock,leuconedys,KIZ011962,KIZ,p2,l1,M1,R,train/leuconedys/leuconedys_KIZ011962/Hoolock#leuconedys#KIZ011962#s#v#p2#l1#M1#R#A_aug_warm.jpg
train,leuconedys,1,original,Hoolock,leuconedys,KIZ011962,KIZ,p2,l1,M2,R,train/leuconedys/leuconedys_KIZ011962/Hoolock#leuconedys#KIZ011962#s#v#p2#l1#M2#R.jpg
train,leuconedys,1,offline_augmented,Hoolock,leuconedys,KIZ011962,KIZ,p2,l1,M2,R,train/leuconedys/leuconedys_KIZ011962/Hoolock#leuconedys#KIZ011962#s#v#p2#l1#M2#R_aug_cool.jpg
train,leuconedys,1,offline_augmented,Hoolock,leuconedys,KIZ011962,KIZ,p2,l1,M2,R,train/leuconedys/leuconedys_KIZ011962/Hoolock#leuconedys#KIZ011962#s#v#p2#l1#M2#R_aug_dark_con.jpg
train,leuconedys,1,offline_augmented,Hoolock,leuconedys,KIZ011962,KIZ,p2,l1,M2,R,train/leuconedys/leuconedys_KIZ011962/Hoolock#leuconedys#KIZ011962#s#v#p2#l1#M2#R_aug_hicon.jpg
train,leuconedys,1,offline_augmented,Hoolock,leuconedys,KIZ011962,KIZ,p2,l1,M2,R,train/leuconedys/leuconedys_KIZ011962/Hoolock#leuconedys#KIZ011962#s#v#p2#l1#M2#R_aug_muted.jpg
train,leuconedys,1,offline_augmented,Hoolock,leuconedys,KIZ011962,KIZ,p2,l1,M2,R,train/leuconedys/leuconedys_KIZ011962/Hoolock#leuconedys#KIZ011962#s#v#p2#l1#M2#R_aug_vivid.jpg
train,leuconedys,1,original,Hoolock,leuconedys,KIZ011962,KIZ,p2,l1,M3,R,train/leuconedys/leuconedys_KIZ011962/Hoolock#leuconedys#KIZ011962#s#v#p2#l1#M3#R.jpg
train,leuconedys,1,offline_augmented,Hoolock,leuconedys,KIZ011962,KIZ,p2,l1,M3,R,train/leuconedys/leuconedys_KIZ011962/Hoolock#leuconedys#KIZ011962#s#v#p2#l1#M3#R_aug_cool.jpg
train,leuconedys,1,offline_augmented,Hoolock,leuconedys,KIZ011962,KIZ,p2,l1,M3,R,train/leuconedys/leuconedys_KIZ011962/Hoolock#leuconedys#KIZ011962#s#v#p2#l1#M3#R_aug_hicon.jpg
train,leuconedys,1,offline_augmented,Hoolock,leuconedys,KIZ011962,KIZ,p2,l1,M3,R,train/leuconedys/leuconedys_KIZ011962/Hoolock#leuconedys#KIZ011962#s#v#p2#l1#M3#R_aug_muted.jpg
train,leuconedys,1,offline_augmented,Hoolock,leuconedys,KIZ011962,KIZ,p2,l1,M3,R,train/leuconedys/leuconedys_KIZ011962/Hoolock#leuconedys#KIZ011962#s#v#p2#l1#M3#R_aug_soft.jpg
train,leuconedys,1,offline_augmented,Hoolock,leuconedys,KIZ011962,KIZ,p2,l1,M3,R,train/leuconedys/leuconedys_KIZ011962/Hoolock#leuconedys#KIZ011962#s#v#p2#l1#M3#R_aug_warm.jpg
train,leuconedys,1,original,Hoolock,leuconedys,KIZ011962,KIZ,p3,l1,M1,R,train/leuconedys/leuconedys_KIZ011962/Hoolock#leuconedys#KIZ011962#s#v#p3#l1#M1#R#A.jpg
train,leuconedys,1,offline_augmented,Hoolock,leuconedys,KIZ011962,KIZ,p3,l1,M1,R,train/leuconedys/leuconedys_KIZ011962/Hoolock#leuconedys#KIZ011962#s#v#p3#l1#M1#R#A_aug_bright_sat.jpg
train,leuconedys,1,offline_augmented,Hoolock,leuconedys,KIZ011962,KIZ,p3,l1,M1,R,train/leuconedys/leuconedys_KIZ011962/Hoolock#leuconedys#KIZ011962#s#v#p3#l1#M1#R#A_aug_cool.jpg
train,leuconedys,1,offline_augmented,Hoolock,leuconedys,KIZ011962,KIZ,p3,l1,M1,R,train/leuconedys/leuconedys_KIZ011962/Hoolock#leuconedys#KIZ011962#s#v#p3#l1#M1#R#A_aug_hicon.jpg
train,leuconedys,1,offline_augmented,Hoolock,leuconedys,KIZ011962,KIZ,p3,l1,M1,R,train/leuconedys/leuconedys_KIZ011962/Hoolock#leuconedys#KIZ011962#s#v#p3#l1#M1#R#A_aug_muted.jpg
train,leuconedys,1,offline_augmented,Hoolock,leuconedys,KIZ011962,KIZ,p3,l1,M1,R,train/leuconedys/leuconedys_KIZ011962/Hoolock#leuconedys#KIZ011962#s#v#p3#l1#M1#R#A_aug_vivid.jpg
train,leuconedys,1,original,Hoolock,leuconedys,KIZ011962,KIZ,p3,l1,M2,R,train/leuconedys/leuconedys_KIZ011962/Hoolock#leuconedys#KIZ011962#s#v#p3#l1#M2#R.jpg
train,leuconedys,1,offline_augmented,Hoolock,leuconedys,KIZ011962,KIZ,p3,l1,M2,R,train/leuconedys/leuconedys_KIZ011962/Hoolock#leuconedys#KIZ011962#s#v#p3#l1#M2#R_aug_bright_sat.jpg
train,leuconedys,1,offline_augmented,Hoolock,leuconedys,KIZ011962,KIZ,p3,l1,M2,R,train/leuconedys/leuconedys_KIZ011962/Hoolock#leuconedys#KIZ011962#s#v#p3#l1#M2#R_aug_muted.jpg
train,leuconedys,1,offline_augmented,Hoolock,leuconedys,KIZ011962,KIZ,p3,l1,M2,R,train/leuconedys/leuconedys_KIZ011962/Hoolock#leuconedys#KIZ011962#s#v#p3#l1#M2#R_aug_soft.jpg
train,leuconedys,1,offline_augmented,Hoolock,leuconedys,KIZ011962,KIZ,p3,l1,M2,R,train/leuconedys/leuconedys_KIZ011962/Hoolock#leuconedys#KIZ011962#s#v#p3#l1#M2#R_aug_vivid.jpg
train,leuconedys,1,offline_augmented,Hoolock,leuconedys,KIZ011962,KIZ,p3,l1,M2,R,train/leuconedys/leuconedys_KIZ011962/Hoolock#leuconedys#KIZ011962#s#v#p3#l1#M2#R_aug_warm.jpg
train,leuconedys,1,original,Hoolock,leuconedys,KIZ011963,KIZ,p1,l1,M2,R,train/leuconedys/leuconedys_KIZ011963/Hoolock#leuconedys#KIZ011963#s#v#p1#l1#M2#R.jpg
train,leuconedys,1,offline_augmented,Hoolock,leuconedys,KIZ011963,KIZ,p1,l1,M2,R,train/leuconedys/leuconedys_KIZ011963/Hoolock#leuconedys#KIZ011963#s#v#p1#l1#M2#R_aug_bright_sat.jpg
train,leuconedys,1,offline_augmented,Hoolock,leuconedys,KIZ011963,KIZ,p1,l1,M2,R,train/leuconedys/leuconedys_KIZ011963/Hoolock#leuconedys#KIZ011963#s#v#p1#l1#M2#R_aug_cool.jpg
train,leuconedys,1,offline_augmented,Hoolock,leuconedys,KIZ011963,KIZ,p1,l1,M2,R,train/leuconedys/leuconedys_KIZ011963/Hoolock#leuconedys#KIZ011963#s#v#p1#l1#M2#R_aug_dark_con.jpg
train,leuconedys,1,offline_augmented,Hoolock,leuconedys,KIZ011963,KIZ,p1,l1,M2,R,train/leuconedys/leuconedys_KIZ011963/Hoolock#leuconedys#KIZ011963#s#v#p1#l1#M2#R_aug_soft.jpg
train,leuconedys,1,offline_augmented,Hoolock,leuconedys,KIZ011963,KIZ,p1,l1,M2,R,train/leuconedys/leuconedys_KIZ011963/Hoolock#leuconedys#KIZ011963#s#v#p1#l1#M2#R_aug_vivid.jpg
train,leuconedys,1,original,Hoolock,leuconedys,KIZ011963,KIZ,p1,l1,M3,R,train/leuconedys/leuconedys_KIZ011963/Hoolock#leuconedys#KIZ011963#s#v#p1#l1#M3#R.jpg
train,leuconedys,1,offline_augmented,Hoolock,leuconedys,KIZ011963,KIZ,p1,l1,M3,R,train/leuconedys/leuconedys_KIZ011963/Hoolock#leuconedys#KIZ011963#s#v#p1#l1#M3#R_aug_bright_sat.jpg
train,leuconedys,1,offline_augmented,Hoolock,leuconedys,KIZ011963,KIZ,p1,l1,M3,R,train/leuconedys/leuconedys_KIZ011963/Hoolock#leuconedys#KIZ011963#s#v#p1#l1#M3#R_aug_cool.jpg
train,leuconedys,1,offline_augmented,Hoolock,leuconedys,KIZ011963,KIZ,p1,l1,M3,R,train/leuconedys/leuconedys_KIZ011963/Hoolock#leuconedys#KIZ011963#s#v#p1#l1#M3#R_aug_dark_con.jpg
train,leuconedys,1,offline_augmented,Hoolock,leuconedys,KIZ011963,KIZ,p1,l1,M3,R,train/leuconedys/leuconedys_KIZ011963/Hoolock#leuconedys#KIZ011963#s#v#p1#l1#M3#R_aug_vivid.jpg
train,leuconedys,1,offline_augmented,Hoolock,leuconedys,KIZ011963,KIZ,p1,l1,M3,R,train/leuconedys/leuconedys_KIZ011963/Hoolock#leuconedys#KIZ011963#s#v#p1#l1#M3#R_aug_warm.jpg
train,leuconedys,1,original,Hoolock,leuconedys,KIZ011963,KIZ,p2,l1,M2,R,train/leuconedys/leuconedys_KIZ011963/Hoolock#leuconedys#KIZ011963#s#v#p2#l1#M2#R.jpg
train,leuconedys,1,offline_augmented,Hoolock,leuconedys,KIZ011963,KIZ,p2,l1,M2,R,train/leuconedys/leuconedys_KIZ011963/Hoolock#leuconedys#KIZ011963#s#v#p2#l1#M2#R_aug_bright_sat.jpg
train,leuconedys,1,offline_augmented,Hoolock,leuconedys,KIZ011963,KIZ,p2,l1,M2,R,train/leuconedys/leuconedys_KIZ011963/Hoolock#leuconedys#KIZ011963#s#v#p2#l1#M2#R_aug_cool.jpg
train,leuconedys,1,offline_augmented,Hoolock,leuconedys,KIZ011963,KIZ,p2,l1,M2,R,train/leuconedys/leuconedys_KIZ011963/Hoolock#leuconedys#KIZ011963#s#v#p2#l1#M2#R_aug_muted.jpg
train,leuconedys,1,offline_augmented,Hoolock,leuconedys,KIZ011963,KIZ,p2,l1,M2,R,train/leuconedys/leuconedys_KIZ011963/Hoolock#leuconedys#KIZ011963#s#v#p2#l1#M2#R_aug_soft.jpg
train,leuconedys,1,offline_augmented,Hoolock,leuconedys,KIZ011963,KIZ,p2,l1,M2,R,train/leuconedys/leuconedys_KIZ011963/Hoolock#leuconedys#KIZ011963#s#v#p2#l1#M2#R_aug_warm.jpg
train,leuconedys,1,original,Hoolock,leuconedys,KIZ011963,KIZ,p3,l1,M1,L,train/leuconedys/leuconedys_KIZ011963/Hoolock#leuconedys#KIZ011963#s#v#p3#l1#M1#L#B.jpg
train,leuconedys,1,offline_augmented,Hoolock,leuconedys,KIZ011963,KIZ,p3,l1,M1,L,train/leuconedys/leuconedys_KIZ011963/Hoolock#leuconedys#KIZ011963#s#v#p3#l1#M1#L#B_aug_cool.jpg
train,leuconedys,1,offline_augmented,Hoolock,leuconedys,KIZ011963,KIZ,p3,l1,M1,L,train/leuconedys/leuconedys_KIZ011963/Hoolock#leuconedys#KIZ011963#s#v#p3#l1#M1#L#B_aug_dark_con.jpg
train,leuconedys,1,offline_augmented,Hoolock,leuconedys,KIZ011963,KIZ,p3,l1,M1,L,train/leuconedys/leuconedys_KIZ011963/Hoolock#leuconedys#KIZ011963#s#v#p3#l1#M1#L#B_aug_hicon.jpg
train,leuconedys,1,offline_augmented,Hoolock,leuconedys,KIZ011963,KIZ,p3,l1,M1,L,train/leuconedys/leuconedys_KIZ011963/Hoolock#leuconedys#KIZ011963#s#v#p3#l1#M1#L#B_aug_muted.jpg
train,leuconedys,1,offline_augmented,Hoolock,leuconedys,KIZ011963,KIZ,p3,l1,M1,L,train/leuconedys/leuconedys_KIZ011963/Hoolock#leuconedys#KIZ011963#s#v#p3#l1#M1#L#B_aug_vivid.jpg
train,leuconedys,1,original,Hoolock,leuconedys,KIZ011963,KIZ,p3,l1,M2,L,train/leuconedys/leuconedys_KIZ011963/Hoolock#leuconedys#KIZ011963#s#v#p3#l1#M2#L.jpg
train,leuconedys,1,offline_augmented,Hoolock,leuconedys,KIZ011963,KIZ,p3,l1,M2,L,train/leuconedys/leuconedys_KIZ011963/Hoolock#leuconedys#KIZ011963#s#v#p3#l1#M2#L_aug_bright_sat.jpg
train,leuconedys,1,offline_augmented,Hoolock,leuconedys,KIZ011963,KIZ,p3,l1,M2,L,train/leuconedys/leuconedys_KIZ011963/Hoolock#leuconedys#KIZ011963#s#v#p3#l1#M2#L_aug_hicon.jpg
train,leuconedys,1,offline_augmented,Hoolock,leuconedys,KIZ011963,KIZ,p3,l1,M2,L,train/leuconedys/leuconedys_KIZ011963/Hoolock#leuconedys#KIZ011963#s#v#p3#l1#M2#L_aug_muted.jpg
train,leuconedys,1,offline_augmented,Hoolock,leuconedys,KIZ011963,KIZ,p3,l1,M2,L,train/leuconedys/leuconedys_KIZ011963/Hoolock#leuconedys#KIZ011963#s#v#p3#l1#M2#L_aug_vivid.jpg
train,leuconedys,1,offline_augmented,Hoolock,leuconedys,KIZ011963,KIZ,p3,l1,M2,L,train/leuconedys/leuconedys_KIZ011963/Hoolock#leuconedys#KIZ011963#s#v#p3#l1#M2#L_aug_warm.jpg
train,leuconedys,1,original,Hoolock,leuconedys,KIZ011965,KIZ,p1,l1,M2,L,train/leuconedys/leuconedys_KIZ011965/Hoolock#leuconedys#KIZ011965#s#v#p1#l1#M2#L.jpg
train,leuconedys,1,offline_augmented,Hoolock,leuconedys,KIZ011965,KIZ,p1,l1,M2,L,train/leuconedys/leuconedys_KIZ011965/Hoolock#leuconedys#KIZ011965#s#v#p1#l1#M2#L_aug_bright_sat.jpg
train,leuconedys,1,offline_augmented,Hoolock,leuconedys,KIZ011965,KIZ,p1,l1,M2,L,train/leuconedys/leuconedys_KIZ011965/Hoolock#leuconedys#KIZ011965#s#v#p1#l1#M2#L_aug_cool.jpg
train,leuconedys,1,offline_augmented,Hoolock,leuconedys,KIZ011965,KIZ,p1,l1,M2,L,train/leuconedys/leuconedys_KIZ011965/Hoolock#leuconedys#KIZ011965#s#v#p1#l1#M2#L_aug_hicon.jpg
train,leuconedys,1,offline_augmented,Hoolock,leuconedys,KIZ011965,KIZ,p1,l1,M2,L,train/leuconedys/leuconedys_KIZ011965/Hoolock#leuconedys#KIZ011965#s#v#p1#l1#M2#L_aug_soft.jpg
train,leuconedys,1,offline_augmented,Hoolock,leuconedys,KIZ011965,KIZ,p1,l1,M2,L,train/leuconedys/leuconedys_KIZ011965/Hoolock#leuconedys#KIZ011965#s#v#p1#l1#M2#L_aug_warm.jpg
train,leuconedys,1,original,Hoolock,leuconedys,KIZ011965,KIZ,p1,l1,M3,L,train/leuconedys/leuconedys_KIZ011965/Hoolock#leuconedys#KIZ011965#s#v#p1#l1#M3#L.jpg
train,leuconedys,1,offline_augmented,Hoolock,leuconedys,KIZ011965,KIZ,p1,l1,M3,L,train/leuconedys/leuconedys_KIZ011965/Hoolock#leuconedys#KIZ011965#s#v#p1#l1#M3#L_aug_bright_sat.jpg
train,leuconedys,1,offline_augmented,Hoolock,leuconedys,KIZ011965,KIZ,p1,l1,M3,L,train/leuconedys/leuconedys_KIZ011965/Hoolock#leuconedys#KIZ011965#s#v#p1#l1#M3#L_aug_cool.jpg
train,leuconedys,1,offline_augmented,Hoolock,leuconedys,KIZ011965,KIZ,p1,l1,M3,L,train/leuconedys/leuconedys_KIZ011965/Hoolock#leuconedys#KIZ011965#s#v#p1#l1#M3#L_aug_hicon.jpg
train,leuconedys,1,offline_augmented,Hoolock,leuconedys,KIZ011965,KIZ,p1,l1,M3,L,train/leuconedys/leuconedys_KIZ011965/Hoolock#leuconedys#KIZ011965#s#v#p1#l1#M3#L_aug_soft.jpg
train,leuconedys,1,offline_augmented,Hoolock,leuconedys,KIZ011965,KIZ,p1,l1,M3,L,train/leuconedys/leuconedys_KIZ011965/Hoolock#leuconedys#KIZ011965#s#v#p1#l1#M3#L_aug_vivid.jpg
train,leuconedys,1,original,Hoolock,leuconedys,KIZ011965,KIZ,p2,l1,M1,R,train/leuconedys/leuconedys_KIZ011965/Hoolock#leuconedys#KIZ011965#s#v#p2#l1#M1#R.jpg
train,leuconedys,1,offline_augmented,Hoolock,leuconedys,KIZ011965,KIZ,p2,l1,M1,R,train/leuconedys/leuconedys_KIZ011965/Hoolock#leuconedys#KIZ011965#s#v#p2#l1#M1#R_aug_cool.jpg
train,leuconedys,1,offline_augmented,Hoolock,leuconedys,KIZ011965,KIZ,p2,l1,M1,R,train/leuconedys/leuconedys_KIZ011965/Hoolock#leuconedys#KIZ011965#s#v#p2#l1#M1#R_aug_dark_con.jpg
train,leuconedys,1,offline_augmented,Hoolock,leuconedys,KIZ011965,KIZ,p2,l1,M1,R,train/leuconedys/leuconedys_KIZ011965/Hoolock#leuconedys#KIZ011965#s#v#p2#l1#M1#R_aug_hicon.jpg
train,leuconedys,1,offline_augmented,Hoolock,leuconedys,KIZ011965,KIZ,p2,l1,M1,R,train/leuconedys/leuconedys_KIZ011965/Hoolock#leuconedys#KIZ011965#s#v#p2#l1#M1#R_aug_soft.jpg
train,leuconedys,1,offline_augmented,Hoolock,leuconedys,KIZ011965,KIZ,p2,l1,M1,R,train/leuconedys/leuconedys_KIZ011965/Hoolock#leuconedys#KIZ011965#s#v#p2#l1#M1#R_aug_vivid.jpg
train,leuconedys,1,original,Hoolock,leuconedys,KIZ011965,KIZ,p2,l1,M2,R,train/leuconedys/leuconedys_KIZ011965/Hoolock#leuconedys#KIZ011965#s#v#p2#l1#M2#R.jpg
train,leuconedys,1,offline_augmented,Hoolock,leuconedys,KIZ011965,KIZ,p2,l1,M2,R,train/leuconedys/leuconedys_KIZ011965/Hoolock#leuconedys#KIZ011965#s#v#p2#l1#M2#R_aug_bright_sat.jpg
train,leuconedys,1,offline_augmented,Hoolock,leuconedys,KIZ011965,KIZ,p2,l1,M2,R,train/leuconedys/leuconedys_KIZ011965/Hoolock#leuconedys#KIZ011965#s#v#p2#l1#M2#R_aug_cool.jpg
train,leuconedys,1,offline_augmented,Hoolock,leuconedys,KIZ011965,KIZ,p2,l1,M2,R,train/leuconedys/leuconedys_KIZ011965/Hoolock#leuconedys#KIZ011965#s#v#p2#l1#M2#R_aug_dark_con.jpg
train,leuconedys,1,offline_augmented,Hoolock,leuconedys,KIZ011965,KIZ,p2,l1,M2,R,train/leuconedys/leuconedys_KIZ011965/Hoolock#leuconedys#KIZ011965#s#v#p2#l1#M2#R_aug_hicon.jpg
train,leuconedys,1,offline_augmented,Hoolock,leuconedys,KIZ011965,KIZ,p2,l1,M2,R,train/leuconedys/leuconedys_KIZ011965/Hoolock#leuconedys#KIZ011965#s#v#p2#l1#M2#R_aug_vivid.jpg
train,leuconedys,1,original,Hoolock,leuconedys,KIZ011965,KIZ,p2,l1,M3,R,train/leuconedys/leuconedys_KIZ011965/Hoolock#leuconedys#KIZ011965#s#v#p2#l1#M3#R.jpg
train,leuconedys,1,offline_augmented,Hoolock,leuconedys,KIZ011965,KIZ,p2,l1,M3,R,train/leuconedys/leuconedys_KIZ011965/Hoolock#leuconedys#KIZ011965#s#v#p2#l1#M3#R_aug_cool.jpg
train,leuconedys,1,offline_augmented,Hoolock,leuconedys,KIZ011965,KIZ,p2,l1,M3,R,train/leuconedys/leuconedys_KIZ011965/Hoolock#leuconedys#KIZ011965#s#v#p2#l1#M3#R_aug_hicon.jpg
train,leuconedys,1,offline_augmented,Hoolock,leuconedys,KIZ011965,KIZ,p2,l1,M3,R,train/leuconedys/leuconedys_KIZ011965/Hoolock#leuconedys#KIZ011965#s#v#p2#l1#M3#R_aug_muted.jpg
train,leuconedys,1,offline_augmented,Hoolock,leuconedys,KIZ011965,KIZ,p2,l1,M3,R,train/leuconedys/leuconedys_KIZ011965/Hoolock#leuconedys#KIZ011965#s#v#p2#l1#M3#R_aug_soft.jpg
train,leuconedys,1,offline_augmented,Hoolock,leuconedys,KIZ011965,KIZ,p2,l1,M3,R,train/leuconedys/leuconedys_KIZ011965/Hoolock#leuconedys#KIZ011965#s#v#p2#l1#M3#R_aug_vivid.jpg
train,leuconedys,1,original,Hoolock,leuconedys,KIZ011965,KIZ,p3,l1,M1,R,train/leuconedys/leuconedys_KIZ011965/Hoolock#leuconedys#KIZ011965#s#v#p3#l1#M1#R.jpg
train,leuconedys,1,offline_augmented,Hoolock,leuconedys,KIZ011965,KIZ,p3,l1,M1,R,train/leuconedys/leuconedys_KIZ011965/Hoolock#leuconedys#KIZ011965#s#v#p3#l1#M1#R_aug_bright_sat.jpg
train,leuconedys,1,offline_augmented,Hoolock,leuconedys,KIZ011965,KIZ,p3,l1,M1,R,train/leuconedys/leuconedys_KIZ011965/Hoolock#leuconedys#KIZ011965#s#v#p3#l1#M1#R_aug_cool.jpg
train,leuconedys,1,offline_augmented,Hoolock,leuconedys,KIZ011965,KIZ,p3,l1,M1,R,train/leuconedys/leuconedys_KIZ011965/Hoolock#leuconedys#KIZ011965#s#v#p3#l1#M1#R_aug_dark_con.jpg
train,leuconedys,1,offline_augmented,Hoolock,leuconedys,KIZ011965,KIZ,p3,l1,M1,R,train/leuconedys/leuconedys_KIZ011965/Hoolock#leuconedys#KIZ011965#s#v#p3#l1#M1#R_aug_vivid.jpg
train,leuconedys,1,offline_augmented,Hoolock,leuconedys,KIZ011965,KIZ,p3,l1,M1,R,train/leuconedys/leuconedys_KIZ011965/Hoolock#leuconedys#KIZ011965#s#v#p3#l1#M1#R_aug_warm.jpg
train,leuconedys,1,original,Hoolock,leuconedys,KIZ011965,KIZ,p3,l1,M2,R,train/leuconedys/leuconedys_KIZ011965/Hoolock#leuconedys#KIZ011965#s#v#p3#l1#M2#R.jpg
train,leuconedys,1,offline_augmented,Hoolock,leuconedys,KIZ011965,KIZ,p3,l1,M2,R,train/leuconedys/leuconedys_KIZ011965/Hoolock#leuconedys#KIZ011965#s#v#p3#l1#M2#R_aug_bright_sat.jpg
train,leuconedys,1,offline_augmented,Hoolock,leuconedys,KIZ011965,KIZ,p3,l1,M2,R,train/leuconedys/leuconedys_KIZ011965/Hoolock#leuconedys#KIZ011965#s#v#p3#l1#M2#R_aug_hicon.jpg
train,leuconedys,1,offline_augmented,Hoolock,leuconedys,KIZ011965,KIZ,p3,l1,M2,R,train/leuconedys/leuconedys_KIZ011965/Hoolock#leuconedys#KIZ011965#s#v#p3#l1#M2#R_aug_muted.jpg
train,leuconedys,1,offline_augmented,Hoolock,leuconedys,KIZ011965,KIZ,p3,l1,M2,R,train/leuconedys/leuconedys_KIZ011965/Hoolock#leuconedys#KIZ011965#s#v#p3#l1#M2#R_aug_soft.jpg
train,leuconedys,1,offline_augmented,Hoolock,leuconedys,KIZ011965,KIZ,p3,l1,M2,R,train/leuconedys/leuconedys_KIZ011965/Hoolock#leuconedys#KIZ011965#s#v#p3#l1#M2#R_aug_warm.jpg
train,leuconedys,1,original,Hoolock,leuconedys,KIZ014034,KIZ,p1,l1,M1,R,train/leuconedys/leuconedys_KIZ014034/Hoolock#leuconedys#KIZ014034#s#v#p1#l1#M1#R.jpg
train,leuconedys,1,offline_augmented,Hoolock,leuconedys,KIZ014034,KIZ,p1,l1,M1,R,train/leuconedys/leuconedys_KIZ014034/Hoolock#leuconedys#KIZ014034#s#v#p1#l1#M1#R_aug_cool.jpg
train,leuconedys,1,offline_augmented,Hoolock,leuconedys,KIZ014034,KIZ,p1,l1,M1,R,train/leuconedys/leuconedys_KIZ014034/Hoolock#leuconedys#KIZ014034#s#v#p1#l1#M1#R_aug_hicon.jpg
train,leuconedys,1,offline_augmented,Hoolock,leuconedys,KIZ014034,KIZ,p1,l1,M1,R,train/leuconedys/leuconedys_KIZ014034/Hoolock#leuconedys#KIZ014034#s#v#p1#l1#M1#R_aug_muted.jpg
train,leuconedys,1,offline_augmented,Hoolock,leuconedys,KIZ014034,KIZ,p1,l1,M1,R,train/leuconedys/leuconedys_KIZ014034/Hoolock#leuconedys#KIZ014034#s#v#p1#l1#M1#R_aug_vivid.jpg
train,leuconedys,1,offline_augmented,Hoolock,leuconedys,KIZ014034,KIZ,p1,l1,M1,R,train/leuconedys/leuconedys_KIZ014034/Hoolock#leuconedys#KIZ014034#s#v#p1#l1#M1#R_aug_warm.jpg
train,leuconedys,1,original,Hoolock,leuconedys,KIZ014034,KIZ,p1,l1,M2,R,train/leuconedys/leuconedys_KIZ014034/Hoolock#leuconedys#KIZ014034#s#v#p1#l1#M2#R.jpg
train,leuconedys,1,offline_augmented,Hoolock,leuconedys,KIZ014034,KIZ,p1,l1,M2,R,train/leuconedys/leuconedys_KIZ014034/Hoolock#leuconedys#KIZ014034#s#v#p1#l1#M2#R_aug_bright_sat.jpg
train,leuconedys,1,offline_augmented,Hoolock,leuconedys,KIZ014034,KIZ,p1,l1,M2,R,train/leuconedys/leuconedys_KIZ014034/Hoolock#leuconedys#KIZ014034#s#v#p1#l1#M2#R_aug_cool.jpg
train,leuconedys,1,offline_augmented,Hoolock,leuconedys,KIZ014034,KIZ,p1,l1,M2,R,train/leuconedys/leuconedys_KIZ014034/Hoolock#leuconedys#KIZ014034#s#v#p1#l1#M2#R_aug_soft.jpg
train,leuconedys,1,offline_augmented,Hoolock,leuconedys,KIZ014034,KIZ,p1,l1,M2,R,train/leuconedys/leuconedys_KIZ014034/Hoolock#leuconedys#KIZ014034#s#v#p1#l1#M2#R_aug_vivid.jpg
train,leuconedys,1,offline_augmented,Hoolock,leuconedys,KIZ014034,KIZ,p1,l1,M2,R,train/leuconedys/leuconedys_KIZ014034/Hoolock#leuconedys#KIZ014034#s#v#p1#l1#M2#R_aug_warm.jpg
train,leuconedys,1,original,Hoolock,leuconedys,KIZ014034,KIZ,p1,l1,M3,R,train/leuconedys/leuconedys_KIZ014034/Hoolock#leuconedys#KIZ014034#s#v#p1#l1#M3#R.jpg
train,leuconedys,1,offline_augmented,Hoolock,leuconedys,KIZ014034,KIZ,p1,l1,M3,R,train/leuconedys/leuconedys_KIZ014034/Hoolock#leuconedys#KIZ014034#s#v#p1#l1#M3#R_aug_bright_sat.jpg
train,leuconedys,1,offline_augmented,Hoolock,leuconedys,KIZ014034,KIZ,p1,l1,M3,R,train/leuconedys/leuconedys_KIZ014034/Hoolock#leuconedys#KIZ014034#s#v#p1#l1#M3#R_aug_cool.jpg
train,leuconedys,1,offline_augmented,Hoolock,leuconedys,KIZ014034,KIZ,p1,l1,M3,R,train/leuconedys/leuconedys_KIZ014034/Hoolock#leuconedys#KIZ014034#s#v#p1#l1#M3#R_aug_muted.jpg
train,leuconedys,1,offline_augmented,Hoolock,leuconedys,KIZ014034,KIZ,p1,l1,M3,R,train/leuconedys/leuconedys_KIZ014034/Hoolock#leuconedys#KIZ014034#s#v#p1#l1#M3#R_aug_soft.jpg
train,leuconedys,1,offline_augmented,Hoolock,leuconedys,KIZ014034,KIZ,p1,l1,M3,R,train/leuconedys/leuconedys_KIZ014034/Hoolock#leuconedys#KIZ014034#s#v#p1#l1#M3#R_aug_warm.jpg
train,leuconedys,1,original,Hoolock,leuconedys,KIZ014034,KIZ,p2,l1,M1,R,train/leuconedys/leuconedys_KIZ014034/Hoolock#leuconedys#KIZ014034#s#v#p2#l1#M1#R.jpg
train,leuconedys,1,offline_augmented,Hoolock,leuconedys,KIZ014034,KIZ,p2,l1,M1,R,train/leuconedys/leuconedys_KIZ014034/Hoolock#leuconedys#KIZ014034#s#v#p2#l1#M1#R_aug_cool.jpg
train,leuconedys,1,offline_augmented,Hoolock,leuconedys,KIZ014034,KIZ,p2,l1,M1,R,train/leuconedys/leuconedys_KIZ014034/Hoolock#leuconedys#KIZ014034#s#v#p2#l1#M1#R_aug_dark_con.jpg
train,leuconedys,1,offline_augmented,Hoolock,leuconedys,KIZ014034,KIZ,p2,l1,M1,R,train/leuconedys/leuconedys_KIZ014034/Hoolock#leuconedys#KIZ014034#s#v#p2#l1#M1#R_aug_soft.jpg
train,leuconedys,1,offline_augmented,Hoolock,leuconedys,KIZ014034,KIZ,p2,l1,M1,R,train/leuconedys/leuconedys_KIZ014034/Hoolock#leuconedys#KIZ014034#s#v#p2#l1#M1#R_aug_vivid.jpg
train,leuconedys,1,offline_augmented,Hoolock,leuconedys,KIZ014034,KIZ,p2,l1,M1,R,train/leuconedys/leuconedys_KIZ014034/Hoolock#leuconedys#KIZ014034#s#v#p2#l1#M1#R_aug_warm.jpg
train,leuconedys,1,original,Hoolock,leuconedys,KIZ014034,KIZ,p2,l1,M2,R,train/leuconedys/leuconedys_KIZ014034/Hoolock#leuconedys#KIZ014034#s#v#p2#l1#M2#R.jpg
train,leuconedys,1,offline_augmented,Hoolock,leuconedys,KIZ014034,KIZ,p2,l1,M2,R,train/leuconedys/leuconedys_KIZ014034/Hoolock#leuconedys#KIZ014034#s#v#p2#l1#M2#R_aug_dark_con.jpg
train,leuconedys,1,offline_augmented,Hoolock,leuconedys,KIZ014034,KIZ,p2,l1,M2,R,train/leuconedys/leuconedys_KIZ014034/Hoolock#leuconedys#KIZ014034#s#v#p2#l1#M2#R_aug_muted.jpg
train,leuconedys,1,offline_augmented,Hoolock,leuconedys,KIZ014034,KIZ,p2,l1,M2,R,train/leuconedys/leuconedys_KIZ014034/Hoolock#leuconedys#KIZ014034#s#v#p2#l1#M2#R_aug_soft.jpg
train,leuconedys,1,offline_augmented,Hoolock,leuconedys,KIZ014034,KIZ,p2,l1,M2,R,train/leuconedys/leuconedys_KIZ014034/Hoolock#leuconedys#KIZ014034#s#v#p2#l1#M2#R_aug_vivid.jpg
train,leuconedys,1,offline_augmented,Hoolock,leuconedys,KIZ014034,KIZ,p2,l1,M2,R,train/leuconedys/leuconedys_KIZ014034/Hoolock#leuconedys#KIZ014034#s#v#p2#l1#M2#R_aug_warm.jpg
train,leuconedys,1,original,Hoolock,leuconedys,KIZ014034,KIZ,p2,l1,M3,R,train/leuconedys/leuconedys_KIZ014034/Hoolock#leuconedys#KIZ014034#s#v#p2#l1#M3#R.jpg
train,leuconedys,1,offline_augmented,Hoolock,leuconedys,KIZ014034,KIZ,p2,l1,M3,R,train/leuconedys/leuconedys_KIZ014034/Hoolock#leuconedys#KIZ014034#s#v#p2#l1#M3#R_aug_bright_sat.jpg
train,leuconedys,1,offline_augmented,Hoolock,leuconedys,KIZ014034,KIZ,p2,l1,M3,R,train/leuconedys/leuconedys_KIZ014034/Hoolock#leuconedys#KIZ014034#s#v#p2#l1#M3#R_aug_cool.jpg
train,leuconedys,1,offline_augmented,Hoolock,leuconedys,KIZ014034,KIZ,p2,l1,M3,R,train/leuconedys/leuconedys_KIZ014034/Hoolock#leuconedys#KIZ014034#s#v#p2#l1#M3#R_aug_dark_con.jpg
train,leuconedys,1,offline_augmented,Hoolock,leuconedys,KIZ014034,KIZ,p2,l1,M3,R,train/leuconedys/leuconedys_KIZ014034/Hoolock#leuconedys#KIZ014034#s#v#p2#l1#M3#R_aug_muted.jpg
train,leuconedys,1,offline_augmented,Hoolock,leuconedys,KIZ014034,KIZ,p2,l1,M3,R,train/leuconedys/leuconedys_KIZ014034/Hoolock#leuconedys#KIZ014034#s#v#p2#l1#M3#R_aug_warm.jpg
train,leuconedys,1,original,Hoolock,leuconedys,KIZ014034,KIZ,p3,l1,M1,R,train/leuconedys/leuconedys_KIZ014034/Hoolock#leuconedys#KIZ014034#s#v#p3#l1#M1#R.jpg
train,leuconedys,1,offline_augmented,Hoolock,leuconedys,KIZ014034,KIZ,p3,l1,M1,R,train/leuconedys/leuconedys_KIZ014034/Hoolock#leuconedys#KIZ014034#s#v#p3#l1#M1#R_aug_bright_sat.jpg
train,leuconedys,1,offline_augmented,Hoolock,leuconedys,KIZ014034,KIZ,p3,l1,M1,R,train/leuconedys/leuconedys_KIZ014034/Hoolock#leuconedys#KIZ014034#s#v#p3#l1#M1#R_aug_hicon.jpg
train,leuconedys,1,offline_augmented,Hoolock,leuconedys,KIZ014034,KIZ,p3,l1,M1,R,train/leuconedys/leuconedys_KIZ014034/Hoolock#leuconedys#KIZ014034#s#v#p3#l1#M1#R_aug_soft.jpg
train,leuconedys,1,offline_augmented,Hoolock,leuconedys,KIZ014034,KIZ,p3,l1,M1,R,train/leuconedys/leuconedys_KIZ014034/Hoolock#leuconedys#KIZ014034#s#v#p3#l1#M1#R_aug_vivid.jpg
train,leuconedys,1,offline_augmented,Hoolock,leuconedys,KIZ014034,KIZ,p3,l1,M1,R,train/leuconedys/leuconedys_KIZ014034/Hoolock#leuconedys#KIZ014034#s#v#p3#l1#M1#R_aug_warm.jpg
train,leuconedys,1,original,Hoolock,leuconedys,KIZ014034,KIZ,p3,l1,M2,R,train/leuconedys/leuconedys_KIZ014034/Hoolock#leuconedys#KIZ014034#s#v#p3#l1#M2#R.jpg
train,leuconedys,1,offline_augmented,Hoolock,leuconedys,KIZ014034,KIZ,p3,l1,M2,R,train/leuconedys/leuconedys_KIZ014034/Hoolock#leuconedys#KIZ014034#s#v#p3#l1#M2#R_aug_bright_sat.jpg
train,leuconedys,1,offline_augmented,Hoolock,leuconedys,KIZ014034,KIZ,p3,l1,M2,R,train/leuconedys/leuconedys_KIZ014034/Hoolock#leuconedys#KIZ014034#s#v#p3#l1#M2#R_aug_cool.jpg
train,leuconedys,1,offline_augmented,Hoolock,leuconedys,KIZ014034,KIZ,p3,l1,M2,R,train/leuconedys/leuconedys_KIZ014034/Hoolock#leuconedys#KIZ014034#s#v#p3#l1#M2#R_aug_hicon.jpg
train,leuconedys,1,offline_augmented,Hoolock,leuconedys,KIZ014034,KIZ,p3,l1,M2,R,train/leuconedys/leuconedys_KIZ014034/Hoolock#leuconedys#KIZ014034#s#v#p3#l1#M2#R_aug_muted.jpg
train,leuconedys,1,offline_augmented,Hoolock,leuconedys,KIZ014034,KIZ,p3,l1,M2,R,train/leuconedys/leuconedys_KIZ014034/Hoolock#leuconedys#KIZ014034#s#v#p3#l1#M2#R_aug_soft.jpg
test,hoolock,0,original,Hoolock,hoolock,AMNH112691,AMNH,p1,l1,M2,L,test/hoolock/hoolock_AMNH112691/Hoolock#hoolock#AMNH112691#s#v#p1#l1#M2#L.jpg
test,hoolock,0,original,Hoolock,hoolock,AMNH112691,AMNH,p2,l1,M1,L,test/hoolock/hoolock_AMNH112691/Hoolock#hoolock#AMNH112691#s#v#p2#l1#M1#L.jpg
test,hoolock,0,original,Hoolock,hoolock,AMNH112691,AMNH,p2,l1,M2,L,test/hoolock/hoolock_AMNH112691/Hoolock#hoolock#AMNH112691#s#v#p2#l1#M2#L.jpg
test,hoolock,0,original,Hoolock,hoolock,AMNH112698,AMNH,p1,l1,M1,L,test/hoolock/hoolock_AMNH112698/Hoolock#hoolock#AMNH112698#s#v#p1#l1#M1#L#B.jpg
test,hoolock,0,original,Hoolock,hoolock,AMNH112698,AMNH,p1,l1,M2,L,test/hoolock/hoolock_AMNH112698/Hoolock#hoolock#AMNH112698#s#v#p1#l1#M2#L.jpg
test,hoolock,0,original,Hoolock,hoolock,AMNH112698,AMNH,p1,l1,M3,L,test/hoolock/hoolock_AMNH112698/Hoolock#hoolock#AMNH112698#s#v#p1#l1#M3#L.jpg
test,hoolock,0,original,Hoolock,hoolock,AMNH112698,AMNH,p2,l1,M1,L,test/hoolock/hoolock_AMNH112698/Hoolock#hoolock#AMNH112698#s#v#p2#l1#M1#L#B.jpg
test,hoolock,0,original,Hoolock,hoolock,AMNH112698,AMNH,p2,l1,M2,L,test/hoolock/hoolock_AMNH112698/Hoolock#hoolock#AMNH112698#s#v#p2#l1#M2#L.jpg
test,hoolock,0,original,Hoolock,hoolock,AMNH112698,AMNH,p2,l1,M3,L,test/hoolock/hoolock_AMNH112698/Hoolock#hoolock#AMNH112698#s#v#p2#l1#M3#L.jpg
test,hoolock,0,original,Hoolock,hoolock,AMNH112698,AMNH,p3,l1,M2,L,test/hoolock/hoolock_AMNH112698/Hoolock#hoolock#AMNH112698#s#v#p3#l1#M2#L.jpg
test,hoolock,0,original,Hoolock,hoolock,AMNH112698,AMNH,p3,l1,M3,L,test/hoolock/hoolock_AMNH112698/Hoolock#hoolock#AMNH112698#s#v#p3#l1#M3#L.jpg
test,hoolock,0,original,Hoolock,hoolock,AMNH163631,AMNH,mp2,l1,M1,L,test/hoolock/hoolock_AMNH163631/Hoolock#hoolock#AMNH163631#s#v#mp2#l1#M1#L.jpg
test,hoolock,0,original,Hoolock,hoolock,AMNH163631,AMNH,p1,l1,M1,L,test/hoolock/hoolock_AMNH163631/Hoolock#hoolock#AMNH163631#s#v#p1#l1#M1#L.jpg
test,hoolock,0,original,Hoolock,hoolock,AMNH179,AMNH,p1,l1,M1,L,test/hoolock/hoolock_AMNH179/Hoolock#hoolock#AMNH179#s#v#p1#l1#M1#L.jpg
test,hoolock,0,original,Hoolock,hoolock,AMNH179,AMNH,p1,l1,M1,R,test/hoolock/hoolock_AMNH179/Hoolock#hoolock#AMNH179#s#v#p1#l1#M1#R.jpg
test,hoolock,0,original,Hoolock,hoolock,AMNH83417,AMNH,p1,l1,M1,L,test/hoolock/hoolock_AMNH83417/Hoolock#hoolock#AMNH83417#s#v#p1#l1#M1#L.jpg
test,hoolock,0,original,Hoolock,hoolock,AMNH83417,AMNH,p1,l1,M2,L,test/hoolock/hoolock_AMNH83417/Hoolock#hoolock#AMNH83417#s#v#p1#l1#M2#L.jpg
test,hoolock,0,original,Hoolock,hoolock,AMNH83417,AMNH,p2,l1,M2,L,test/hoolock/hoolock_AMNH83417/Hoolock#hoolock#AMNH83417#s#v#p2#l1#M2#L.jpg
test,hoolock,0,original,Hoolock,hoolock,AMNH83417,AMNH,p2,l1,M3,L,test/hoolock/hoolock_AMNH83417/Hoolock#hoolock#AMNH83417#s#v#p2#l1#M3#L.jpg
test,hoolock,0,original,Hoolock,hoolock,AMNH83417,AMNH,p3,l1,M1,L,test/hoolock/hoolock_AMNH83417/Hoolock#hoolock#AMNH83417#s#v#p3#l1#M1#L.jpg
test,hoolock,0,original,Hoolock,hoolock,AMNH83417,AMNH,p3,l1,M2,L,test/hoolock/hoolock_AMNH83417/Hoolock#hoolock#AMNH83417#s#v#p3#l1#M2#L.jpg
test,hoolock,0,original,Hoolock,hoolock,AMNH83417,AMNH,p3,l1,M3,L,test/hoolock/hoolock_AMNH83417/Hoolock#hoolock#AMNH83417#s#v#p3#l1#M3#L.jpg
test,hoolock,0,original,Hoolock,hoolock,AMNH83418,AMNH,p1,l1,M1,L,test/hoolock/hoolock_AMNH83418/Hoolock#hoolock#AMNH83418#s#v#p1#l1#M1#L.jpg
test,hoolock,0,original,Hoolock,hoolock,AMNH83418,AMNH,p1,l1,M2,L,test/hoolock/hoolock_AMNH83418/Hoolock#hoolock#AMNH83418#s#v#p1#l1#M2#L.jpg
test,hoolock,0,original,Hoolock,hoolock,AMNH83418,AMNH,p2,l1,M1,L,test/hoolock/hoolock_AMNH83418/Hoolock#hoolock#AMNH83418#s#v#p2#l1#M1#L.jpg
test,hoolock,0,original,Hoolock,hoolock,AMNH83418,AMNH,p2,l1,M2,L,test/hoolock/hoolock_AMNH83418/Hoolock#hoolock#AMNH83418#s#v#p2#l1#M2#L.jpg
test,hoolock,0,original,Hoolock,hoolock,KIZ011338,KIZ,p1,l1,M1,R,test/hoolock/hoolock_KIZ011338/Hoolock#hoolock#KIZ011338#s#v#p1#l1#M1#R.jpg
test,hoolock,0,original,Hoolock,hoolock,KIZ011338,KIZ,p2,l1,M1,R,test/hoolock/hoolock_KIZ011338/Hoolock#hoolock#KIZ011338#s#v#p2#l1#M1#R.jpg
test,leuconedys,1,original,Hoolock,leuconedys,AMNH112683,AMNH,p1,l1,M1,L,test/leuconedys/leuconedys_AMNH112683/Hoolock#leuconedys#AMNH112683#s#v#p1#l1#M1#L.jpg
test,leuconedys,1,original,Hoolock,leuconedys,AMNH112683,AMNH,p1,l1,M2,L,test/leuconedys/leuconedys_AMNH112683/Hoolock#leuconedys#AMNH112683#s#v#p1#l1#M2#L.jpg
test,leuconedys,1,original,Hoolock,leuconedys,AMNH112683,AMNH,p2,l1,M2,L,test/leuconedys/leuconedys_AMNH112683/Hoolock#leuconedys#AMNH112683#s#v#p2#l1#M2#L.jpg
test,leuconedys,1,original,Hoolock,leuconedys,AMNH112683,AMNH,p2,l1,M3,L,test/leuconedys/leuconedys_AMNH112683/Hoolock#leuconedys#AMNH112683#s#v#p2#l1#M3#L.jpg
test,leuconedys,1,original,Hoolock,leuconedys,AMNH112683,AMNH,p3,l1,M3,L,test/leuconedys/leuconedys_AMNH112683/Hoolock#leuconedys#AMNH112683#s#v#p3#l1#M3#L.jpg
test,leuconedys,1,original,Hoolock,leuconedys,AMNH112686,AMNH,p1,l1,M3,L,test/leuconedys/leuconedys_AMNH112686/Hoolock#leuconedys#AMNH112686#s#v#p1#l1#M3#L.jpg
test,leuconedys,1,original,Hoolock,leuconedys,AMNH112713,AMNH,p1,l1,M2,L,test/leuconedys/leuconedys_AMNH112713/Hoolock#leuconedys#AMNH112713#s#v#p1#l1#M2#L.jpg
test,leuconedys,1,original,Hoolock,leuconedys,AMNH112713,AMNH,p2,l1,M1,L,test/leuconedys/leuconedys_AMNH112713/Hoolock#leuconedys#AMNH112713#s#v#p2#l1#M1#L.jpg
test,leuconedys,1,original,Hoolock,leuconedys,AMNH112713,AMNH,p2,l1,M2,L,test/leuconedys/leuconedys_AMNH112713/Hoolock#leuconedys#AMNH112713#s#v#p2#l1#M2#L.jpg
test,leuconedys,1,original,Hoolock,leuconedys,AMNH112713,AMNH,p2,l1,M3,L,test/leuconedys/leuconedys_AMNH112713/Hoolock#leuconedys#AMNH112713#s#v#p2#l1#M3#L.jpg
test,leuconedys,1,original,Hoolock,leuconedys,AMNH112713,AMNH,p3,l1,M1,R,test/leuconedys/leuconedys_AMNH112713/Hoolock#leuconedys#AMNH112713#s#v#p3#l1#M1#R.jpg
test,leuconedys,1,original,Hoolock,leuconedys,AMNH112713,AMNH,p3,l1,M2,R,test/leuconedys/leuconedys_AMNH112713/Hoolock#leuconedys#AMNH112713#s#v#p3#l1#M2#R.jpg
test,leuconedys,1,original,Hoolock,leuconedys,AMNH112713,AMNH,p3,l1,M3,R,test/leuconedys/leuconedys_AMNH112713/Hoolock#leuconedys#AMNH112713#s#v#p3#l1#M3#R.jpg
test,leuconedys,1,original,Hoolock,leuconedys,AMNH112720,AMNH,p1,l1,M2,R,test/leuconedys/leuconedys_AMNH112720/Hoolock#leuconedys#AMNH112720#s#v#p1#l1#M2#R#B.jpg
test,leuconedys,1,original,Hoolock,leuconedys,AMNH112720,AMNH,p1,l1,M3,R,test/leuconedys/leuconedys_AMNH112720/Hoolock#leuconedys#AMNH112720#s#v#p1#l1#M3#R#B.jpg
test,leuconedys,1,original,Hoolock,leuconedys,AMNH112720,AMNH,p2,l1,M2,L,test/leuconedys/leuconedys_AMNH112720/Hoolock#leuconedys#AMNH112720#s#v#p2#l1#M2#L#B.jpg
test,leuconedys,1,original,Hoolock,leuconedys,AMNH112720,AMNH,p2,l1,M3,L,test/leuconedys/leuconedys_AMNH112720/Hoolock#leuconedys#AMNH112720#s#v#p2#l1#M3#L.jpg
test,leuconedys,1,original,Hoolock,leuconedys,AMNH114546,AMNH,p1,l1,M1,L,test/leuconedys/leuconedys_AMNH114546/Hoolock#leuconedys#AMNH114546#s#v#p1#l1#M1#L.jpg
test,leuconedys,1,original,Hoolock,leuconedys,AMNH114546,AMNH,p1,l1,M2,L,test/leuconedys/leuconedys_AMNH114546/Hoolock#leuconedys#AMNH114546#s#v#p1#l1#M2#L.jpg
test,leuconedys,1,original,Hoolock,leuconedys,AMNH114546,AMNH,p2,l1,M1,L,test/leuconedys/leuconedys_AMNH114546/Hoolock#leuconedys#AMNH114546#s#v#p2#l1#M1#L#B.jpg
test,leuconedys,1,original,Hoolock,leuconedys,AMNH114546,AMNH,p2,l1,M2,L,test/leuconedys/leuconedys_AMNH114546/Hoolock#leuconedys#AMNH114546#s#v#p2#l1#M2#L.jpg
test,leuconedys,1,original,Hoolock,leuconedys,AMNH114546,AMNH,p2,l1,M3,L,test/leuconedys/leuconedys_AMNH114546/Hoolock#leuconedys#AMNH114546#s#v#p2#l1#M3#L.jpg
test,leuconedys,1,original,Hoolock,leuconedys,AMNH114546,AMNH,p3,l1,M3,L,test/leuconedys/leuconedys_AMNH114546/Hoolock#leuconedys#AMNH114546#s#v#p3#l1#M3#L.jpg
test,leuconedys,1,original,Hoolock,leuconedys,KIZ011959,KIZ,p1,l1,M1,R,test/leuconedys/leuconedys_KIZ011959/Hoolock#leuconedys#KIZ011959#s#v#p1#l1#M1#R#B.jpg
test,leuconedys,1,original,Hoolock,leuconedys,KIZ011959,KIZ,p1,l1,M2,R,test/leuconedys/leuconedys_KIZ011959/Hoolock#leuconedys#KIZ011959#s#v#p1#l1#M2#R.jpg
test,leuconedys,1,original,Hoolock,leuconedys,KIZ011959,KIZ,p1,l1,M3,R,test/leuconedys/leuconedys_KIZ011959/Hoolock#leuconedys#KIZ011959#s#v#p1#l1#M3#R.jpg
test,leuconedys,1,original,Hoolock,leuconedys,KIZ011959,KIZ,p2,l1,M1,R,test/leuconedys/leuconedys_KIZ011959/Hoolock#leuconedys#KIZ011959#s#v#p2#l1#M1#R#B.jpg
test,leuconedys,1,original,Hoolock,leuconedys,KIZ011959,KIZ,p2,l1,M2,R,test/leuconedys/leuconedys_KIZ011959/Hoolock#leuconedys#KIZ011959#s#v#p2#l1#M2#R.jpg
test,leuconedys,1,original,Hoolock,leuconedys,KIZ011959,KIZ,p2,l1,M3,R,test/leuconedys/leuconedys_KIZ011959/Hoolock#leuconedys#KIZ011959#s#v#p2#l1#M3#R.jpg
test,leuconedys,1,original,Hoolock,leuconedys,KIZ011959,KIZ,p3,l1,M1,R,test/leuconedys/leuconedys_KIZ011959/Hoolock#leuconedys#KIZ011959#s#v#p3#l1#M1#R#B.jpg
test,leuconedys,1,original,Hoolock,leuconedys,KIZ011959,KIZ,p3,l1,M3,R,test/leuconedys/leuconedys_KIZ011959/Hoolock#leuconedys#KIZ011959#s#v#p3#l1#M3#R.jpg
test,leuconedys,1,original,Hoolock,leuconedys,KIZ014035,KIZ,p1,l1,M1,R,test/leuconedys/leuconedys_KIZ014035/Hoolock#leuconedys#KIZ014035#s#v#p1#l1#M1#R.jpg
test,leuconedys,1,original,Hoolock,leuconedys,KIZ014035,KIZ,p1,l1,M2,R,test/leuconedys/leuconedys_KIZ014035/Hoolock#leuconedys#KIZ014035#s#v#p1#l1#M2#R.jpg
test,leuconedys,1,original,Hoolock,leuconedys,KIZ014035,KIZ,p1,l1,M3,R,test/leuconedys/leuconedys_KIZ014035/Hoolock#leuconedys#KIZ014035#s#v#p1#l1#M3#R.jpg
test,leuconedys,1,original,Hoolock,leuconedys,KIZ014035,KIZ,p2,l1,M1,R,test/leuconedys/leuconedys_KIZ014035/Hoolock#leuconedys#KIZ014035#s#v#p2#l1#M1#R.jpg
test,leuconedys,1,original,Hoolock,leuconedys,KIZ014035,KIZ,p2,l1,M2,R,test/leuconedys/leuconedys_KIZ014035/Hoolock#leuconedys#KIZ014035#s#v#p2#l1#M2#R.jpg
test,leuconedys,1,original,Hoolock,leuconedys,KIZ014035,KIZ,p3,l1,M1,R,test/leuconedys/leuconedys_KIZ014035/Hoolock#leuconedys#KIZ014035#s#v#p3#l1#M1#R.jpg
test,leuconedys,1,original,Hoolock,leuconedys,KIZ014035,KIZ,p3,l1,M2,R,test/leuconedys/leuconedys_KIZ014035/Hoolock#leuconedys#KIZ014035#s#v#p3#l1#M2#R.jpg
test,leuconedys,1,original,Hoolock,leuconedys,MCZ26474,MCZ,p1,l1,M1,R,test/leuconedys/leuconedys_MCZ26474/Hoolock#leuconedys#MCZ26474#s#v#p1#l1#M1#R.jpg
test,leuconedys,1,original,Hoolock,leuconedys,MCZ26474,MCZ,p1,l2,M1,R,test/leuconedys/leuconedys_MCZ26474/Hoolock#leuconedys#MCZ26474#s#v#p1#l2#M1#R.jpg
test,leuconedys,1,original,Hoolock,leuconedys,MCZ26474,MCZ,p1,l2,M2,R,test/leuconedys/leuconedys_MCZ26474/Hoolock#leuconedys#MCZ26474#s#v#p1#l2#M2#R.jpg
test,leuconedys,1,original,Hoolock,leuconedys,MCZ26474,MCZ,p2,l1,M1,R,test/leuconedys/leuconedys_MCZ26474/Hoolock#leuconedys#MCZ26474#s#v#p2#l1#M1#R.jpg
test,leuconedys,1,original,Hoolock,leuconedys,MCZ26474,MCZ,p3,l1,M1,R,test/leuconedys/leuconedys_MCZ26474/Hoolock#leuconedys#MCZ26474#s#v#p3#l1#M1#R.jpg
test,leuconedys,1,original,Hoolock,leuconedys,MCZ26474,MCZ,p4,l1,M1,R,test/leuconedys/leuconedys_MCZ26474/Hoolock#leuconedys#MCZ26474#s#v#p4#l1#M1#R.jpg
test,leuconedys,1,original,Hoolock,leuconedys,MCZ26474,MCZ,p4,l1,M2,R,test/leuconedys/leuconedys_MCZ26474/Hoolock#leuconedys#MCZ26474#s#v#p4#l1#M2#R.jpg
test,leuconedys,1,original,Hoolock,leuconedys,MCZ26474,MCZ,p4,l2,M1,R,test/leuconedys/leuconedys_MCZ26474/Hoolock#leuconedys#MCZ26474#s#v#p4#l2#M1#R.jpg
test,leuconedys,1,original,Hoolock,leuconedys,MCZ26474,MCZ,p4,l3,M1,R,test/leuconedys/leuconedys_MCZ26474/Hoolock#leuconedys#MCZ26474#s#v#p4#l3#M1#R.jpg
test,leuconedys,1,original,Hoolock,leuconedys,MCZ26474,MCZ,p4,l3,M2,R,test/leuconedys/leuconedys_MCZ26474/Hoolock#leuconedys#MCZ26474#s#v#p4#l3#M2#R.jpg
test,leuconedys,1,original,Hoolock,leuconedys,MCZ26474,MCZ,p4,l4,M1,R,test/leuconedys/leuconedys_MCZ26474/Hoolock#leuconedys#MCZ26474#s#v#p4#l4#M1#R.jpg
test,leuconedys,1,original,Hoolock,leuconedys,MCZ26474,MCZ,p4,l4,M2,R,test/leuconedys/leuconedys_MCZ26474/Hoolock#leuconedys#MCZ26474#s#v#p4#l4#M2#R.jpg
test,leuconedys,1,original,Hoolock,leuconedys,MCZ26474,MCZ,p5,l1,M1,R,test/leuconedys/leuconedys_MCZ26474/Hoolock#leuconedys#MCZ26474#s#v#p5#l1#M1#R.jpg
test,leuconedys,1,original,Hoolock,leuconedys,MCZ26474,MCZ,p5,l1,M2,R,test/leuconedys/leuconedys_MCZ26474/Hoolock#leuconedys#MCZ26474#s#v#p5#l1#M2#R.jpg
test,leuconedys,1,original,Hoolock,leuconedys,MCZ26474,MCZ,p6,l1,M1,R,test/leuconedys/leuconedys_MCZ26474/Hoolock#leuconedys#MCZ26474#s#v#p6#l1#M1#R.jpg
test,leuconedys,1,original,Hoolock,leuconedys,MCZ26474,MCZ,p6,l1,M2,R,test/leuconedys/leuconedys_MCZ26474/Hoolock#leuconedys#MCZ26474#s#v#p6#l1#M2#R.jpg
